동네,시군구,번지,건물명,위도,경도,전월세구분,전용면적(㎡),층,보증금(만원),월세금(만원),건축년도
역삼,서울특별시 강남구 역삼동,766-7,예원하이빌,37.49988,127.03856,전세,29.3150,3,"27,000",0,2000
역삼,서울특별시 강남구 역삼동,777-40,(777-40),37.49988,127.03856,전세,34.3100,4,"16,000",0,1996
역삼,서울특별시 강남구 역삼동,752-44,하우스안,37.49988,127.03856,월세,17.0100,4,"2,000",56,2014
역삼,서울특별시 강남구 역삼동,792-33,서담villageA,37.49988,127.03856,월세,29.6100,4,"17,000",87,2018
건대입구,서울특별시 광진구 구의동,56-15,선경주택,37.5444896,127.0874678,전세,77.8800,3,"32,000",0,2001
성수,서울특별시 성동구 성수동2가,289-149,청운,37.54048,127.05601,월세,17.5200,3,"1,000",53,2012
홍대,서울특별시 마포구 상수동,333-15,미주빌1차,37.54743,126.92473,월세,23.2300,3,"13,000",15,2008
홍대,서울특별시 마포구 서교동,247-177,두두빌,37.5550711,126.9238244,월세,16.5000,2,"8,722",5,2012
건대입구,서울특별시 광진구 화양동,36-22,더하임,37.54408,127.06895,전세,29.8200,2,"30,000",0,2026
홍대,서울특별시 마포구 서교동,475-30,휴먼스빌,37.5550711,126.9238244,전세,18.3600,2,"13,230",0,2012
수유,서울특별시 강북구 수유동,86-2,스마트명가,37.636597,127.0043825,월세,30.1400,4,"1,500",123,2022
수유,서울특별시 강북구 수유동,313-6,홍원하이빌강북7,37.636597,127.0043825,월세,24.0900,5,"5,811",5,2021
건대입구,서울특별시 광진구 자양동,632-1,어반엘632,37.5316905,127.0749477,전세,21.2000,4,"26,000",0,2026
노원,서울특별시 노원구 상계동,135-90,(135-90),37.66727,127.07242,월세,40.4400,1,"12,000",30,1989
건대입구,서울특별시 광진구 구의동,225-49,(225-49),37.5444896,127.0874678,월세,53.7700,1,"1,000",48,2003
합정,서울특별시 마포구 합정동,395-9,람세스텔,37.5477846,126.9095636,월세,12.4300,3,"3,000",50,2013
건대입구,서울특별시 광진구 구의동,596-11,힐카운티11,37.5444896,127.0874678,월세,26.5500,6,"25,000",10,2017
신촌,서울특별시 서대문구 창천동,369,아트빌리지2,37.5587663,126.9342407,월세,19.0800,2,"1,000",75,2012
합정,서울특별시 마포구 합정동,429-54,이에스에듀포레,37.5477846,126.9095636,전세,32.6500,5,"39,000",0,2022
합정,서울특별시 마포구 합정동,439-1,삼환빌라맨션,37.5477846,126.9095636,전세,81.9200,1,"40,000",0,1983
건대입구,서울특별시 광진구 자양동,687-23,태영빌라,37.5316905,127.0749477,월세,32.0100,5,"10,000",47,2007
건대입구,서울특별시 광진구 자양동,683-19,강변리치빌,37.5316905,127.0749477,월세,66.4800,3,"25,000",40,2009
건대입구,서울특별시 광진구 자양동,643-3,리시안,37.5316905,127.0749477,전세,21.2800,5,"18,000",0,2016
건대입구,서울특별시 광진구 자양동,624,향기빌리지,37.5316905,127.0749477,전세,29.0400,2,"28,000",0,2019
건대입구,서울특별시 광진구 자양동,58-5,리베르떼자양,37.5316905,127.0749477,전세,29.9700,2,"28,000",0,2020
건대입구,서울특별시 광진구 자양동,16-39,(16-39),37.5316905,127.0749477,전세,20.9800,4,"30,000",0,2026
청량리,서울특별시 동대문구 청량리동,19-8,선향빌라,37.5882073,127.0462518,월세,92.2600,2,"1,500",53,2004
사당,서울특별시 동작구 사당동,235-63,엠펠리스,37.48508,126.9704949,월세,52.1300,2,"10,000",120,2020
사당,서울특별시 동작구 사당동,1038-4,세왕맨션,37.48508,126.9704949,전세,72.2000,3,"1,000",0,2000
사당,서울특별시 동작구 사당동,427-28,선일아트빌라,37.48508,126.9704949,전세,58.0500,1,"29,000",0,1991
사당,서울특별시 동작구 사당동,316-86,진영아트빌,37.48508,126.9704949,전세,55.2100,-1,"25,000",0,2002
사당,서울특별시 동작구 사당동,278,진영아트빌나동,37.48508,126.9704949,월세,63.1000,3,"1,000",100,2003
신림,서울특별시 관악구 신림동,533-14,J헤븐빌,37.486897,126.928177,월세,12.0700,2,"1,000",52,2015
신림,서울특별시 관악구 신림동,547-22,엘시티,37.486897,126.928177,월세,19.2000,3,"2,000",75,2013
신림,서울특별시 관악구 신림동,98-361,동신2차,37.486897,126.928177,월세,46.5300,3,500,45,1991
신림,서울특별시 관악구 신림동,92-200,제일빌라(92-200),37.486897,126.928177,전세,30.9200,1,"11,000",0,1991
홍대,서울특별시 마포구 서교동,449-21,동궁빌라,37.5550711,126.9238244,월세,30.3100,4,"18,000",40,2012
건대입구,서울특별시 광진구 구의동,60-67,60-67,37.5444896,127.0874678,월세,29.9900,3,"10,000",85,2016
상도,서울특별시 동작구 상도동,17-59,용선아트빌,37.4988159,126.9441045,월세,19.3600,4,"1,000",65,2013
신림,서울특별시 관악구 신림동,10-357,(10-357),37.486897,126.928177,월세,49.3000,3,32,193,1991
상도,서울특별시 동작구 상도동,259-61,푸른숲하우스,37.4988159,126.9441045,월세,29.8400,4,"13,500",32,2015
상도,서울특별시 동작구 상도동,202-180,이에스하임6차,37.4988159,126.9441045,전세,27.6000,3,"25,000",0,2017
상도,서울특별시 동작구 상도동,244-29,다인캐슬2차,37.4988159,126.9441045,전세,36.7800,6,"47,700",0,2019
청량리,서울특별시 동대문구 청량리동,205-759,삼호빌,37.5882073,127.0462518,전세,69.0300,4,"27,000",0,2012
건대입구,서울특별시 광진구 구의동,78-48,구의동연리지,37.5444896,127.0874678,월세,35.5900,5,"12,000",50,2016
건대입구,서울특별시 광진구 자양동,225-26,금강아트빌라,37.5316905,127.0749477,전세,66.7100,1,"36,700",0,1998
건대입구,서울특별시 광진구 자양동,609-4,(609-4),37.5316905,127.0749477,월세,21.9000,5,"1,000",57,2016
건대입구,서울특별시 광진구 자양동,16-15,플레이스자양2차,37.5316905,127.0749477,월세,25.8200,3,500,135,2026
신림,서울특별시 관악구 신림동,10-584,(10-584),37.486897,126.928177,월세,91.0500,3,"1,000",63,2006
신림,서울특별시 관악구 신림동,598-108,성화주택다,37.486897,126.928177,전세,52.3800,-1,"9,700",0,1993
역삼,서울특별시 강남구 역삼동,658,(658),37.49988,127.03856,월세,77.1500,3,"15,000",162,2002
역삼,서울특별시 강남구 역삼동,766-1,ACROSVILL,37.49988,127.03856,전세,60.7400,1,"15,000",0,2002
역삼,서울특별시 강남구 역삼동,781-24,(781-24),37.49988,127.03856,월세,28.4500,1,"2,000",56,2003
역삼,서울특별시 강남구 역삼동,794-14,원형빌라,37.49988,127.03856,전세,82.1100,3,"55,000",0,1990
성수,서울특별시 성동구 성수동2가,321-58,하나빌리지,37.54048,127.05601,전세,29.5700,4,"24,500",0,2012
성수,서울특별시 성동구 성수동2가,289-80,성수하이츠빌(289-80),37.54048,127.05601,전세,71.5800,4,"54,000",0,2002
왕십리,서울특별시 성동구 행당동,1-76,태성,37.55783,127.03571,월세,21.2400,3,"1,000",70,2003
신촌,서울특별시 서대문구 창천동,406,(406-0),37.5587663,126.9342407,월세,14.7500,2,"1,000",60,2013
노원,서울특별시 노원구 공릉동,401-6,해오름.F,37.6302152,127.0872902,월세,12.9600,4,"2,000",37,2013
역삼,서울특별시 강남구 역삼동,695-12,역삼아르떼,37.49988,127.03856,전세,29.9700,4,"46,000",0,2020
건대입구,서울특별시 광진구 구의동,208-61,(208-61),37.5444896,127.0874678,전세,41.0900,3,"25,000",0,2003
역삼,서울특별시 강남구 역삼동,745-35,다올2차,37.49988,127.03856,전세,29.9000,6,"36,000",0,2019
역삼,서울특별시 강남구 역삼동,728-51,다올하우스,37.49988,127.03856,전세,29.0300,4,"32,550",0,2018
역삼,서울특별시 강남구 역삼동,752-13,일성,37.49988,127.03856,월세,16.2600,3,"1,000",75,2011
건대입구,서울특별시 광진구 구의동,69-1,제이캐슬,37.5444896,127.0874678,월세,41.8500,5,"35,500",49,2020
역삼,서울특별시 강남구 역삼동,792-24,(792-24),37.49988,127.03856,월세,47.3600,4,"15,000",11,2002
신림,서울특별시 관악구 신림동,1741,풍원하임빌,37.486897,126.928177,월세,31.0250,5,"24,000",26,2018
건대입구,서울특별시 광진구 구의동,47-28,일성파크빌라,37.5444896,127.0874678,전세,61.3900,1,"22,000",0,1991
회기,서울특별시 동대문구 회기동,16-36,(16-36),37.59433,127.05178,월세,12.2850,4,"1,000",52,2013
회기,서울특별시 동대문구 회기동,16-36,(16-36),37.59433,127.05178,월세,12.2850,4,"1,000",52,2013
상도,서울특별시 동작구 상도동,356-110,금산빌,37.4988159,126.9441045,월세,29.8000,2,"3,000",110,2016
상도,서울특별시 동작구 상도동,211-440,211-440,37.4988159,126.9441045,월세,29.5300,3,"20,530",25,2016
상도,서울특별시 동작구 상도동,242-92,해피하우스(242-92),37.4988159,126.9441045,월세,14.0100,4,500,49,2013
상도,서울특별시 동작구 상도동,17-59,용선아트빌,37.4988159,126.9441045,월세,19.3600,5,"1,000",65,2013
사당,서울특별시 동작구 사당동,142-38,솔라빌,37.48508,126.9704949,전세,28.4700,3,"31,000",0,2025
사당,서울특별시 동작구 사당동,1049-18,디에스타운6차,37.48508,126.9704949,전세,43.2100,5,"40,000",0,2021
사당,서울특별시 동작구 사당동,217-15,자가자찬,37.48508,126.9704949,전세,29.0200,3,"24,000",0,2018
사당,서울특별시 동작구 사당동,1035-16,천금하우스,37.48508,126.9704949,월세,12.9500,2,"1,000",33,2018
합정,서울특별시 마포구 합정동,453-11,이에스한강포레A,37.5477846,126.9095636,전세,26.7600,5,"26,250",0,2024
사당,서울특별시 동작구 사당동,1048-41,에덴-3,37.48508,126.9704949,전세,39.6000,4,"30,000",0,2017
건대입구,서울특별시 광진구 구의동,241-82,세종아트빌,37.5444896,127.0874678,전세,54.6100,5,"31,500",0,2002
합정,서울특별시 마포구 합정동,453-11,이에스한강포레A,37.5477846,126.9095636,전세,26.7600,5,"26,250",0,2024
건대입구,서울특별시 광진구 구의동,591-22,강변리버빌,37.5444896,127.0874678,월세,29.0300,2,"23,000",20,2016
건대입구,서울특별시 광진구 자양동,197-12,미산빌17차,37.5316905,127.0749477,전세,29.6400,2,"30,000",0,2022
건대입구,서울특별시 광진구 자양동,52-200,랜드마크,37.5316905,127.0749477,전세,30.0100,2,"27,000",0,2016
건대입구,서울특별시 광진구 자양동,197-7,(197-7),37.5316905,127.0749477,전세,29.6100,3,"20,900",0,2016
건대입구,서울특별시 광진구 자양동,647-33,(647-33),37.5316905,127.0749477,전세,43.2900,3,"25,350",0,2014
건대입구,서울특별시 광진구 자양동,4-4,(4-4),37.5316905,127.0749477,월세,16.7050,2,500,63,2013
건대입구,서울특별시 광진구 자양동,857,도시엔,37.5316905,127.0749477,월세,13.3800,5,"1,000",67,2011
건대입구,서울특별시 광진구 자양동,598-20,598-20,37.5316905,127.0749477,전세,30.4200,3,"18,900",0,2008
건대입구,서울특별시 광진구 자양동,589-19,부광아트빌라,37.5316905,127.0749477,월세,34.7400,2,"15,000",45,1990
건대입구,서울특별시 광진구 자양동,226-13,로얄하이츠(빌라),37.5316905,127.0749477,월세,53.9600,1,"15,000",75,2001
청량리,서울특별시 동대문구 청량리동,46-18,가단빌라,37.5882073,127.0462518,전세,52.9800,4,"24,000",0,2002
건대입구,서울특별시 광진구 화양동,17-53,IRIS,37.54408,127.06895,전세,17.1000,3,"12,600",0,2012
신촌,서울특별시 서대문구 창천동,4-101,(4-101),37.5587663,126.9342407,월세,12.4700,3,500,80,2011
상도,서울특별시 동작구 상도동,299-168,리치빌(299-168),37.4988159,126.9441045,월세,19.4500,3,"9,000",33,2012
신촌,서울특별시 서대문구 창천동,413,골든타운,37.5587663,126.9342407,월세,45.0600,3,"1,000",155,2016
상도,서울특별시 동작구 상도동,283-104,동양맨션2차,37.4988159,126.9441045,월세,75.6600,-1,"3,000",55,2002
수유,서울특별시 강북구 수유동,569-39,송정지가A,37.636597,127.0043825,전세,29.7600,3,"20,600",0,2021
홍대,서울특별시 마포구 서교동,342-7,MONAD,37.5550711,126.9238244,월세,24.0800,2,"2,100",55,2002
상도,서울특별시 동작구 상도동,279-586,대성하이빌라B동,37.4988159,126.9441045,월세,41.1600,2,"17,000",30,1991
상도,서울특별시 동작구 상도동,244-76,보성하이츠빌라,37.4988159,126.9441045,월세,42.5400,2,"12,000",27,1990
신림,서울특별시 관악구 신림동,1475-23,미성엘리트,37.486897,126.928177,월세,15.6400,5,"3,000",33,2013
신림,서울특별시 관악구 신림동,1481-18,성창빌라,37.486897,126.928177,전세,47.6500,2,"17,500",0,1991
신림,서울특별시 관악구 신림동,610-36,우주빌라,37.486897,126.928177,월세,39.3600,2,"14,000",15,1990
성수,서울특별시 성동구 성수동2가,321-61,321-61,37.54048,127.05601,전세,25.8800,2,"25,400",0,2017
신림,서울특별시 관악구 신림동,102-47,(102-47),37.486897,126.928177,월세,36.5100,2,"10,000",25,1986
홍대,서울특별시 마포구 상수동,354-6,아름다운공간,37.54743,126.92473,전세,27.6900,4,"24,800",0,2017
신림,서울특별시 관악구 신림동,87-32,(87-32),37.486897,126.928177,월세,37.8900,2,"14,200",45,2002
신림,서울특별시 관악구 신림동,1430-2,한일하이빌,37.486897,126.928177,월세,24.6600,7,"1,000",30,2013
신림,서울특별시 관악구 신림동,1680-7,한나래(1680-7),37.486897,126.928177,월세,29.7800,5,"2,000",105,2017
신림,서울특별시 관악구 신림동,10-426,동문타운B,37.486897,126.928177,월세,38.3700,3,"10,000",33,1995
건대입구,서울특별시 광진구 구의동,208-61,(208-61),37.5444896,127.0874678,전세,41.0900,3,"25,000",0,2003
사당,서울특별시 동작구 사당동,180-32,대림,37.48508,126.9704949,월세,35.8200,2,"12,000",20,1990
사당,서울특별시 동작구 사당동,243,남성,37.48508,126.9704949,월세,41.8200,4,"15,000",15,1997
사당,서울특별시 동작구 사당동,440-9,한아름맨션(440-9),37.48508,126.9704949,전세,49.5500,4,"30,000",0,2001
신림,서울특별시 관악구 신림동,547-22,엘시티,37.486897,126.928177,월세,13.0200,4,"10,000",15,2013
신림,서울특별시 관악구 신림동,570-24,행복타운,37.486897,126.928177,월세,74.6000,5,"3,000",130,2008
신림,서울특별시 관악구 신림동,610-232,수정2차,37.486897,126.928177,전세,36.3000,1,"10,700",0,1993
신림,서울특별시 관악구 신림동,408-17,(408-17),37.486897,126.928177,월세,43.5800,3,"13,000",45,2002
건대입구,서울특별시 광진구 화양동,33-5,(33-5),37.54408,127.06895,월세,29.8900,3,"1,000",130,2020
신촌,서울특별시 서대문구 창천동,112-23,ATELIERMOKEN,37.5587663,126.9342407,월세,17.4310,8,500,162,2021
건대입구,서울특별시 광진구 자양동,57-105,드림리버뷰,37.5316905,127.0749477,월세,22.6500,4,"10,000",45,2019
신촌,서울특별시 서대문구 창천동,62-18,(62-18),37.5587663,126.9342407,월세,12.1400,5,"2,000",58,2011
신촌,서울특별시 서대문구 창천동,412,무지개타운,37.5587663,126.9342407,월세,70.8600,4,"1,000",150,2003
홍대,서울특별시 마포구 서교동,469-69,서교주택,37.5550711,126.9238244,월세,39.9600,-1,"2,000",150,1993
역삼,서울특별시 강남구 역삼동,690-40,아이힐,37.49988,127.03856,전세,28.7100,5,"29,000",0,2016
역삼,서울특별시 강남구 역삼동,796-1,리치웰빌라트3차,37.49988,127.03856,월세,26.5700,4,"20,000",40,2019
역삼,서울특별시 강남구 역삼동,704-14,한스빌라,37.49988,127.03856,월세,117.6400,3,"20,000",290,1994
홍대,서울특별시 마포구 상수동,93-62,(93-62),37.54743,126.92473,월세,38.1400,3,"5,000",53,2002
홍대,서울특별시 마포구 서교동,473-53,레이크빌,37.5550711,126.9238244,월세,27.7200,-1,"1,000",41,2001
합정,서울특별시 마포구 합정동,457-29,동서빌라가동,37.5477846,126.9095636,월세,54.2800,3,"28,000",13,1992
노원,서울특별시 노원구 중계동,168-9,한신월드타운(168-9),37.6509815,127.0810259,전세,59.9900,2,"21,000",0,2011
노원,서울특별시 노원구 상계동,349-15,(349-15),37.66727,127.07242,전세,28.8400,2,"13,000",0,2014
수유,서울특별시 강북구 수유동,440-25,서림맨션,37.636597,127.0043825,월세,29.7250,2,"2,000",70,2015
신촌,서울특별시 서대문구 대현동,90-41,(90-41),37.56058,126.94496,월세,14.0400,8,"3,000",55,2015
홍대,서울특별시 마포구 동교동,153-6,동교빌라,37.5571419,126.9261901,전세,90.9000,2,"34,000",0,1983
홍대,서울특별시 마포구 동교동,204-24,에이스빌,37.5571419,126.9261901,월세,14.7200,3,500,59,2011
안암,서울특별시 성북구 안암동1가,10-1,(10-1),37.58774,127.02097,월세,12.8500,2,"3,000",40,2013
성수,서울특별시 성동구 성수동1가,656-1080,베스트하우스,37.5435,127.03742,월세,28.4250,2,"3,000",98,2017
성수,서울특별시 성동구 성수동2가,299-105,(299-105),37.54048,127.05601,전세,21.6800,6,"20,000",0,2016
상도,서울특별시 동작구 상도동,244-221,미도빌라(244-221),37.4988159,126.9441045,월세,38.1600,1,"13,000",3,1986
상도,서울특별시 동작구 상도동,244-353,인성주택다동,37.4988159,126.9441045,전세,29.7000,-1,"13,000",0,1986
상도,서울특별시 동작구 상도동,210-195,모건쉐르빌,37.4988159,126.9441045,월세,29.3400,4,"18,000",20,2012
상도,서울특별시 동작구 상도동,203-20,더그린3차,37.4988159,126.9441045,월세,34.7200,4,"20,000",20,2013
상도,서울특별시 동작구 상도동,496-18,무경하우스,37.4988159,126.9441045,월세,12.4900,4,"3,000",50,2016
건대입구,서울특별시 광진구 자양동,512-7,자양빌라(512-7),37.5316905,127.0749477,월세,41.1200,-1,"1,000",60,1988
노원,서울특별시 노원구 월계동,465-16,(465-16),37.6298479,127.0541062,월세,29.1300,5,500,30,2012
노원,서울특별시 노원구 상계동,188-10,피스플하우스B동,37.66727,127.07242,전세,37.1400,2,"21,000",0,2018
노원,서울특별시 노원구 상계동,1053,시온빌라트,37.66727,127.07242,전세,59.7100,4,"32,277",0,2021
안암,서울특별시 성북구 안암동5가,103-25,대륜빌딩,37.5887938,127.0300906,월세,14.0000,5,"1,000",65,2019
안암,서울특별시 성북구 안암동5가,41-35,(41-35),37.5887938,127.0300906,월세,24.6000,1,"1,000",93,1992
왕십리,서울특별시 성동구 도선동,414,에버빌,37.56322,127.03311,월세,21.9500,5,"2,000",105,2019
합정,서울특별시 마포구 합정동,395-9,람세스텔,37.5477846,126.9095636,월세,12.4300,3,"2,000",55,2013
합정,서울특별시 마포구 합정동,433-27,합정쉐르빌,37.5477846,126.9095636,전세,20.1600,1,"14,000",0,2008
공덕,서울특별시 마포구 공덕동,111-201,벨로하우스공덕,37.549927,126.9592897,전세,28.3800,11,"32,700",0,2019
건대입구,서울특별시 광진구 화양동,2-22,비다펠리즈,37.54408,127.06895,월세,15.2000,9,"3,000",81,2021
성수,서울특별시 성동구 성수동1가,656-1804,영동주택4동,37.5435,127.03742,전세,36.6600,1,"25,000",0,1990
건대입구,서울특별시 광진구 화양동,2-22,비다펠리즈,37.54408,127.06895,월세,15.2000,9,"3,000",81,2021
합정,서울특별시 마포구 합정동,391-2,고려빌라트,37.5477846,126.9095636,월세,126.6100,2,79,79,1992
건대입구,서울특별시 광진구 구의동,21-5,SK빌리지(21-5),37.5444896,127.0874678,전세,72.7200,3,"30,000",0,2002
건대입구,서울특별시 광진구 구의동,257-38,하임빌라,37.5444896,127.0874678,월세,54.5100,1,"22,000",20,1996
상도,서울특별시 동작구 상도동,299-50,(299-50),37.4988159,126.9441045,전세,41.2200,1,"19,950",0,1998
상도,서울특별시 동작구 상도동,17-56,위너스힐,37.4988159,126.9441045,월세,20.6500,5,"6,000",52,2011
상도,서울특별시 동작구 상도동,256-180,맨하탄하우징(256-180),37.4988159,126.9441045,월세,59.7000,5,"2,000",126,2019
건대입구,서울특별시 광진구 구의동,226-2,KS홈타운,37.5444896,127.0874678,월세,46.6600,5,"35,900",10,2016
건대입구,서울특별시 광진구 구의동,226-2,KS홈타운,37.5444896,127.0874678,월세,46.6600,5,"33,300",22,2016
건대입구,서울특별시 광진구 구의동,66-34,66-34,37.5444896,127.0874678,월세,48.5600,4,"40,000",10,2020
역삼,서울특별시 강남구 역삼동,782-2,다원하이빌,37.49988,127.03856,전세,34.0600,5,"35,700",0,2022
역삼,서울특별시 강남구 역삼동,648-1,강남IBC오피스텔,37.49988,127.03856,월세,21.1200,13,"1,000",92,1987
역삼,서울특별시 강남구 역삼동,792-7,마이플레이스,37.49988,127.03856,전세,27.8200,4,"32,000",0,2018
역삼,서울특별시 강남구 역삼동,724-47,쥴리엣,37.49988,127.03856,월세,23.9700,4,300,90,2002
신림,서울특별시 관악구 신림동,533-14,J헤븐빌,37.486897,126.928177,월세,24.1400,4,"1,000",50,2015
신림,서울특별시 관악구 신림동,1488-18,메트로타운8차,37.486897,126.928177,월세,40.8200,2,"24,000",45,2017
회기,서울특별시 동대문구 회기동,3-140,민족통일MJ캠퍼스경희대3차,37.59433,127.05178,월세,35.1000,4,"2,000",140,2023
신림,서울특별시 관악구 신림동,510-20,T&K신림Ⅲ,37.486897,126.928177,월세,38.8900,2,"5,685",19,2023
신림,서울특별시 관악구 신림동,510-20,T&K신림Ⅲ,37.486897,126.928177,월세,37.9000,2,"3,923",28,2023
수유,서울특별시 강북구 수유동,170-3,은진스톤하우스26차,37.636597,127.0043825,월세,53.6100,1,"12,500",28,2001
수유,서울특별시 강북구 수유동,486-783,우광타운(17),37.636597,127.0043825,월세,30.5800,2,"8,000",20,1989
수유,서울특별시 강북구 수유동,535-6,"동인주택(가,나)",37.636597,127.0043825,전세,50.2800,1,"11,000",0,1987
수유,서울특별시 강북구 수유동,553-70,대도맨션B동,37.636597,127.0043825,전세,59.4000,1,"13,900",0,2001
수유,서울특별시 강북구 수유동,698-8,The이도,37.636597,127.0043825,월세,52.4400,4,"21,500",10,2016
건대입구,서울특별시 광진구 자양동,227-97,월튼파크뷰3차,37.5316905,127.0749477,전세,28.6600,7,"30,000",0,2018
건대입구,서울특별시 광진구 자양동,512-7,자양빌라(512-7),37.5316905,127.0749477,월세,41.1200,-1,"1,000",60,1988
합정,서울특별시 마포구 합정동,453-11,이에스한강포레A,37.5477846,126.9095636,전세,29.5900,2,"31,500",0,2024
사당,서울특별시 동작구 사당동,176-38,대창빌라5동,37.48508,126.9704949,전세,40.4100,2,"16,000",0,1988
공덕,서울특별시 마포구 신공덕동,2-304,공덕파크뷰,37.5447,126.95606,전세,28.8200,6,"28,900",0,2021
상도,서울특별시 동작구 상도동,7-45,이노시티빌,37.4988159,126.9441045,월세,25.5400,5,"3,754",8,2021
수유,서울특별시 강북구 수유동,313-6,홍원하이빌강북7,37.636597,127.0043825,월세,27.0300,5,"1,020",29,2021
수유,서울특별시 강북구 수유동,313-6,홍원하이빌강북7,37.636597,127.0043825,월세,26.4000,4,"1,127",30,2021
수유,서울특별시 강북구 수유동,535-211,동진별장빌라,37.636597,127.0043825,전세,46.4400,2,"12,000",0,1986
수유,서울특별시 강북구 수유동,291-59,홍원하이빌강북6,37.636597,127.0043825,월세,21.4000,2,"1,035",23,2021
사당,서울특별시 동작구 사당동,1050-15,어반팰리스사당,37.48508,126.9704949,전세,29.3500,1,"32,000",0,2024
사당,서울특별시 동작구 사당동,232,(232-0),37.48508,126.9704949,전세,50.7100,2,"23,000",0,2010
역삼,서울특별시 강남구 역삼동,752-19,752-19,37.49988,127.03856,전세,26.9400,3,"15,000",0,1990
역삼,서울특별시 강남구 역삼동,766-10,풍성애뜨란,37.49988,127.03856,전세,25.6900,4,"36,700",0,2018
역삼,서울특별시 강남구 역삼동,778-7,제이원빌,37.49988,127.03856,월세,29.9800,3,"29,500",4,2014
건대입구,서울특별시 광진구 자양동,16-39,(16-39),37.5316905,127.0749477,전세,24.8100,2,"30,000",0,2026
건대입구,서울특별시 광진구 자양동,603-7,대원캐슬7차,37.5316905,127.0749477,전세,29.9300,2,"34,000",0,2023
역삼,서울특별시 강남구 역삼동,778-7,제이원빌,37.49988,127.03856,월세,29.9800,3,"29,500",4,2014
역삼,서울특별시 강남구 역삼동,811-11,성진빌라트,37.49988,127.03856,월세,50.5200,3,"20,000",75,2000
역삼,서울특별시 강남구 역삼동,695-4,산마리노,37.49988,127.03856,월세,45.1400,1,"5,000",83,2002
역삼,서울특별시 강남구 역삼동,690-12,에벤에셀,37.49988,127.03856,월세,75.4600,4,"5,000",215,2003
노원,서울특별시 노원구 공릉동,121,태릉현대홈타운스위트2단지,37.6302152,127.0872902,전세,120.0610,2,"75,240",0,2004
노원,서울특별시 노원구 상계동,442-23,(442-23),37.66727,127.07242,월세,41.5800,1,"1,000",55,1986
노원,서울특별시 노원구 상계동,1048-4,대한빌,37.66727,127.07242,전세,61.3100,3,"13,000",0,2002
노원,서울특별시 노원구 상계동,1387-5,가토빌라,37.66727,127.07242,전세,61.2300,2,"12,000",0,1997
건대입구,서울특별시 광진구 자양동,57-97,랜드마크Ⅱ,37.5316905,127.0749477,전세,22.1200,5,"30,000",0,2022
건대입구,서울특별시 광진구 자양동,221-4,(221-4),37.5316905,127.0749477,전세,29.8200,2,"24,000",0,2018
합정,서울특별시 마포구 합정동,426-11,채운캐슬,37.5477846,126.9095636,전세,27.1200,3,"28,140",0,2018
사당,서울특별시 동작구 사당동,235-34,(235-34),37.48508,126.9704949,전세,54.5400,1,"19,000",0,1977
합정,서울특별시 마포구 합정동,439-7,MAIBAUMHapjeongB,37.5477846,126.9095636,월세,15.7400,5,"1,000",68,2013
합정,서울특별시 마포구 합정동,390-14,벨라비스타,37.5477846,126.9095636,월세,17.3140,4,"3,000",85,2012
합정,서울특별시 마포구 합정동,386-34,유진,37.5477846,126.9095636,월세,67.6800,4,"40,500",16,2010
건대입구,서울특별시 광진구 구의동,218-29,대성아트빌라,37.5444896,127.0874678,월세,40.8400,2,"18,000",40,1995
건대입구,서울특별시 광진구 자양동,669-12,하우젠포레(669-12),37.5316905,127.0749477,전세,31.2600,4,"29,500",0,2017
건대입구,서울특별시 광진구 자양동,768-6,진주타운2차,37.5316905,127.0749477,전세,66.5900,3,"27,800",0,1991
공덕,서울특별시 마포구 신공덕동,6-10,어반하우스,37.5447,126.95606,전세,29.7100,2,"33,000",0,2015
합정,서울특별시 마포구 합정동,457-20,동서빌라나동,37.5477846,126.9095636,전세,58.2000,2,"31,000",0,1992
건대입구,서울특별시 광진구 자양동,688-4,미성빌라,37.5316905,127.0749477,전세,60.3000,1,"25,000",0,1992
건대입구,서울특별시 광진구 구의동,21-37,온새미르,37.5444896,127.0874678,전세,41.5300,3,"31,800",0,2017
건대입구,서울특별시 광진구 구의동,207-9,힐알펜시아,37.5444896,127.0874678,월세,40.3000,3,"27,550",5,2020
건대입구,서울특별시 광진구 구의동,207-9,힐알펜시아,37.5444896,127.0874678,월세,20.6400,4,"2,000",75,2020
안암,서울특별시 성북구 안암동5가,103-25,대륜빌딩,37.5887938,127.0300906,월세,16.4100,6,"1,000",74,2019
신림,서울특별시 관악구 신림동,409-184,건영빌라(409-184),37.486897,126.928177,전세,39.1200,2,"16,000",0,1992
신림,서울특별시 관악구 신림동,409-184,건영빌라(409-184),37.486897,126.928177,전세,39.1200,2,"16,000",0,1992
신림,서울특별시 관악구 신림동,598-17,신흥빌라(598-17),37.486897,126.928177,월세,50.1600,2,"13,000",10,1989
신림,서울특별시 관악구 신림동,1503-2,(1503-2),37.486897,126.928177,월세,49.1800,3,"5,000",70,2002
신림,서울특별시 관악구 신림동,1665-3,쉐르빌,37.486897,126.928177,월세,15.6400,2,"1,000",55,2013
건대입구,서울특별시 광진구 구의동,638-3,더엘,37.5444896,127.0874678,월세,26.2300,3,"2,205",23,2023
홍대,서울특별시 마포구 서교동,464-57,아띠끄빌,37.5550711,126.9238244,월세,28.9500,4,"15,000",52,2014
신림,서울특별시 관악구 신림동,533-14,J헤븐빌,37.486897,126.928177,월세,24.1400,5,"2,000",50,2015
신림,서울특별시 관악구 신림동,87-1,어반팰리스(6~7동),37.486897,126.928177,전세,49.5100,3,"30,990",0,2018
신림,서울특별시 관악구 신림동,1439-2,펠릭스,37.486897,126.928177,전세,66.7600,7,"5,000",0,2019
성수,서울특별시 성동구 성수동1가,656-1041,뚝섬리치빌A동,37.5435,127.03742,전세,28.4000,3,"28,050",0,2017
성수,서울특별시 성동구 성수동1가,656-1041,뚝섬리치빌A동,37.5435,127.03742,월세,28.4000,3,"27,000",6,2017
성수,서울특별시 성동구 성수동1가,656-1041,뚝섬리치빌A동,37.5435,127.03742,월세,28.4000,3,"27,000",6,2017
성수,서울특별시 성동구 성수동1가,656-1041,뚝섬리치빌A동,37.5435,127.03742,월세,28.4000,3,"27,000",6,2017
홍대,서울특별시 마포구 서교동,475-39,(475-39),37.5550711,126.9238244,전세,15.4400,3,"9,900",0,2012
홍대,서울특별시 마포구 서교동,482-27,(482-27),37.5550711,126.9238244,전세,19.7600,3,"11,800",0,2002
홍대,서울특별시 마포구 서교동,482-27,(482-27),37.5550711,126.9238244,전세,19.7600,3,"12,000",0,2002
홍대,서울특별시 마포구 서교동,399-6,studioville서교,37.5550711,126.9238244,전세,29.0800,3,"10,400",0,2002
역삼,서울특별시 강남구 역삼동,660-26,스카이빌,37.49988,127.03856,월세,54.9300,2,"1,000",85,2001
역삼,서울특별시 강남구 역삼동,732-33,네오빌(732-33),37.49988,127.03856,전세,26.6000,2,"12,000",0,2001
역삼,서울특별시 강남구 역삼동,792-24,(792-24),37.49988,127.03856,전세,48.9100,5,"16,500",0,2002
역삼,서울특별시 강남구 역삼동,793-2,(793-2),37.49988,127.03856,월세,30.5900,2,"12,000",30,2002
역삼,서울특별시 강남구 역삼동,782-26,아르테빌,37.49988,127.03856,월세,25.2200,2,100,72,2020
역삼,서울특별시 강남구 역삼동,777-11,백년빌,37.49988,127.03856,월세,33.0400,5,"7,828",17,2021
역삼,서울특별시 강남구 역삼동,778-19,백년빌,37.49988,127.03856,월세,29.9200,2,"1,526",41,2021
역삼,서울특별시 강남구 역삼동,751-8,버베나하우스(A),37.49988,127.03856,전세,29.4710,5,"37,000",0,2021
역삼,서울특별시 강남구 역삼동,834-112,블랙스완,37.49988,127.03856,월세,25.1300,2,"1,000",77,2021
역삼,서울특별시 강남구 역삼동,782,두산위브파빌리온역삼,37.49988,127.03856,월세,47.0710,5,"5,000",340,2025
건대입구,서울특별시 광진구 구의동,227-38,덕원빌라,37.5444896,127.0874678,전세,40.0200,2,"22,700",0,2016
건대입구,서울특별시 광진구 구의동,225-39,(225-39),37.5444896,127.0874678,전세,52.5000,2,"24,308",0,2005
신림,서울특별시 관악구 신림동,1591-4,다온빌,37.486897,126.928177,월세,29.0200,2,"2,000",110,2022
신림,서울특별시 관악구 신림동,630-7,아름채,37.486897,126.928177,전세,41.6100,3,"26,200",0,2015
신림,서울특별시 관악구 신림동,409-96,(409-96),37.486897,126.928177,전세,16.8300,4,"15,000",0,2013
신림,서울특별시 관악구 신림동,610-76,아원빌,37.486897,126.928177,전세,48.2400,3,"20,000",0,2012
신림,서울특별시 관악구 신림동,409-260,(409-260),37.486897,126.928177,월세,34.5000,-1,700,50,1990
건대입구,서울특별시 광진구 자양동,513-8,무지개빌라B동,37.5316905,127.0749477,전세,41.7300,1,"26,100",0,1992
건대입구,서울특별시 광진구 자양동,6-5,(6-5),37.5316905,127.0749477,월세,43.7700,2,500,65,2002
건대입구,서울특별시 광진구 자양동,800-9,그린빌,37.5316905,127.0749477,전세,54.0600,2,"31,700",0,2007
건대입구,서울특별시 광진구 자양동,16-47,행복,37.5316905,127.0749477,월세,14.0800,5,"1,000",110,2017
건대입구,서울특별시 광진구 자양동,16-47,행복,37.5316905,127.0749477,월세,40.3800,2,"1,000",110,2017
건대입구,서울특별시 광진구 자양동,46-33,자양리치빌V,37.5316905,127.0749477,전세,20.4900,5,"19,950",0,2022
건대입구,서울특별시 광진구 화양동,41-2,무지개하우스41-2,37.54408,127.06895,월세,15.1000,3,"1,000",70,2015
사당,서울특별시 동작구 사당동,183-12,카라베르디움,37.48508,126.9704949,전세,48.3500,4,"36,300",0,2018
사당,서울특별시 동작구 사당동,1050-16,상산노블하임(1050-16),37.48508,126.9704949,전세,39.1800,2,"34,600",0,2017
사당,서울특별시 동작구 사당동,1017-26,(1017-26),37.48508,126.9704949,월세,48.5100,2,"24,000",10,2004
흑석,서울특별시 동작구 흑석동,196-18,샹그릴라(196-18),37.5064393,126.963687,월세,23.0800,2,"14,000",40,2015
흑석,서울특별시 동작구 흑석동,204-5,양지빌라,37.5064393,126.963687,월세,46.4400,3,"1,000",130,1996
흑석,서울특별시 동작구 흑석동,194-7,진주빌라,37.5064393,126.963687,월세,60.3000,-1,300,50,1992
상도,서울특별시 동작구 상도동,356-3,이레아트빌12차,37.4988159,126.9441045,월세,29.5600,4,"23,000",5,2016
상도,서울특별시 동작구 상도동,301-41,해담채상도,37.4988159,126.9441045,월세,45.0700,2,"20,000",35,2016
상도,서울특별시 동작구 상도동,299-246,천수빌라C동,37.4988159,126.9441045,전세,24.3600,3,"13,000",0,1992
안암,서울특별시 성북구 안암동2가,138,에스엠빌라(138-0),37.58616,127.02271,전세,48.1800,2,"22,000",0,2003
안암,서울특별시 성북구 안암동5가,12-166,(12-166),37.5887938,127.0300906,월세,14.4700,6,"1,000",75,2012
수유,서울특별시 강북구 수유동,391-407,현대빌라(B),37.636597,127.0043825,전세,41.5200,-1,"7,000",0,1986
수유,서울특별시 강북구 수유동,439-1,동일주택,37.636597,127.0043825,월세,34.6200,1,"9,480",25,1991
수유,서울특별시 강북구 수유동,724-1,한터빌,37.636597,127.0043825,전세,19.4200,5,"5,000",0,2010
수유,서울특별시 강북구 수유동,482-21,서현펠리스,37.636597,127.0043825,월세,38.2700,3,"2,000",95,2018
수유,서울특별시 강북구 수유동,313-6,홍원하이빌강북7,37.636597,127.0043825,월세,20.5500,3,"2,377",13,2021
수유,서울특별시 강북구 수유동,448-5,해피타운,37.636597,127.0043825,월세,29.2200,4,"4,000",105,2022
수유,서울특별시 강북구 수유동,1-12,(1-12),37.636597,127.0043825,월세,20.0000,2,"1,000",73,2023
노원,서울특별시 노원구 공릉동,499-52,행운빌라,37.6302152,127.0872902,전세,55.4400,1,"8,200",0,1994
노원,서울특별시 노원구 상계동,1380-5,신성파크빌라,37.66727,127.07242,전세,40.2800,4,"4,000",0,1994
노원,서울특별시 노원구 상계동,1384-13,초록하이츠빌라4차,37.66727,127.07242,전세,59.7800,1,"20,000",0,1997
합정,서울특별시 마포구 합정동,453-15,한강에듀포레B동,37.5477846,126.9095636,월세,26.9200,4,"5,000",130,2021
신촌,서울특별시 서대문구 창천동,382,시온하우스,37.5587663,126.9342407,월세,25.6800,3,500,84,2001
신촌,서울특별시 서대문구 창천동,285,석호하이빌,37.5587663,126.9342407,월세,14.5100,2,500,60,2013
사당,서울특별시 동작구 사당동,1050-20,정진빌,37.48508,126.9704949,전세,30.0000,2,"31,500",0,2023
건대입구,서울특별시 광진구 구의동,650-5,성광빌라,37.5444896,127.0874678,월세,33.3100,4,"7,000",70,2004
사당,서울특별시 동작구 사당동,183-39,가온빌,37.48508,126.9704949,월세,29.8100,4,"30,000",10,2019
사당,서울특별시 동작구 사당동,140-16,피움,37.48508,126.9704949,월세,12.2100,3,"1,000",53,2011
사당,서울특별시 동작구 사당동,141-117,(141-117),37.48508,126.9704949,전세,61.0200,4,"34,000",0,2009
상도,서울특별시 동작구 상도동,7-45,이노시티빌,37.4988159,126.9441045,월세,25.5900,4,"3,956",9,2021
상도,서울특별시 동작구 상도동,244-343,엘림파크빌,37.4988159,126.9441045,전세,38.3200,2,"23,150",0,2016
상도,서울특별시 동작구 상도동,244-343,엘림파크빌,37.4988159,126.9441045,전세,38.3200,2,"23,150",0,2016
공덕,서울특별시 마포구 공덕동,111-25,두영파크(파크힐),37.549927,126.9592897,월세,13.9200,3,"1,000",60,2012
성수,서울특별시 성동구 성수동1가,656-572,성수리치빌A동,37.5435,127.03742,전세,16.9000,6,"15,500",0,2016
성수,서울특별시 성동구 성수동1가,685-260,신성연립,37.5435,127.03742,월세,81.2200,2,"10,000",166,1978
수유,서울특별시 강북구 수유동,445-17,푸른주택(B),37.636597,127.0043825,월세,58.4400,3,"1,000",60,2003
수유,서울특별시 강북구 수유동,522-36,청산주택,37.636597,127.0043825,전세,95.6100,2,"22,270",0,1992
홍대,서울특별시 마포구 상수동,335-10,상수그린파크빌,37.54743,126.92473,전세,46.9000,4,"30,000",0,2008
합정,서울특별시 마포구 합정동,377-34,합정리치빌,37.5477846,126.9095636,전세,29.7400,2,"30,000",0,2021
노원,서울특별시 노원구 월계동,534-118,숲속그린빌,37.6298479,127.0541062,월세,34.8100,2,"3,000",110,2017
노원,서울특별시 노원구 공릉동,224-9,4차남경빌라,37.6302152,127.0872902,전세,39.9500,-1,"8,100",0,1994
노원,서울특별시 노원구 공릉동,240-42,삼성쉐르빌,37.6302152,127.0872902,월세,35.1600,5,"12,500",20,2002
노원,서울특별시 노원구 공릉동,389-3,해피하우스,37.6302152,127.0872902,월세,12.0600,4,"2,000",36,2011
합정,서울특별시 마포구 합정동,398-1,금강빌라,37.5477846,126.9095636,월세,26.8800,3,50,45,1993
노원,서울특별시 노원구 상계동,1087-8,상계빌라(1087-8),37.66727,127.07242,월세,56.2000,4,"18,000",20,2001
노원,서울특별시 노원구 상계동,1117-2,에든버러캐슬,37.66727,127.07242,전세,15.6000,7,"7,717",0,2012
노원,서울특별시 노원구 중계동,90-21,샬롬하우스,37.6509815,127.0810259,월세,75.3800,2,"34,000",15,2019
신촌,서울특별시 서대문구 창천동,68-67,올리브하우스,37.5587663,126.9342407,월세,102.8900,5,500,30,2001
홍대,서울특별시 마포구 서교동,454-5,서교동포인트빌라,37.5550711,126.9238244,전세,47.3800,3,"23,000",0,2000
홍대,서울특별시 마포구 서교동,473-53,레이크빌,37.5550711,126.9238244,월세,21.9600,2,"1,000",56,2001
역삼,서울특별시 강남구 역삼동,778-19,백년빌,37.49988,127.03856,월세,29.9200,3,"7,396",16,2021
역삼,서울특별시 강남구 역삼동,778-3,역삼파크빌,37.49988,127.03856,월세,27.8700,2,"3,959",29,2020
역삼,서울특별시 강남구 역삼동,774-10,리치웰,37.49988,127.03856,월세,25.4700,2,"27,000",30,2017
역삼,서울특별시 강남구 역삼동,774-10,리치웰,37.49988,127.03856,월세,25.4700,2,"27,000",30,2017
역삼,서울특별시 강남구 역삼동,628-3,멜론즈프라자,37.49988,127.03856,월세,30.4200,5,200,120,2002
건대입구,서울특별시 광진구 자양동,229-48,상진라인빌,37.5316905,127.0749477,전세,28.8000,3,"30,000",0,2019
건대입구,서울특별시 광진구 자양동,612-6,연진마을,37.5316905,127.0749477,전세,63.4300,3,"28,000",0,2003
신림,서울특별시 관악구 신림동,412-273,영파크,37.486897,126.928177,월세,36.5400,-1,400,48,1991
신림,서울특별시 관악구 신림동,1420-23,일육삼빌라,37.486897,126.928177,월세,39.8200,1,500,55,1993
신림,서울특별시 관악구 신림동,619-38,소노팰리체III,37.486897,126.928177,전세,67.6500,5,"25,000",0,2013
신림,서울특별시 관악구 신림동,1460-4,스타빌딩,37.486897,126.928177,월세,14.7400,5,"5,000",46,2014
신림,서울특별시 관악구 신림동,561-13,반도하우스,37.486897,126.928177,월세,15.2400,2,"2,000",55,2016
신림,서울특별시 관악구 신림동,254-134,한솔산자락빌라,37.486897,126.928177,월세,10.2100,2,100,41,2012
신림,서울특별시 관악구 신림동,489-17,이도파크빌,37.486897,126.928177,월세,26.3100,2,"8,543",7,2023
수유,서울특별시 강북구 수유동,313-6,홍원하이빌강북7,37.636597,127.0043825,월세,24.0900,5,"2,346",24,2021
수유,서울특별시 강북구 수유동,291-150,풍경,37.636597,127.0043825,월세,29.9000,5,"1,500",85,2016
수유,서울특별시 강북구 수유동,190-24,코지하우스,37.636597,127.0043825,월세,12.2400,5,500,41,2013
사당,서울특별시 동작구 사당동,267-4,267-4,37.48508,126.9704949,월세,29.0400,4,"2,000",75,2020
역삼,서울특별시 강남구 역삼동,743-1,동우빌라(743-1),37.49988,127.03856,전세,129.5100,3,"55,000",0,1994
신촌,서울특별시 서대문구 창천동,99-10,해피빌3차,37.5587663,126.9342407,월세,35.3000,3,500,60,2002
신촌,서울특별시 서대문구 창천동,90-34,스카이빌,37.5587663,126.9342407,월세,26.8800,2,500,90,2003
흑석,서울특별시 동작구 흑석동,186-72,흑석빌리지,37.5064393,126.963687,월세,56.5900,3,"3,000",97,2017
홍대,서울특별시 마포구 서교동,448-32,청기와빌라,37.5550711,126.9238244,전세,66.4200,5,"26,000",0,2002
청량리,서울특별시 동대문구 청량리동,53-15,(53-15),37.5882073,127.0462518,전세,13.3300,4,"12,700",0,2012
역삼,서울특별시 강남구 역삼동,695-4,산마리노,37.49988,127.03856,월세,47.2300,1,"7,000",63,2002
신림,서울특별시 관악구 신림동,571-1,홍연그린빌(571-1),37.486897,126.928177,월세,20.9600,2,"2,000",48,2016
신림,서울특별시 관악구 신림동,610-256,동성맨션5차,37.486897,126.928177,월세,48.1400,-1,"10,000",30,1996
신림,서울특별시 관악구 신림동,10-414,광덕빌,37.486897,126.928177,월세,83.1000,2,500,55,2004
합정,서울특별시 마포구 합정동,434-15,원스빌,37.5477846,126.9095636,월세,12.6000,3,"2,000",46,2011
흑석,서울특별시 동작구 흑석동,204-17,중앙맨션,37.5064393,126.963687,월세,66.5600,4,"10,000",120,1998
흑석,서울특별시 동작구 흑석동,204-17,중앙맨션,37.5064393,126.963687,월세,66.5600,4,"10,000",120,1998
건대입구,서울특별시 광진구 구의동,26-7,현대아트빌라(26-7),37.5444896,127.0874678,월세,46.0400,3,"19,000",30,1995
건대입구,서울특별시 광진구 구의동,242-137,(242-137),37.5444896,127.0874678,월세,29.9400,2,"11,000",42,2013
건대입구,서울특별시 광진구 구의동,619-17,대산하우스,37.5444896,127.0874678,전세,29.5000,2,"23,500",0,2018
왕십리,서울특별시 성동구 행당동,254-1,대성빌라,37.55783,127.03571,월세,44.5300,1,"11,000",60,1992
건대입구,서울특별시 광진구 구의동,29-20,승지,37.5444896,127.0874678,월세,29.3100,4,"4,000",78,2020
역삼,서울특별시 강남구 역삼동,637-26,에이스빌,37.49988,127.03856,월세,35.4100,4,"10,000",100,2005
사당,서울특별시 동작구 사당동,419-87,삼성아트7차,37.48508,126.9704949,월세,59.9800,2,"5,000",175,1998
사당,서울특별시 동작구 사당동,431-3,부림아트빌(431-3),37.48508,126.9704949,월세,40.9800,4,"20,000",23,2008
사당,서울특별시 동작구 사당동,431-3,부림아트빌(431-3),37.48508,126.9704949,월세,42.2100,3,"20,000",23,2008
사당,서울특별시 동작구 사당동,419-42,더하우스8차,37.48508,126.9704949,월세,46.3500,4,"10,000",90,2008
사당,서울특별시 동작구 사당동,419-105,미래아트빌,37.48508,126.9704949,전세,71.8350,4,"30,500",0,2009
사당,서울특별시 동작구 사당동,316-244,귀주아트빌,37.48508,126.9704949,전세,43.6200,4,"20,000",0,2014
사당,서울특별시 동작구 사당동,431-4,옵티뭄빌,37.48508,126.9704949,전세,45.2300,3,"35,000",0,2016
사당,서울특별시 동작구 사당동,230-19,로얄팰리스,37.48508,126.9704949,전세,51.3800,2,"38,535",0,2016
사당,서울특별시 동작구 사당동,91-2,형제팰리스,37.48508,126.9704949,월세,51.7200,4,"25,000",39,2018
사당,서울특별시 동작구 사당동,316-179,316-179,37.48508,126.9704949,월세,32.9500,1,"17,362",3,2018
합정,서울특별시 마포구 합정동,359-42,동아아트빌라,37.5477846,126.9095636,전세,54.1200,4,"27,000",0,1991
성수,서울특별시 성동구 성수동2가,289-162,대명아트빌,37.54048,127.05601,월세,29.9400,5,"30,000",4,2020
성수,서울특별시 성동구 성수동2가,299-80,오페라하우스,37.54048,127.05601,전세,44.2800,5,"37,800",0,2015
성수,서울특별시 성동구 성수동2가,321-64,명품빌리지,37.54048,127.05601,전세,28.2700,3,"21,500",0,2012
합정,서울특별시 마포구 합정동,391-2,고려빌라트,37.5477846,126.9095636,월세,126.6100,4,78,78,1992
합정,서울특별시 마포구 합정동,391-27,주연빌리지27,37.5477846,126.9095636,전세,44.6800,5,"25,600",0,2004
신림,서울특별시 관악구 신림동,546-2,조원도시형생활주택,37.486897,126.928177,월세,13.6000,4,500,51,2011
신림,서울특별시 관악구 신림동,103-134,103-134,37.486897,126.928177,월세,28.8000,4,"3,200",69,2014
신림,서울특별시 관악구 신림동,535-6,노아의방주,37.486897,126.928177,월세,34.3200,4,"12,800",25,2012
신촌,서울특별시 서대문구 창천동,191,다모아,37.5587663,126.9342407,전세,72.9000,4,"12,000",0,2003
역삼,서울특별시 강남구 역삼동,778-18,J&Jvill,37.49988,127.03856,전세,34.7100,5,"31,300",0,2015
홍대,서울특별시 마포구 서교동,333-44,WhiteVille,37.5550711,126.9238244,월세,18.7800,1,"2,000",55,2002
노원,서울특별시 노원구 중계동,90-33,민하우스(A동),37.6509815,127.0810259,전세,48.7800,5,"18,600",0,2011
합정,서울특별시 마포구 합정동,451-11,합정어반힐,37.5477846,126.9095636,전세,25.7600,5,"29,500",0,2020
노원,서울특별시 노원구 상계동,1105-65,원하우스,37.66727,127.07242,월세,16.1200,2,"1,000",40,2013
노원,서울특별시 노원구 상계동,581-115,송원레지던스,37.66727,127.07242,월세,16.7400,3,"6,500",1,2012
노원,서울특별시 노원구 상계동,169-66,동방빌라,37.66727,127.07242,월세,40.5100,2,"12,000",15,1994
노원,서울특별시 노원구 상계동,134-120,대보빌라2동,37.66727,127.07242,전세,42.4800,-1,"8,000",0,1991
노원,서울특별시 노원구 공릉동,416,이화맨션나동,37.6302152,127.0872902,월세,44.6500,5,"14,000",35,2006
건대입구,서울특별시 광진구 자양동,611-39,(611-39),37.5316905,127.0749477,전세,37.4400,1,"21,000",0,1986
건대입구,서울특별시 광진구 자양동,84-10,(84-10),37.5316905,127.0749477,월세,42.8200,-1,500,50,1991
건대입구,서울특별시 광진구 자양동,664-12,화이트하우스(664-12),37.5316905,127.0749477,전세,39.6000,2,"21,994",0,2009
건대입구,서울특별시 광진구 자양동,652-35,예림빌라,37.5316905,127.0749477,전세,72.0300,4,"42,000",0,2010
역삼,서울특별시 강남구 역삼동,745-35,다올2차,37.49988,127.03856,월세,25.4800,3,"32,800",3,2019
건대입구,서울특별시 광진구 자양동,775-12,늘푸른하우스,37.5316905,127.0749477,월세,49.7000,5,"40,000",10,2016
건대입구,서울특별시 광진구 자양동,192-21,아스하임(192-21),37.5316905,127.0749477,전세,51.7000,3,"27,500",0,2017
건대입구,서울특별시 광진구 자양동,229-36,삼성홈타운17차,37.5316905,127.0749477,전세,29.9000,3,"28,875",0,2017
건대입구,서울특별시 광진구 자양동,57-124,까사리버자양,37.5316905,127.0749477,전세,18.9100,4,"20,000",0,2021
건대입구,서울특별시 광진구 자양동,227-273,디앤씨스톤,37.5316905,127.0749477,전세,50.5600,2,"52,000",0,2024
신촌,서울특별시 서대문구 대현동,90-42,이대다올노블리움2차(에이동),37.56058,126.94496,월세,13.9800,8,"1,000",80,2018
수유,서울특별시 강북구 수유동,291-59,홍원하이빌강북6,37.636597,127.0043825,월세,24.0000,3,210,29,2021
수유,서울특별시 강북구 수유동,313-6,홍원하이빌강북7,37.636597,127.0043825,월세,19.0800,2,210,23,2021
수유,서울특별시 강북구 수유동,535-130,북한산타운힐즈,37.636597,127.0043825,월세,84.7700,1,"28,000",50,2018
수유,서울특별시 강북구 수유동,486-777,우광타운(12),37.636597,127.0043825,월세,30.1100,2,"1,300",65,1990
수유,서울특별시 강북구 수유동,313-17,혁구하이츠빌라8차,37.636597,127.0043825,월세,42.2300,4,"1,000",70,1993
상도,서울특별시 동작구 상도동,26-27,한울빌딩,37.4988159,126.9441045,월세,12.2900,4,"1,000",57,2012
수유,서울특별시 강북구 수유동,252-46,우성빌라(252-46),37.636597,127.0043825,월세,31.1400,3,"2,000",80,1994
상도,서울특별시 동작구 상도동,299-57,네오빌리지(299-57),37.4988159,126.9441045,월세,29.9400,4,"18,000",15,2014
상도,서울특별시 동작구 상도동,321-3,청운하우스,37.4988159,126.9441045,전세,49.8250,3,"35,800",0,2016
성수,서울특별시 성동구 성수동2가,289-162,대명아트빌,37.54048,127.05601,전세,24.5800,3,"24,500",0,2020
성수,서울특별시 성동구 성수동1가,685-314,보덕다세대,37.5435,127.03742,전세,38.1600,4,"27,000",0,2003
왕십리,서울특별시 성동구 행당동,313-44,설악빌라A동,37.55783,127.03571,전세,55.0100,2,"36,750",0,1998
안암,서울특별시 성북구 안암동2가,160-7,(160-7),37.58616,127.02271,월세,15.4100,4,"1,000",35,2013
길음,서울특별시 성북구 길음동,488-22,뜨란채,37.6085308,127.0201946,월세,13.6600,3,"3,000",47,2014
신림,서울특별시 관악구 신림동,90-41,해오름(90-41),37.486897,126.928177,월세,41.9000,2,"1,000",85,2013
신림,서울특별시 관악구 신림동,1503-2,(1503-2),37.486897,126.928177,월세,61.4700,3,"7,000",50,2002
신림,서울특별시 관악구 신림동,1441-9,세진하이츠빌라,37.486897,126.928177,월세,27.8400,4,"1,000",40,1991
신림,서울특별시 관악구 신림동,458-33,정원빌라(458-33),37.486897,126.928177,전세,35.6400,4,"16,000",0,1991
수유,서울특별시 강북구 수유동,530-105,동아하이츠,37.636597,127.0043825,월세,41.7000,2,"1,000",60,1996
수유,서울특별시 강북구 수유동,558-22,은행빌라(558-22),37.636597,127.0043825,월세,47.1600,5,"2,000",70,2011
수유,서울특별시 강북구 수유동,270-225,삼일씨티빌,37.636597,127.0043825,전세,44.1700,5,"16,300",0,2012
수유,서울특별시 강북구 수유동,9-60,화이트씨앤빌,37.636597,127.0043825,전세,39.5100,5,"17,000",0,2015
수유,서울특별시 강북구 수유동,472-358,아가페하우스,37.636597,127.0043825,월세,16.2200,2,500,57,2017
수유,서울특별시 강북구 수유동,8-136,유니버설디자인하우스수유,37.636597,127.0043825,월세,21.6200,5,"7,200",20,2020
수유,서울특별시 강북구 수유동,291-59,홍원하이빌강북6,37.636597,127.0043825,월세,25.5000,5,"4,079",15,2021
수유,서울특별시 강북구 수유동,472-540,대원하늘채,37.636597,127.0043825,전세,54.2000,4,"30,000",0,2022
신촌,서울특별시 서대문구 대현동,90-42,이대다올노블리움2차(에이동),37.56058,126.94496,월세,13.9800,7,"1,000",80,2018
건대입구,서울특별시 광진구 자양동,611-1,예닮,37.5316905,127.0749477,전세,30.4600,3,"30,000",0,2017
건대입구,서울특별시 광진구 자양동,611-1,예닮,37.5316905,127.0749477,전세,30.4600,3,"30,000",0,2017
건대입구,서울특별시 광진구 자양동,832-7,(832-7),37.5316905,127.0749477,전세,17.7500,2,"12,000",0,2007
건대입구,서울특별시 광진구 자양동,767-3,경일빌라,37.5316905,127.0749477,월세,114.9400,3,"4,000",85,1989
건대입구,서울특별시 광진구 자양동,646-13,주홍아트빌,37.5316905,127.0749477,전세,45.5000,3,"26,250",0,2003
건대입구,서울특별시 광진구 자양동,582-2,송광아트빌라,37.5316905,127.0749477,월세,72.3700,3,"11,000",76,1995
건대입구,서울특별시 광진구 화양동,16-33,(16-33),37.54408,127.06895,월세,68.7400,2,"1,000",61,2002
건대입구,서울특별시 광진구 화양동,45-2,(45-2),37.54408,127.06895,월세,21.0000,3,"1,000",60,2006
홍대,서울특별시 마포구 상수동,326-2,(326-2),37.54743,126.92473,월세,40.0900,2,"2,000",100,2004
건대입구,서울특별시 광진구 자양동,229-10,고은빌라,37.5316905,127.0749477,월세,56.3400,2,"24,500",10,2002
홍대,서울특별시 마포구 서교동,482-30,씨티빌라,37.5550711,126.9238244,월세,51.2100,2,"10,000",40,1995
홍대,서울특별시 마포구 서교동,451-53,인사이트,37.5550711,126.9238244,월세,18.9300,3,500,70,2013
노원,서울특별시 노원구 월계동,411-15,제이앤제이하우스,37.6298479,127.0541062,월세,18.5600,4,"1,000",40,2012
노원,서울특별시 노원구 공릉동,504-17,성우빌라,37.6302152,127.0872902,월세,39.4500,4,"11,600",30,1995
노원,서울특별시 노원구 공릉동,350-97,로뎀하우스,37.6302152,127.0872902,전세,64.7600,3,"7,000",0,2009
노원,서울특별시 노원구 하계동,61-8,리치빌,37.6382503,127.0738302,월세,26.5300,3,"9,000",25,2007
노원,서울특별시 노원구 상계동,101-140,수양빌라,37.66727,127.07242,전세,42.8800,3,"10,000",0,1992
신림,서울특별시 관악구 신림동,1465-1,신사타운빌,37.486897,126.928177,월세,41.0100,2,"30,000",15,2016
신림,서울특별시 관악구 신림동,98-357,천년캐슬(98-357),37.486897,126.928177,월세,22.0500,2,"12,000",40,2017
신림,서울특별시 관악구 신림동,98-357,천년캐슬(98-357),37.486897,126.928177,월세,22.0500,2,"12,000",40,2017
신림,서울특별시 관악구 신림동,1667,운성,37.486897,126.928177,월세,34.6500,5,"24,400",17,2020
신림,서울특별시 관악구 신림동,501-6,(501-6),37.486897,126.928177,월세,26.2800,4,"20,000",20,2022
신림,서울특별시 관악구 신림동,1628-68,T&K신림Ⅴ,37.486897,126.928177,월세,56.3800,5,"3,506",36,2026
합정,서울특별시 마포구 합정동,440-18,대명풀하우스3,37.5477846,126.9095636,전세,12.3200,4,"10,500",0,2013
사당,서울특별시 동작구 사당동,437-39,다경빌(437-39),37.48508,126.9704949,전세,50.9200,3,"36,500",0,2023
사당,서울특별시 동작구 사당동,52-7,라온펠리체,37.48508,126.9704949,월세,44.5100,5,"31,300",45,2021
사당,서울특별시 동작구 사당동,303-90,(303-90),37.48508,126.9704949,전세,29.8950,2,"13,200",0,2007
사당,서울특별시 동작구 사당동,176-40,(176-40),37.48508,126.9704949,전세,41.6400,1,"15,000",0,1989
건대입구,서울특별시 광진구 구의동,225-39,(225-39),37.5444896,127.0874678,전세,66.0500,3,"30,208",0,2005
건대입구,서울특별시 광진구 구의동,225-39,(225-39),37.5444896,127.0874678,전세,66.0500,3,"30,208",0,2005
건대입구,서울특별시 광진구 구의동,252-98,팔라티노,37.5444896,127.0874678,전세,28.5500,5,"30,400",0,2020
건대입구,서울특별시 광진구 구의동,226-19,우림빌라,37.5444896,127.0874678,월세,46.0300,3,"9,000",23,1996
합정,서울특별시 마포구 합정동,91-15,더하우스3차,37.5477846,126.9095636,전세,29.3700,2,"20,000",0,2007
상도,서울특별시 동작구 상도동,356-1,명성주택,37.4988159,126.9441045,전세,26.8400,4,"22,000",0,2016
상도,서울특별시 동작구 상도동,210-103,대흥미소가19차,37.4988159,126.9441045,전세,35.7400,3,"26,500",0,2016
상도,서울특별시 동작구 상도동,256-207,두성쉐르빌(256-207),37.4988159,126.9441045,전세,82.9900,2,"32,000",0,2002
홍대,서울특별시 마포구 동교동,113-41,써니빌비동,37.5571419,126.9261901,월세,36.6100,5,"1,000",75,2002
역삼,서울특별시 강남구 역삼동,648-1,강남IBC오피스텔,37.49988,127.03856,월세,23.0900,9,"1,000",97,1987
역삼,서울특별시 강남구 역삼동,780-21,빌리언빌리지,37.49988,127.03856,전세,65.6900,3,"35,200",0,2002
합정,서울특별시 마포구 합정동,370-30,대명시티파크B동,37.5477846,126.9095636,전세,34.2500,2,"21,800",0,2008
건대입구,서울특별시 광진구 화양동,94-6,(94-6),37.54408,127.06895,월세,12.9200,3,"1,000",61,2013
홍대,서울특별시 마포구 서교동,396-60,동궁나동,37.5550711,126.9238244,월세,60.4900,4,"30,000",30,2002
홍대,서울특별시 마포구 서교동,476-3,미주빌라,37.5550711,126.9238244,전세,49.2000,2,"26,624",0,1991
홍대,서울특별시 마포구 서교동,441-8,그로리아,37.5550711,126.9238244,월세,23.8000,5,"2,000",85,2012
건대입구,서울특별시 광진구 자양동,229-61,예건에버빌,37.5316905,127.0749477,전세,57.7500,2,"45,000",0,2023
건대입구,서울특별시 광진구 자양동,57-90,자양리치빌Ⅳ,37.5316905,127.0749477,전세,28.8400,4,"30,000",0,2021
건대입구,서울특별시 광진구 자양동,52-172,에덴빌6차,37.5316905,127.0749477,전세,26.6100,4,"27,000",0,2017
건대입구,서울특별시 광진구 자양동,553-5,가은빌,37.5316905,127.0749477,월세,18.8000,2,"1,000",69,2015
건대입구,서울특별시 광진구 자양동,845-2,(845-2),37.5316905,127.0749477,월세,23.8900,3,500,54,2015
건대입구,서울특별시 광진구 자양동,770,큰나무빌라트,37.5316905,127.0749477,전세,78.4900,1,"40,000",0,1998
상도,서울특별시 동작구 상도동,335-155,광채빌라,37.4988159,126.9441045,월세,37.5800,3,100,44,2024
상도,서울특별시 동작구 상도동,211-438,구립약수경로당행복주택복합시설,37.4988159,126.9441045,월세,20.3200,4,"4,445",16,2020
상도,서울특별시 동작구 상도동,56-60,56-60,37.4988159,126.9441045,월세,29.1100,-1,"7,000",13,2015
상도,서울특별시 동작구 상도동,256-201,동진빌라,37.4988159,126.9441045,월세,59.5200,1,"5,000",95,1993
건대입구,서울특별시 광진구 자양동,688,뉴현대빌라(688),37.5316905,127.0749477,전세,58.6500,1,"25,525",0,1996
합정,서울특별시 마포구 합정동,426-6,까사펠리체,37.5477846,126.9095636,월세,35.1200,1,"2,000",48,2002
합정,서울특별시 마포구 합정동,426-6,까사펠리체,37.5477846,126.9095636,월세,43.3800,4,"1,000",81,2002
홍대,서울특별시 마포구 동교동,186-34,(186-34),37.5571419,126.9261901,월세,50.4800,2,"2,500",135,1986
사당,서울특별시 동작구 사당동,317-6,행복이가득한집,37.48508,126.9704949,월세,18.7200,4,"11,000",17,2016
사당,서울특별시 동작구 사당동,1035-36,그라시아빌,37.48508,126.9704949,월세,36.5800,2,"20,000",32,2013
사당,서울특별시 동작구 사당동,259-1,문주빌,37.48508,126.9704949,전세,39.2900,4,"27,780",0,2012
건대입구,서울특별시 광진구 구의동,614-11,드림하우젠2,37.5444896,127.0874678,월세,14.8500,3,"14,860",16,2019
건대입구,서울특별시 광진구 구의동,230-17,아리아하우스,37.5444896,127.0874678,월세,27.3300,7,"27,900",6,2016
건대입구,서울특별시 광진구 구의동,221-69,(221-69),37.5444896,127.0874678,월세,60.9800,1,"20,000",30,2003
건대입구,서울특별시 광진구 구의동,221-39,(221-39),37.5444896,127.0874678,월세,33.8400,2,"1,000",70,2003
건대입구,서울특별시 광진구 구의동,26-5,(26-5),37.5444896,127.0874678,전세,85.1300,4,"37,000",0,2002
신림,서울특별시 관악구 신림동,241-62,트리플힐스2,37.486897,126.928177,월세,29.5300,5,"6,500",60,2023
신림,서울특별시 관악구 신림동,1458-3,신림빌딩,37.486897,126.928177,월세,12.1600,5,"1,000",60,2018
신림,서울특별시 관악구 신림동,1465-1,신사타운빌,37.486897,126.928177,월세,41.0100,2,"30,000",15,2016
신림,서울특별시 관악구 신림동,501-29,휴파크,37.486897,126.928177,월세,22.6100,2,"3,000",72,2015
신림,서울특별시 관악구 신림동,412-105,오성빌라,37.486897,126.928177,월세,36.7200,1,"4,000",60,1991
수유,서울특별시 강북구 수유동,252-126,황궁쉐르빌,37.636597,127.0043825,전세,58.0600,4,"18,522",0,2000
수유,서울특별시 강북구 수유동,279-50,(279-50),37.636597,127.0043825,월세,26.1300,3,500,39,1996
수유,서울특별시 강북구 수유동,724-1,한터빌,37.636597,127.0043825,월세,19.4200,4,300,47,2010
수유,서울특별시 강북구 수유동,725-4,신성캐슬,37.636597,127.0043825,월세,38.8000,2,90,90,2018
수유,서울특별시 강북구 수유동,313-6,홍원하이빌강북7,37.636597,127.0043825,월세,19.0800,4,"4,547",5,2021
수유,서울특별시 강북구 수유동,291-59,홍원하이빌강북6,37.636597,127.0043825,월세,25.5000,2,"5,948",6,2021
수유,서울특별시 강북구 수유동,291-59,홍원하이빌강북6,37.636597,127.0043825,월세,24.0000,2,"5,608",6,2021
수유,서울특별시 강북구 수유동,279-67,제이에이치파빌리온3,37.636597,127.0043825,월세,51.7100,5,"1,500",150,2023
역삼,서울특별시 강남구 역삼동,774-30,(774-30),37.49988,127.03856,월세,29.5800,2,"1,000",87,2001
역삼,서울특별시 강남구 역삼동,775-32,주은빌라,37.49988,127.03856,월세,30.6600,2,"1,000",60,2000
역삼,서울특별시 강남구 역삼동,780-19,타임빌라,37.49988,127.03856,월세,32.4000,4,"13,000",35,2000
역삼,서울특별시 강남구 역삼동,698-15,(698-15),37.49988,127.03856,월세,28.0800,2,"14,700",6,2012
역삼,서울특별시 강남구 역삼동,782-2,다원하이빌,37.49988,127.03856,전세,20.7900,4,"27,000",0,2022
역삼,서울특별시 강남구 역삼동,782,두산위브파빌리온역삼,37.49988,127.03856,월세,56.0910,6,"5,000",460,2025
수유,서울특별시 강북구 수유동,130-156,경도빌리지,37.636597,127.0043825,월세,53.0400,2,"13,000",45,2003
수유,서울특별시 강북구 수유동,562-83,동아림,37.636597,127.0043825,전세,15.3000,5,"6,000",0,2014
수유,서울특별시 강북구 수유동,291-201,가온팰리스101,37.636597,127.0043825,전세,52.5750,3,"17,000",0,2016
수유,서울특별시 강북구 수유동,482-21,서현펠리스,37.636597,127.0043825,월세,37.5700,5,500,60,2018
수유,서울특별시 강북구 수유동,391-236,르레브수유,37.636597,127.0043825,월세,57.5200,4,"5,924",61,2026
수유,서울특별시 강북구 수유동,391-236,르레브수유,37.636597,127.0043825,월세,55.1600,3,"3,334",34,2026
왕십리,서울특별시 성동구 홍익동,295,미네하우스2,37.5660138,127.0327281,전세,28.6300,3,"24,500",0,2017
합정,서울특별시 마포구 합정동,438-19,영진르네상스빌,37.5477846,126.9095636,월세,27.7200,4,"2,000",70,2011
안암,서울특별시 성북구 안암동5가,149-1,TheGoldCity,37.5887938,127.0300906,월세,28.2800,3,"2,000",170,2022
역삼,서울특별시 강남구 역삼동,827-72,해오름빌,37.49988,127.03856,월세,14.4000,4,500,78,2013
성수,서울특별시 성동구 성수동1가,468-4,(468-4),37.5435,127.03742,전세,53.5300,2,"28,000",0,2007
성수,서울특별시 성동구 성수동1가,13-101,(13-101),37.5435,127.03742,전세,18.0500,4,"13,700",0,2012
건대입구,서울특별시 광진구 구의동,43-4,써미트빌,37.5444896,127.0874678,월세,48.0900,3,"34,000",50,2017
건대입구,서울특별시 광진구 구의동,47-25,해바라기빌라,37.5444896,127.0874678,월세,40.5000,2,"17,000",60,2002
역삼,서울특별시 강남구 역삼동,648-1,강남IBC오피스텔,37.49988,127.03856,월세,22.6400,9,"1,000",102,1987
신림,서울특별시 관악구 신림동,1450-44,브라운캐슬,37.486897,126.928177,전세,42.8300,3,"28,000",0,2015
합정,서울특별시 마포구 합정동,375-22,한올빌라C,37.5477846,126.9095636,전세,33.4600,2,"17,000",0,1990
건대입구,서울특별시 광진구 화양동,16-56,始皇,37.54408,127.06895,월세,17.1600,2,"3,000",50,2011
건대입구,서울특별시 광진구 화양동,42-31,선우빌,37.54408,127.06895,월세,14.0400,5,"10,000",25,2012
합정,서울특별시 마포구 합정동,389-19,미성드림빌,37.5477846,126.9095636,전세,53.2500,4,"32,000",0,2003
신림,서울특별시 관악구 신림동,1628-68,T&K신림Ⅴ,37.486897,126.928177,월세,56.3800,2,"3,471",36,2026
신림,서울특별시 관악구 신림동,1628-68,T&K신림Ⅴ,37.486897,126.928177,월세,56.3800,4,"3,506",36,2026
신림,서울특별시 관악구 신림동,597-58,브라운캐슬2차(597-58),37.486897,126.928177,전세,38.4100,2,"25,000",0,2014
노원,서울특별시 노원구 공릉동,567-12,파크빌(567-12),37.6302152,127.0872902,월세,11.8900,5,300,40,2012
노원,서울특별시 노원구 공릉동,218,퍼즐주택(공릉),37.6302152,127.0872902,월세,35.4800,4,"20,000",45,2018
상도,서울특별시 동작구 상도동,7-45,이노시티빌,37.4988159,126.9441045,월세,28.8800,4,"4,580",9,2021
상도,서울특별시 동작구 상도동,7-45,이노시티빌,37.4988159,126.9441045,월세,25.5400,2,"3,906",8,2021
상도,서울특별시 동작구 상도동,361-63,(361-63),37.4988159,126.9441045,월세,20.6800,1,"9,950",15,2004
상도,서울특별시 동작구 상도동,301-209,남양빌라(301-209),37.4988159,126.9441045,월세,48.9000,4,"5,000",50,1994
상도,서울특별시 동작구 상도동,301-209,남양빌라(301-209),37.4988159,126.9441045,월세,48.9000,4,"5,000",50,1994
상도,서울특별시 동작구 상도동,299-9,영신빌,37.4988159,126.9441045,월세,54.9900,2,"3,000",100,2002
역삼,서울특별시 강남구 역삼동,782,두산위브파빌리온역삼,37.49988,127.03856,월세,47.0710,5,"3,000",350,2025
신림,서울특별시 관악구 신림동,1628-68,T&K신림Ⅴ,37.486897,126.928177,월세,58.1400,5,"3,542",37,2026
사당,서울특별시 동작구 사당동,1025-15,(1025-15),37.48508,126.9704949,월세,43.3500,5,"3,575",30,2023
사당,서울특별시 동작구 사당동,1050-19,사당메이플,37.48508,126.9704949,전세,29.9800,3,"31,900",0,2021
사당,서울특별시 동작구 사당동,314-12,스튜디오사당19,37.48508,126.9704949,월세,25.9800,2,"2,234",23,2021
사당,서울특별시 동작구 사당동,419-132,옥스나드,37.48508,126.9704949,월세,21.6900,3,"1,000",74,2019
사당,서울특별시 동작구 사당동,1025-19,감골,37.48508,126.9704949,월세,42.1200,5,500,50,2017
사당,서울특별시 동작구 사당동,446-38,(446-38),37.48508,126.9704949,전세,30.1400,2,"22,000",0,2012
사당,서울특별시 동작구 사당동,233-16,(233-16),37.48508,126.9704949,월세,51.0000,1,"4,000",60,2001
역삼,서울특별시 강남구 역삼동,774-30,(774-30),37.49988,127.03856,월세,29.4400,2,"1,000",92,2001
건대입구,서울특별시 광진구 자양동,16-15,플레이스자양2차,37.5316905,127.0749477,월세,29.3500,6,"2,000",150,2026
건대입구,서울특별시 광진구 자양동,643-11,한강달빛채,37.5316905,127.0749477,월세,59.3000,3,"30,000",100,2019
건대입구,서울특별시 광진구 자양동,643-11,한강달빛채,37.5316905,127.0749477,월세,59.3000,3,"30,000",100,2019
길음,서울특별시 성북구 길음동,1192,비전타운,37.6085308,127.0201946,전세,29.2000,3,"13,000",0,2011
건대입구,서울특별시 광진구 자양동,649-4,정호(649-4),37.5316905,127.0749477,전세,18.5300,3,"12,000",0,2003
회기,서울특별시 동대문구 회기동,77-7,네스트스위트,37.59433,127.05178,월세,22.0900,12,100,51,2019
신림,서울특별시 관악구 신림동,1628-68,T&K신림Ⅴ,37.486897,126.928177,월세,59.1400,4,"4,078",42,2026
건대입구,서울특별시 광진구 자양동,471-5,한양주택,37.5316905,127.0749477,전세,83.0600,1,"28,000",0,1998
합정,서울특별시 마포구 합정동,365-3,동남아트빌,37.5477846,126.9095636,전세,77.6600,4,"43,000",0,1997
신림,서울특별시 관악구 신림동,1615-14,호거다은,37.486897,126.928177,월세,58.3800,2,"3,375",35,2026
건대입구,서울특별시 광진구 구의동,646-8,(646-8),37.5444896,127.0874678,월세,29.2400,3,"27,500",20,2019
신림,서울특별시 관악구 신림동,1615-14,호거다은,37.486897,126.928177,월세,59.1200,4,"6,075",63,2026
신림,서울특별시 관악구 신림동,1615-14,호거다은,37.486897,126.928177,월세,58.7700,4,"5,970",62,2026
역삼,서울특별시 강남구 역삼동,781-33,현영가든빌라,37.49988,127.03856,전세,79.8600,2,"45,100",0,1992
역삼,서울특별시 강남구 역삼동,703-7,루트원레지던스,37.49988,127.03856,월세,16.1300,13,"17,000",16,2012
신림,서울특별시 관악구 신림동,598-160,에코리움빌(598-160),37.486897,126.928177,월세,60.1800,5,"5,826",60,2020
역삼,서울특별시 강남구 역삼동,660-26,스카이빌,37.49988,127.03856,월세,26.8800,1,"1,000",90,2001
역삼,서울특별시 강남구 역삼동,690-17,서준빌라,37.49988,127.03856,월세,38.4100,2,"25,000",35,2000
역삼,서울특별시 강남구 역삼동,691,IT타워,37.49988,127.03856,월세,28.2400,3,"1,000",100,2004
역삼,서울특별시 강남구 역삼동,783-20,이지빌라트,37.49988,127.03856,전세,44.6700,4,"29,000",0,2002
역삼,서울특별시 강남구 역삼동,791-20,피렌체빌,37.49988,127.03856,월세,32.5600,2,"1,000",62,2002
역삼,서울특별시 강남구 역삼동,690-36,HAUSTEMC,37.49988,127.03856,전세,24.5400,4,"19,800",0,2010
역삼,서울특별시 강남구 역삼동,656-5,역삼백년빌(656-5),37.49988,127.03856,월세,18.2900,5,200,90,2011
역삼,서울특별시 강남구 역삼동,644-12,역삼동644-12공동주택,37.49988,127.03856,전세,28.9700,3,"26,700",0,2014
역삼,서울특별시 강남구 역삼동,655-14,역삼위너스하임 가동,37.49988,127.03856,월세,26.1900,6,"27,000",40,2017
왕십리,서울특별시 성동구 도선동,188,도선빌,37.56322,127.03311,월세,17.5600,5,"2,000",70,2012
왕십리,서울특별시 성동구 도선동,188,도선빌,37.56322,127.03311,월세,17.5600,5,"2,000",70,2012
건대입구,서울특별시 광진구 구의동,21-8,삼성그린빌라(21-8),37.5444896,127.0874678,전세,73.0100,2,"30,000",0,1996
건대입구,서울특별시 광진구 구의동,223-3,성지빌라,37.5444896,127.0874678,월세,64.4400,1,"22,000",60,1992
건대입구,서울특별시 광진구 구의동,45-5,나경그린빌,37.5444896,127.0874678,월세,50.3000,1,"27,500",15,2012
건대입구,서울특별시 광진구 구의동,616-21,대산파크빌(616-21),37.5444896,127.0874678,전세,50.3400,2,"38,500",0,2015
건대입구,서울특별시 광진구 구의동,638-3,더엘,37.5444896,127.0874678,월세,42.6400,4,"3,438",35,2023
건대입구,서울특별시 광진구 구의동,638-3,더엘,37.5444896,127.0874678,월세,26.7100,5,100,28,2023
건대입구,서울특별시 광진구 자양동,6-5,(6-5),37.5316905,127.0749477,월세,43.7700,3,500,65,2002
건대입구,서울특별시 광진구 자양동,799-3,자양그랑시아2,37.5316905,127.0749477,전세,26.6900,5,"27,000",0,2018
건대입구,서울특별시 광진구 자양동,57-90,자양리치빌Ⅳ,37.5316905,127.0749477,전세,25.7700,3,"28,000",0,2021
건대입구,서울특별시 광진구 화양동,29-25,DM7화양,37.54408,127.06895,월세,14.0800,4,"1,000",95,2025
신설동,서울특별시 동대문구 신설동,45-2,로얄팰리스,37.5760544,127.0246657,전세,47.1700,3,"38,000",0,2018
수유,서울특별시 강북구 수유동,469-11,낙원빌라(469-11),37.636597,127.0043825,전세,45.2400,1,"7,900",0,1991
수유,서울특별시 강북구 수유동,468-223,엔젤하우스3차,37.636597,127.0043825,월세,44.6000,4,"3,000",53,2008
수유,서울특별시 강북구 수유동,469-250,창용아트빌,37.636597,127.0043825,월세,31.5600,2,"10,500",10,2008
수유,서울특별시 강북구 수유동,252-53,하이디파크,37.636597,127.0043825,전세,55.2300,2,"19,500",0,2016
수유,서울특별시 강북구 수유동,698-8,The이도,37.636597,127.0043825,전세,52.4400,2,"21,500",0,2016
수유,서울특별시 강북구 수유동,313-6,홍원하이빌강북7,37.636597,127.0043825,월세,26.4000,5,"3,774",4,2021
수유,서울특별시 강북구 수유동,291-59,홍원하이빌강북6,37.636597,127.0043825,월세,25.5000,5,"4,171",7,2021
수유,서울특별시 강북구 수유동,291-59,홍원하이빌강북6,37.636597,127.0043825,월세,21.4000,3,"3,228",15,2021
수유,서울특별시 강북구 수유동,1-12,(1-12),37.636597,127.0043825,월세,20.0000,2,"1,000",70,2023
수유,서울특별시 강북구 수유동,486-2,삼흥연립,37.636597,127.0043825,월세,84.0000,1,"1,000",50,1984
노원,서울특별시 노원구 상계동,1008-49,우진빌라,37.66727,127.07242,월세,57.4200,-1,"1,500",55,1995
노원,서울특별시 노원구 상계동,404-17,(404-17),37.66727,127.07242,월세,15.8500,2,500,40,2014
신촌,서울특별시 서대문구 창천동,70-26,(70-26),37.5587663,126.9342407,월세,89.4000,3,"1,000",62,2004
신촌,서울특별시 서대문구 창천동,129,언제나미소,37.5587663,126.9342407,월세,68.5100,2,500,62,2009
합정,서울특별시 마포구 합정동,448-13,무지개빌라(448-13),37.5477846,126.9095636,전세,28.1400,2,"18,000",0,1993
상도,서울특별시 동작구 상도동,244-257,예일에버빌,37.4988159,126.9441045,전세,67.1300,2,"19,290",0,2003
상도,서울특별시 동작구 상도동,17-57,금광휴먼씨티,37.4988159,126.9441045,월세,14.2800,4,500,52,2011
상도,서울특별시 동작구 상도동,256-52,금강그린빌(256-52),37.4988159,126.9441045,월세,72.2700,3,"21,000",60,2002
사당,서울특별시 동작구 사당동,230-30,(230-30),37.48508,126.9704949,전세,69.9600,4,"30,000",0,2002
사당,서울특별시 동작구 사당동,303-33,삼호빌라(303-33),37.48508,126.9704949,전세,52.8900,1,"24,000",0,1989
신림,서울특별시 관악구 신림동,491-14,성신빌라,37.486897,126.928177,월세,54.2200,-1,"6,000",45,1991
신림,서울특별시 관악구 신림동,532-28,율촌,37.486897,126.928177,월세,60.2700,1,"1,000",105,1980
신림,서울특별시 관악구 신림동,10-519,신안빌라B,37.486897,126.928177,전세,70.5600,2,"20,000",0,1991
신림,서울특별시 관악구 신림동,1430-30,코코하우스,37.486897,126.928177,월세,29.4300,5,"19,000",20,2012
신림,서울특별시 관악구 신림동,1661-14,은석하우스,37.486897,126.928177,월세,49.0000,2,"2,000",60,2015
신림,서울특별시 관악구 신림동,1667-33,성경,37.486897,126.928177,월세,22.4400,4,"3,000",60,2014
건대입구,서울특별시 광진구 화양동,2-29,화양동2-29,37.54408,127.06895,월세,46.7400,5,100,67,2025
건대입구,서울특별시 광진구 화양동,23-37,까사펠리즈화양,37.54408,127.06895,월세,26.8900,10,500,220,2025
사당,서울특별시 동작구 사당동,202-3,(202-3),37.48508,126.9704949,전세,46.7700,3,"25,500",0,2002
사당,서울특별시 동작구 사당동,316-174,(316-174),37.48508,126.9704949,월세,25.9200,4,"3,000",60,2012
수유,서울특별시 강북구 수유동,291-108,은행빌라(291-108),37.636597,127.0043825,월세,54.0100,5,0,100,2015
성수,서울특별시 성동구 성수동1가,374-1,상록연립,37.5435,127.03742,월세,60.9300,1,"3,000",80,1978
성수,서울특별시 성동구 성수동1가,160-1,동현빌라,37.5435,127.03742,월세,24.5900,3,"1,500",80,2006
건대입구,서울특별시 광진구 화양동,12-24,(12-24),37.54408,127.06895,월세,18.8700,2,"1,000",52,2011
신촌,서울특별시 서대문구 창천동,68-51,티파니,37.5587663,126.9342407,월세,18.3700,3,200,70,2013
안암,서울특별시 성북구 안암동5가,9-16,탑하우스,37.5887938,127.0300906,전세,17.1200,2,"9,500",0,2011
역삼,서울특별시 강남구 역삼동,633-27,국기원빌라,37.49988,127.03856,월세,169.0200,1,"1,000",150,1992
역삼,서울특별시 강남구 역삼동,695-21,뉴현대빌라,37.49988,127.03856,전세,53.7200,4,"38,000",0,1997
신림,서울특별시 관악구 신림동,1626-1,소산하이츠맨션,37.486897,126.928177,월세,39.5300,2,"12,000",30,1995
신림,서울특별시 관악구 신림동,661-46,푸름네이쳐빌(661-46),37.486897,126.928177,전세,28.1300,4,"15,000",0,2016
신림,서울특별시 관악구 신림동,631-31,한신위너스,37.486897,126.928177,월세,29.7300,3,"24,900",30,2022
건대입구,서울특별시 광진구 구의동,254-42,뉴현대빌라(254-42),37.5444896,127.0874678,전세,49.9200,3,"25,000",0,1995
건대입구,서울특별시 광진구 구의동,257-28,채움하우스(257-28),37.5444896,127.0874678,월세,25.6200,3,"14,000",23,2018
건대입구,서울특별시 광진구 구의동,69-11,69-11,37.5444896,127.0874678,전세,59.5700,3,"40,000",0,2022
건대입구,서울특별시 광진구 자양동,669-10,(669-10),37.5316905,127.0749477,월세,71.8800,2,"30,000",25,2004
건대입구,서울특별시 광진구 자양동,611-36,어반캐슬(611-36),37.5316905,127.0749477,전세,39.2300,2,"26,000",0,2016
건대입구,서울특별시 광진구 자양동,611-36,어반캐슬(611-36),37.5316905,127.0749477,전세,39.2300,2,"26,000",0,2016
건대입구,서울특별시 광진구 자양동,588-11,뚝섬리버빌3차,37.5316905,127.0749477,전세,28.3300,2,"29,050",0,2019
건대입구,서울특별시 광진구 자양동,803-4,"진연빌(A,B동)",37.5316905,127.0749477,전세,29.9400,2,"33,000",0,2020
건대입구,서울특별시 광진구 구의동,79-3,동남그린빌라,37.5444896,127.0874678,월세,57.2100,3,"25,000",50,1997
합정,서울특별시 마포구 합정동,378-14,VALUEDEVELOPMENT,37.5477846,126.9095636,월세,25.5600,3,"24,400",14,2016
상도,서울특별시 동작구 상도동,279-164,새롬아트빌,37.4988159,126.9441045,월세,65.2200,2,"22,000",27,2008
상도,서울특별시 동작구 상도동,244-238,믿음빌,37.4988159,126.9441045,전세,21.0000,5,"10,000",0,2016
상도,서울특별시 동작구 상도동,54-26,브이업빌딩,37.4988159,126.9441045,월세,15.5600,2,"1,000",70,2017
신촌,서울특별시 서대문구 창천동,4-34,신촌빌라3차,37.5587663,126.9342407,월세,51.0400,2,"1,000",90,1991
홍대,서울특별시 마포구 동교동,187-2,시대빌라,37.5571419,126.9261901,월세,71.6400,3,"20,000",30,2000
신촌,서울특별시 서대문구 창천동,229,신촌빌리지,37.5587663,126.9342407,월세,46.1100,5,"35,000",20,2014
노원,서울특별시 노원구 월계동,411-15,제이앤제이하우스,37.6298479,127.0541062,월세,16.1600,5,"3,000",32,2012
성수,서울특별시 성동구 성수동2가,299-52,양지주택,37.54048,127.05601,전세,67.5600,4,"37,000",0,2002
신림,서울특별시 관악구 신림동,10-215,다솜빌라,37.486897,126.928177,월세,21.2800,4,"1,000",65,2004
신림,서울특별시 관악구 신림동,412-456,(412-456),37.486897,126.928177,전세,48.8200,2,"20,000",0,1993
신림,서울특별시 관악구 신림동,98-202,수정(98-202),37.486897,126.928177,월세,38.8200,1,"2,000",65,1991
건대입구,서울특별시 광진구 자양동,605-31,동궁빌라,37.5316905,127.0749477,월세,45.5200,-1,"5,000",27,1992
신촌,서울특별시 서대문구 창천동,418,오즈빌,37.5587663,126.9342407,월세,14.5700,2,500,34,2011
합정,서울특별시 마포구 합정동,434-35,현대빌라(434-35),37.5477846,126.9095636,월세,35.0000,1,"3,000",90,1990
상도,서울특별시 동작구 상도동,56-60,56-60,37.4988159,126.9441045,월세,29.3100,1,"2,000",96,2015
상도,서울특별시 동작구 상도동,496-18,무경하우스,37.4988159,126.9441045,월세,18.9600,3,"3,000",60,2016
상도,서울특별시 동작구 상도동,238-5,더클래식,37.4988159,126.9441045,전세,29.8800,3,"36,000",0,2023
합정,서울특별시 마포구 합정동,398-10,일성아트빌,37.5477846,126.9095636,전세,32.1400,3,"36,000",0,2022
사당,서울특별시 동작구 사당동,268-17,현대빌라트A,37.48508,126.9704949,전세,66.4400,4,"33,600",0,2002
사당,서울특별시 동작구 사당동,275-11,신성하우스,37.48508,126.9704949,전세,24.5000,5,"28,000",0,2022
왕십리,서울특별시 성동구 행당동,1-55,(1-55),37.55783,127.03571,월세,73.3400,4,"5,000",52,2003
성수,서울특별시 성동구 성수동1가,98-2,(98-2),37.5435,127.03742,전세,19.7600,2,"17,000",0,1993
수유,서울특별시 강북구 수유동,703-6,석주빌라,37.636597,127.0043825,월세,41.7500,3,"10,000",10,1993
성수,서울특별시 성동구 성수동2가,321-107,르하임성수,37.54048,127.05601,월세,14.0900,9,"1,200",132,2022
합정,서울특별시 마포구 합정동,426-4,한울빌리지,37.5477846,126.9095636,월세,13.6800,2,"1,000",58,2011
노원,서울특별시 노원구 상계동,1098-1,스위트리아,37.66727,127.07242,전세,33.9300,6,"21,000",0,2017
건대입구,서울특별시 광진구 화양동,19-8,리더스,37.54408,127.06895,월세,64.7000,5,"1,000",70,2020
건대입구,서울특별시 광진구 화양동,31-19,하늘빛하우스(31-19),37.54408,127.06895,월세,18.0000,2,"1,000",63,2015
건대입구,서울특별시 광진구 화양동,31-71,(31-71),37.54408,127.06895,월세,23.2000,2,"13,000",20,2008
건대입구,서울특별시 광진구 화양동,15-71,(15-71),37.54408,127.06895,월세,46.7400,3,"2,000",55,2002
합정,서울특별시 마포구 합정동,450-31,(450-31),37.5477846,126.9095636,전세,52.5600,3,"15,000",0,1986
건대입구,서울특별시 광진구 구의동,211-17,"화이트빌(A,B동)",37.5444896,127.0874678,전세,72.9100,3,"38,850",0,2002
건대입구,서울특별시 광진구 구의동,669,에버그린,37.5444896,127.0874678,월세,26.0600,4,"27,800",5,2019
건대입구,서울특별시 광진구 구의동,248-67,청연빌,37.5444896,127.0874678,전세,29.2400,4,"23,000",0,2021
신림,서울특별시 관악구 신림동,10-424,동문타운A,37.486897,126.928177,월세,33.4600,4,"12,000",5,1995
신림,서울특별시 관악구 신림동,656-1,프레스티지빌,37.486897,126.928177,월세,29.9500,4,"18,600",15,2012
신림,서울특별시 관악구 신림동,520-26,좋은사람좋은집,37.486897,126.928177,월세,27.7200,4,500,49,2016
신림,서울특별시 관악구 신림동,530-2,메리트엠타워,37.486897,126.928177,월세,12.6000,9,"10,000",38,2019
건대입구,서울특별시 광진구 자양동,839-1,839-1,37.5316905,127.0749477,월세,11.5200,3,500,60,2012
건대입구,서울특별시 광진구 자양동,553-5,가은빌,37.5316905,127.0749477,월세,21.7300,2,"1,000",69,2015
건대입구,서울특별시 광진구 자양동,617-39,그레이스빌,37.5316905,127.0749477,월세,28.6000,3,"15,000",24,2017
건대입구,서울특별시 광진구 자양동,617-39,그레이스빌,37.5316905,127.0749477,월세,28.6000,3,"15,000",24,2017
건대입구,서울특별시 광진구 자양동,227-113,경성홈타운(227-113),37.5316905,127.0749477,전세,44.0800,3,"39,933",0,2017
홍대,서울특별시 마포구 서교동,474-18,삼정빌라,37.5550711,126.9238244,전세,55.5100,4,"26,250",0,2002
안암,서울특별시 성북구 안암동2가,160-7,(160-7),37.58616,127.02271,월세,21.2200,5,"1,000",56,2013
상도,서울특별시 동작구 상도동,126-10,숭실빌라,37.4988159,126.9441045,월세,76.7400,1,"10,000",57,1984
상도,서울특별시 동작구 상도동,7-182,케이디아이빌C동,37.4988159,126.9441045,전세,55.9600,3,"17,000",0,2007
상도,서울특별시 동작구 상도동,54-33,제이아트빌,37.4988159,126.9441045,월세,21.7600,3,"1,000",51,2012
역삼,서울특별시 강남구 역삼동,633-4,DreamVille,37.49988,127.03856,월세,28.2100,2,120,85,2002
수유,서울특별시 강북구 수유동,254-24,라온빌(254-24),37.636597,127.0043825,월세,54.5500,3,"10,000",80,2021
수유,서울특별시 강북구 수유동,286-26,삼성빌라(286-26),37.636597,127.0043825,월세,28.2600,5,"9,900",15,2010
수유,서울특별시 강북구 수유동,130-153,황지클래스16차,37.636597,127.0043825,월세,61.5200,4,"15,000",60,2007
신촌,서울특별시 서대문구 창천동,4-115,YonEStudio,37.5587663,126.9342407,월세,12.4700,2,"1,000",68,2011
신촌,서울특별시 서대문구 창천동,232,창천율도국인104동,37.5587663,126.9342407,전세,23.0400,4,"12,180",0,2007
신촌,서울특별시 서대문구 창천동,144-2,율도국인(304동),37.5587663,126.9342407,월세,59.9400,2,"1,000",85,2007
역삼,서울특별시 강남구 역삼동,673-5,예원아트빌라,37.49988,127.03856,월세,49.5800,3,"1,000",140,2001
역삼,서울특별시 강남구 역삼동,749-11,(749-11),37.49988,127.03856,월세,44.4000,4,"2,000",99,2002
역삼,서울특별시 강남구 역삼동,663-2,663-2,37.49988,127.03856,월세,35.8200,4,"1,000",230,2017
역삼,서울특별시 강남구 역삼동,648-1,강남IBC오피스텔,37.49988,127.03856,월세,23.2100,13,"1,000",97,1987
홍대,서울특별시 마포구 서교동,477-18,토티빌,37.5550711,126.9238244,전세,29.3400,3,"22,000",0,2009
왕십리,서울특별시 성동구 도선동,181,대호빌딩,37.56322,127.03311,월세,60.2800,5,"22,000",10,2004
왕십리,서울특별시 성동구 행당동,1-72,(1-72),37.55783,127.03571,월세,89.9800,3,500,55,2004
성수,서울특별시 성동구 성수동1가,656-1824,현대골드타운2동,37.5435,127.03742,전세,51.6400,1,"42,000",0,1992
성수,서울특별시 성동구 성수동2가,299-149,(299-149),37.54048,127.05601,전세,17.2000,4,"15,000",0,2014
건대입구,서울특별시 광진구 구의동,251-14,동부연립,37.5444896,127.0874678,전세,73.1600,1,"30,000",0,1978
건대입구,서울특별시 광진구 구의동,59-21,한두리빌라,37.5444896,127.0874678,전세,73.7800,2,"33,600",0,2006
건대입구,서울특별시 광진구 구의동,206-20,(206-20),37.5444896,127.0874678,전세,17.7700,3,"11,000",0,2011
건대입구,서울특별시 광진구 구의동,669,에버그린,37.5444896,127.0874678,월세,21.3600,2,"23,600",20,2019
건대입구,서울특별시 광진구 구의동,210-69,크로마하우스VIII,37.5444896,127.0874678,월세,39.6400,2,"28,500",29,2020
건대입구,서울특별시 광진구 자양동,595-6,서림골드빌라,37.5316905,127.0749477,월세,61.3400,1,"3,000",152,1991
건대입구,서울특별시 광진구 자양동,840-25,이오빌,37.5316905,127.0749477,전세,14.7300,2,"12,000",0,2011
건대입구,서울특별시 광진구 자양동,857,도시엔,37.5316905,127.0749477,월세,13.2300,3,"3,000",35,2011
건대입구,서울특별시 광진구 자양동,647-22,성우하이츠,37.5316905,127.0749477,월세,29.2100,4,"22,200",20,2015
건대입구,서울특별시 광진구 자양동,647-22,성우하이츠,37.5316905,127.0749477,월세,29.2100,4,"22,200",20,2015
건대입구,서울특별시 광진구 자양동,803-3,기성펠리체5차,37.5316905,127.0749477,전세,23.5200,3,"22,000",0,2019
건대입구,서울특별시 광진구 자양동,57-97,랜드마크Ⅱ,37.5316905,127.0749477,월세,22.1100,6,"30,000",10,2022
신림,서울특별시 관악구 신림동,510-20,T&K신림Ⅲ,37.486897,126.928177,월세,29.2700,4,"1,084",31,2023
신림,서울특별시 관악구 신림동,1678-37,관악드림빌,37.486897,126.928177,전세,40.2200,3,"23,000",0,2014
신림,서울특별시 관악구 신림동,102-60,(102-60),37.486897,126.928177,전세,16.6000,1,"7,500",0,2010
신림,서울특별시 관악구 신림동,610-159,부림파크빌라,37.486897,126.928177,월세,42.4800,4,"12,000",15,1995
신림,서울특별시 관악구 신림동,598-63,미림빌리지B,37.486897,126.928177,전세,49.3800,2,"13,700",0,1992
신림,서울특별시 관악구 신림동,234-46,대학빌리지B동,37.486897,126.928177,월세,54.5400,-1,300,46,1993
건대입구,서울특별시 광진구 화양동,101-3,(101-3),37.54408,127.06895,월세,14.6300,4,"1,000",65,2012
건대입구,서울특별시 광진구 화양동,109-4,예그리나Ⅰ,37.54408,127.06895,월세,12.0400,5,"8,400",2,2013
건대입구,서울특별시 광진구 화양동,31-43,31-43,37.54408,127.06895,월세,16.9800,4,500,60,2013
건대입구,서울특별시 광진구 화양동,32-9,(32-9),37.54408,127.06895,월세,20.1000,2,"13,000",10,2015
사당,서울특별시 동작구 사당동,1033-11,제이파크빌,37.48508,126.9704949,월세,36.4100,5,"4,100",100,2017
사당,서울특별시 동작구 사당동,316-189,리안빌리지,37.48508,126.9704949,월세,60.1400,4,"3,000",120,2010
사당,서울특별시 동작구 사당동,224-77,명궁,37.48508,126.9704949,전세,72.8900,4,"40,000",0,2003
사당,서울특별시 동작구 사당동,175-50,(175-50),37.48508,126.9704949,전세,42.8800,-1,"10,000",0,1986
상도,서울특별시 동작구 상도동,356-2,샹그릴라,37.4988159,126.9441045,전세,58.8600,2,"34,500",0,2016
상도,서울특별시 동작구 상도동,279-91,제일하이츠빌라,37.4988159,126.9441045,전세,60.7100,3,"22,000",0,1992
상도,서울특별시 동작구 상도동,7-81,(7-81),37.4988159,126.9441045,월세,43.4200,1,"13,000",35,1986
공덕,서울특별시 마포구 공덕동,117-41,(117-41)연리빌리지,37.549927,126.9592897,전세,42.4200,2,"31,500",0,2007
홍대,서울특별시 마포구 서교동,455-5,파크빌(455-5),37.5550711,126.9238244,전세,19.6500,3,"13,500",0,2010
합정,서울특별시 마포구 합정동,361-9,삼호빌라,37.5477846,126.9095636,전세,33.1100,1,"20,000",0,1988
합정,서울특별시 마포구 합정동,391-2,고려빌라트,37.5477846,126.9095636,월세,126.6100,2,55,55,1992
합정,서울특별시 마포구 합정동,451-11,합정어반힐,37.5477846,126.9095636,전세,24.3800,3,"30,000",0,2020
안암,서울특별시 성북구 안암동1가,105-1,가람JS빌,37.58774,127.02097,월세,29.8200,6,"5,500",95,2017
노원,서울특별시 노원구 월계동,465-33,월계그린빌1,37.6298479,127.0541062,전세,41.0800,1,"13,000",0,2003
노원,서울특별시 노원구 월계동,376-5,임오하이츠빌라,37.6298479,127.0541062,전세,60.5100,4,"21,700",0,1993
길음,서울특별시 성북구 길음동,488-24,(488-24),37.6085308,127.0201946,월세,15.9300,3,"1,000",55,2012
길음,서울특별시 성북구 길음동,1191,반석빌,37.6085308,127.0201946,전세,59.9600,5,"32,000",0,2013
사당,서울특별시 동작구 사당동,180-1,180-1,37.48508,126.9704949,월세,42.2300,2,"3,308",34,2022
사당,서울특별시 동작구 사당동,91-154,(91-154),37.48508,126.9704949,전세,50.3400,4,"42,100",0,2020
사당,서울특별시 동작구 사당동,419-115,(419-115),37.48508,126.9704949,전세,17.9500,1,"13,600",0,2014
사당,서울특별시 동작구 사당동,1005-22,삼원빌라,37.48508,126.9704949,전세,32.1600,2,"15,750",0,2003
사당,서울특별시 동작구 사당동,64-41,선흥별장원룸,37.48508,126.9704949,월세,53.3500,2,"1,000",40,1997
상도,서울특별시 동작구 상도동,202-235,금강그린빌(202-235),37.4988159,126.9441045,전세,38.0700,4,"22,000",0,2014
상도,서울특별시 동작구 상도동,183-31,그린캐슬(183-31),37.4988159,126.9441045,월세,12.4800,7,"1,000",88,2012
상도,서울특별시 동작구 상도동,183-31,그린캐슬(183-31),37.4988159,126.9441045,월세,12.4800,7,"1,000",88,2012
상도,서울특별시 동작구 상도동,356-65,원림아트빌(356-65),37.4988159,126.9441045,전세,66.1100,3,"29,000",0,2002
상도,서울특별시 동작구 상도동,299-154,천수빌라D동,37.4988159,126.9441045,전세,34.9200,-1,"12,000",0,1992
역삼,서울특별시 강남구 역삼동,789-22,월드쉐르빌2,37.49988,127.03856,월세,74.0100,6,"3,000",142,2002
합정,서울특별시 마포구 합정동,74-25,강변타운(74-25),37.5477846,126.9095636,전세,35.3100,2,"23,900",0,1989
합정,서울특별시 마포구 합정동,377-34,합정리치빌,37.5477846,126.9095636,전세,29.9500,5,"37,500",0,2021
역삼,서울특별시 강남구 역삼동,834-56,늘푸른집,37.49988,127.03856,전세,29.2000,4,"25,000",0,2010
역삼,서울특별시 강남구 역삼동,827-72,해오름빌,37.49988,127.03856,월세,30.3600,6,"5,000",115,2013
노원,서울특별시 노원구 중계동,107-40,오띠모빌,37.6509815,127.0810259,월세,43.4200,2,"13,000",30,2013
신촌,서울특별시 서대문구 대현동,90-58,(90-58),37.56058,126.94496,월세,18.9800,8,"2,000",72,2015
노원,서울특별시 노원구 상계동,136-33,베스트하우스(136-33),37.66727,127.07242,월세,55.9300,3,"17,092",19,2019
노원,서울특별시 노원구 상계동,72-119,베스트하우스,37.66727,127.07242,월세,47.7300,3,"11,568",13,2019
신촌,서울특별시 서대문구 대현동,90-42,이대다올노블리움2차(에이동),37.56058,126.94496,월세,22.1000,8,"1,000",110,2018
역삼,서울특별시 강남구 역삼동,778-18,J&Jvill,37.49988,127.03856,전세,36.5200,3,"29,000",0,2015
홍대,서울특별시 마포구 상수동,86-43,(86-43),37.54743,126.92473,월세,38.5600,3,"2,000",100,1991
건대입구,서울특별시 광진구 자양동,219-3,서원빌리지,37.5316905,127.0749477,월세,18.8500,6,"20,000",29,2020
건대입구,서울특별시 광진구 자양동,603-28,(603-28),37.5316905,127.0749477,전세,39.6900,2,"24,000",0,2008
건대입구,서울특별시 광진구 자양동,584-9,현대하이츠빌라,37.5316905,127.0749477,월세,52.4400,2,"14,000",70,1990
노원,서울특별시 노원구 공릉동,566-22,이안빌라,37.6302152,127.0872902,월세,29.9700,5,"5,000",69,2016
신림,서울특별시 관악구 신림동,1439-24,(1439-24),37.486897,126.928177,전세,15.0800,5,"18,800",0,2020
신림,서울특별시 관악구 신림동,468-1,(468-1),37.486897,126.928177,월세,26.8900,6,"18,000",21,2014
신림,서울특별시 관악구 신림동,1505-3,향원빌라(1505-3),37.486897,126.928177,월세,46.5500,1,"22,000",10,2008
신림,서울특별시 관악구 신림동,10-584,(10-584),37.486897,126.928177,월세,65.1500,4,"1,000",53,2006
신림,서울특별시 관악구 신림동,103-234,태화그린빌라,37.486897,126.928177,월세,52.4100,2,"1,000",170,1992
신림,서울특별시 관악구 신림동,409-107,전원하이츠가동,37.486897,126.928177,전세,43.0200,4,"15,000",0,1991
건대입구,서울특별시 광진구 화양동,15-29,(15-29),37.54408,127.06895,전세,21.9300,2,"14,500",0,2009
건대입구,서울특별시 광진구 화양동,17-53,IRIS,37.54408,127.06895,월세,19.5200,2,"13,000",6,2012
건대입구,서울특별시 광진구 화양동,17-47,17-47,37.54408,127.06895,월세,19.8300,6,"2,000",58,2015
수유,서울특별시 강북구 수유동,573-34,푸른솔,37.636597,127.0043825,전세,17.5800,2,"5,000",0,2013
건대입구,서울특별시 광진구 구의동,77-5,구의리베르떼,37.5444896,127.0874678,월세,17.6100,5,"25,000",13,2026
건대입구,서울특별시 광진구 구의동,226-19,우림빌라,37.5444896,127.0874678,전세,45.4200,-1,"10,500",0,1996
성수,서울특별시 성동구 성수동1가,656-1252,덕조빌딩,37.5435,127.03742,월세,15.6200,5,"2,000",66,2013
왕십리,서울특별시 성동구 행당동,302-1,에비뉴힐,37.55783,127.03571,전세,46.6500,2,"38,500",0,2019
노원,서울특별시 노원구 월계동,402-26,(402-26),37.6298479,127.0541062,전세,43.8100,-1,"6,500",0,1994
노원,서울특별시 노원구 월계동,271-10,(271-10),37.6298479,127.0541062,전세,46.0500,2,"13,000",0,1976
합정,서울특별시 마포구 합정동,433-33,진흥빌(433-33),37.5477846,126.9095636,전세,27.9800,3,"20,234",0,2010
신촌,서울특별시 서대문구 대현동,90-50,애스턴빌,37.56058,126.94496,월세,22.2400,7,"1,000",98,2020
노원,서울특별시 노원구 상계동,1118-18,(1118-18),37.66727,127.07242,월세,12.5000,2,500,35,2013
노원,서울특별시 노원구 공릉동,218,퍼즐주택(공릉),37.6302152,127.0872902,월세,35.4800,3,"20,000",45,2018
노원,서울특별시 노원구 공릉동,218,퍼즐주택(공릉),37.6302152,127.0872902,월세,36.4600,5,"3,000",130,2018
노원,서울특별시 노원구 공릉동,644-40,팰리스가,37.6302152,127.0872902,월세,27.6700,5,"3,000",90,2014
노원,서울특별시 노원구 공릉동,584-6,공감대House,37.6302152,127.0872902,전세,12.6200,2,"6,500",0,2012
수유,서울특별시 강북구 수유동,130-48,에코하우스다울18,37.636597,127.0043825,월세,45.3000,4,"4,675",48,2024
수유,서울특별시 강북구 수유동,715-4,스위트빌,37.636597,127.0043825,전세,48.0700,3,"22,300",0,2019
수유,서울특별시 강북구 수유동,441-60,그랜드캐슬,37.636597,127.0043825,전세,29.8300,4,"13,986",0,2014
수유,서울특별시 강북구 수유동,410-340,우리빌(410-340),37.636597,127.0043825,월세,28.7100,2,"1,255",10,2013
안암,서울특별시 성북구 안암동5가,149-1,TheGoldCity,37.5887938,127.0300906,월세,28.1900,3,"2,000",170,2022
안암,서울특별시 성북구 안암동2가,30,해든,37.58616,127.02271,월세,23.3900,3,"1,000",49,2012
상도,서울특별시 동작구 상도동,121-128,(121-128),37.4988159,126.9441045,월세,28.9800,3,"3,000",42,2000
상도,서울특별시 동작구 상도동,134-262,(134-262),37.4988159,126.9441045,월세,39.7500,2,"18,123",22,2003
상도,서울특별시 동작구 상도동,279-379,세정빌라,37.4988159,126.9441045,월세,50.8000,-1,"13,000",5,1992
상도,서울특별시 동작구 상도동,156-19,마르마,37.4988159,126.9441045,월세,17.2600,3,"13,000",15,2012
상도,서울특별시 동작구 상도동,496-18,무경하우스,37.4988159,126.9441045,월세,16.8900,4,"11,000",20,2016
상도,서울특별시 동작구 상도동,244-252,미소가A동(244-252),37.4988159,126.9441045,전세,29.9400,2,"26,000",0,2018
상도,서울특별시 동작구 상도동,246-18,상도동하이빌,37.4988159,126.9441045,월세,42.3000,5,"4,000",70,2003
회기,서울특별시 동대문구 회기동,102-187,(102-187),37.59433,127.05178,월세,12.8100,1,500,35,2012
사당,서울특별시 동작구 사당동,64-104,(64-104),37.48508,126.9704949,월세,62.8400,1,"27,000",15,2002
사당,서울특별시 동작구 사당동,300-23,성원빌라,37.48508,126.9704949,전세,56.5400,4,"26,000",0,1994
사당,서울특별시 동작구 사당동,141-109,삼성(141-109),37.48508,126.9704949,월세,93.3000,4,"15,000",90,1993
사당,서울특별시 동작구 사당동,449-27,미래하이빌(449-27),37.48508,126.9704949,전세,55.2100,5,"25,000",0,2018
사당,서울특별시 동작구 사당동,449-27,미래하이빌(449-27),37.48508,126.9704949,전세,55.2100,5,"25,000",0,2018
건대입구,서울특별시 광진구 화양동,106,(106-0),37.54408,127.06895,월세,24.0400,5,"1,000",68,2014
신림,서울특별시 관악구 신림동,306-68,관악파크빌,37.486897,126.928177,월세,53.7300,2,"4,000",85,2004
신림,서울특별시 관악구 신림동,646-138,(646-138),37.486897,126.928177,전세,39.8700,1,"11,500",0,1993
신림,서울특별시 관악구 신림동,1563-9,동성맨션,37.486897,126.928177,월세,63.6900,-1,"5,000",80,1997
신림,서울특별시 관악구 신림동,563-27,오주하우스,37.486897,126.928177,월세,15.1600,3,"2,000",20,2012
신림,서울특별시 관악구 신림동,412-185,DaehoVill,37.486897,126.928177,월세,29.3700,2,"16,000",4,2016
신림,서울특별시 관악구 신림동,530-1,신대방노블루체,37.486897,126.928177,월세,25.2200,16,"23,000",20,2019
신림,서울특별시 관악구 신림동,613-1,드림타운,37.486897,126.928177,전세,26.9000,6,"25,000",0,2020
신림,서울특별시 관악구 신림동,1668-29,체나콜빌,37.486897,126.928177,월세,29.9300,2,"3,000",114,2021
신림,서울특별시 관악구 신림동,11-23,더베리타스,37.486897,126.928177,전세,24.5900,4,"29,400",0,2022
신림,서울특별시 관악구 신림동,1429-45,TOV,37.486897,126.928177,월세,24.2000,5,"24,000",40,2023
신림,서울특별시 관악구 신림동,103-190,동영빌,37.486897,126.928177,월세,29.8000,5,769,22,2023
건대입구,서울특별시 광진구 자양동,231-64,와이위드미,37.5316905,127.0749477,전세,55.1900,3,"47,250",0,2024
건대입구,서울특별시 광진구 자양동,589-16,한양팰리스(589-16),37.5316905,127.0749477,월세,49.7700,3,"30,000",50,2017
건대입구,서울특별시 광진구 자양동,639-22,에비앙하우스,37.5316905,127.0749477,월세,25.5000,5,"25,000",10,2016
건대입구,서울특별시 광진구 자양동,646-14,신성쉐르빌(646-14),37.5316905,127.0749477,월세,52.4800,4,"5,000",83,2010
건대입구,서울특별시 광진구 자양동,639-36,스타리버빌,37.5316905,127.0749477,월세,40.1300,3,"20,000",35,2008
건대입구,서울특별시 광진구 자양동,646,(646-0),37.5316905,127.0749477,전세,27.0900,2,"15,750",0,2007
건대입구,서울특별시 광진구 자양동,52-104,(52-104),37.5316905,127.0749477,월세,23.3700,4,"1,000",63,2004
건대입구,서울특별시 광진구 구의동,69-1,제이캐슬,37.5444896,127.0874678,월세,41.8500,6,"44,000",20,2020
건대입구,서울특별시 광진구 구의동,646-8,(646-8),37.5444896,127.0874678,월세,19.6000,3,"15,900",15,2019
건대입구,서울특별시 광진구 구의동,257-13,돌체,37.5444896,127.0874678,월세,21.0000,5,"2,000",44,2011
건대입구,서울특별시 광진구 구의동,37-9,아차산빌라,37.5444896,127.0874678,월세,75.4500,4,"20,000",70,2003
왕십리,서울특별시 성동구 행당동,311-7,로마네스크,37.55783,127.03571,전세,29.3600,2,"26,400",0,2016
왕십리,서울특별시 성동구 행당동,1-72,(1-72),37.55783,127.03571,월세,89.9800,3,500,60,2004
역삼,서울특별시 강남구 역삼동,780-11,집앤사파시앙스,37.49988,127.03856,전세,23.1400,2,"35,000",0,2026
역삼,서울특별시 강남구 역삼동,780-11,집앤사파시앙스,37.49988,127.03856,전세,23.1400,2,"35,000",0,2026
역삼,서울특별시 강남구 역삼동,834-36,힐스테이트6,37.49988,127.03856,월세,29.9100,3,"3,000",120,2015
역삼,서울특별시 강남구 역삼동,774-15,그레이스빌(774-15),37.49988,127.03856,월세,15.5900,3,"2,000",61,2013
역삼,서울특별시 강남구 역삼동,835-61,글로리아스위트,37.49988,127.03856,월세,32.0200,3,"1,000",120,2004
역삼,서울특별시 강남구 역삼동,794-34,(794-34),37.49988,127.03856,월세,27.9200,4,"1,000",87,2003
역삼,서울특별시 강남구 역삼동,774-22,(774-22),37.49988,127.03856,월세,71.6700,2,"2,000",65,2002
역삼,서울특별시 강남구 역삼동,771-16,네오아키빌,37.49988,127.03856,월세,72.4400,5,"52,000",13,2002
역삼,서울특별시 강남구 역삼동,690-12,에벤에셀,37.49988,127.03856,월세,75.4600,3,"2,000",250,2003
역삼,서울특별시 강남구 역삼동,655-19,행복한빌라,37.49988,127.03856,월세,49.1000,4,"30,000",61,2002
역삼,서울특별시 강남구 역삼동,655-19,행복한빌라,37.49988,127.03856,월세,49.1000,4,"30,000",61,2002
공덕,서울특별시 마포구 공덕동,21-3,(21-3),37.549927,126.9592897,전세,22.2300,3,"25,700",0,2021
홍대,서울특별시 마포구 서교동,342-22,NextVille,37.5550711,126.9238244,월세,30.7800,1,"1,000",75,2002
홍대,서울특별시 마포구 서교동,342-22,NextVille,37.5550711,126.9238244,월세,30.7800,1,"1,000",75,2002
홍대,서울특별시 마포구 서교동,449-21,동궁빌라,37.5550711,126.9238244,월세,28.3900,3,"24,000",5,2012
상도,서울특별시 동작구 상도동,356-230,원형,37.4988159,126.9441045,월세,69.9800,5,"23,000",50,2003
합정,서울특별시 마포구 합정동,453-13,이에스한강포레B,37.5477846,126.9095636,전세,29.8500,2,"34,000",0,2024
합정,서울특별시 마포구 합정동,451-11,합정어반힐,37.5477846,126.9095636,전세,18.7700,5,"21,000",0,2020
합정,서울특별시 마포구 합정동,378-14,VALUEDEVELOPMENT,37.5477846,126.9095636,월세,25.5600,2,"22,500",25,2016
건대입구,서울특별시 광진구 자양동,471-5,한양주택,37.5316905,127.0749477,전세,83.5900,1,"37,000",0,1998
상도,서울특별시 동작구 상도동,126-43,대명빌라,37.4988159,126.9441045,전세,52.8600,2,"19,000",0,1993
건대입구,서울특별시 광진구 자양동,588-26,효성하이츠빌라,37.5316905,127.0749477,전세,40.7600,2,"20,000",0,1991
건대입구,서울특별시 광진구 자양동,651-1,경성빌라,37.5316905,127.0749477,월세,43.4700,4,"5,000",105,2008
건대입구,서울특별시 광진구 자양동,678-4,(678-4),37.5316905,127.0749477,전세,57.9000,4,"20,000",0,2009
건대입구,서울특별시 광진구 자양동,52-200,랜드마크,37.5316905,127.0749477,월세,30.1200,4,"24,000",10,2016
노원,서울특별시 노원구 상계동,341-5,(341-5),37.66727,127.07242,월세,18.4300,6,"1,000",64,2013
노원,서울특별시 노원구 상계동,133,이풍경힐탑,37.66727,127.07242,월세,50.8700,6,617,36,2018
노원,서울특별시 노원구 상계동,1048-20,해밀2동,37.66727,127.07242,월세,52.0500,5,"1,691",40,2019
역삼,서울특별시 강남구 역삼동,681-39,동우코아,37.49988,127.03856,월세,23.4000,2,"1,000",68,1998
역삼,서울특별시 강남구 역삼동,681-39,동우코아,37.49988,127.03856,월세,23.4000,2,"1,000",69,1998
노원,서울특별시 노원구 중계동,168-9,한신월드타운(168-9),37.6509815,127.0810259,월세,64.5200,5,"5,000",110,2011
역삼,서울특별시 강남구 역삼동,697-17,역삼빌라트(697-17),37.49988,127.03856,월세,76.8500,4,"20,000",119,2000
신촌,서울특별시 서대문구 대현동,150,이대역마에스트로,37.56058,126.94496,월세,12.0100,3,"1,000",70,2012
역삼,서울특별시 강남구 역삼동,690-10,(690-10),37.49988,127.03856,월세,34.8100,2,"1,000",125,2013
역삼,서울특별시 강남구 역삼동,703-6,케이타워역삼오피스텔,37.49988,127.03856,월세,16.9400,3,"1,000",90,2014
역삼,서울특별시 강남구 역삼동,774-40,역삼더하임,37.49988,127.03856,월세,24.9900,4,"30,000",48,2020
홍대,서울특별시 마포구 서교동,467-4,(467-4),37.5550711,126.9238244,월세,25.3900,3,"1,000",52,2002
길음,서울특별시 성북구 길음동,1218,1218-0,37.6085308,127.0201946,전세,18.3300,4,"8,900",0,2007
성수,서울특별시 성동구 성수동1가,16-46,미성아트빌D,37.5435,127.03742,전세,43.4400,4,"39,000",0,2003
성수,서울특별시 성동구 성수동1가,330-1,(330-1),37.5435,127.03742,월세,21.1700,2,"1,000",45,2006
성수,서울특별시 성동구 성수동1가,301,리버그린,37.5435,127.03742,월세,67.2200,3,"5,500",150,2006
홍대,서울특별시 마포구 서교동,380-8,사이언스밸리,37.5550711,126.9238244,월세,29.9700,2,"27,000",5,2012
왕십리,서울특별시 성동구 행당동,1-36,(1-36),37.55783,127.03571,월세,83.4700,2,"1,000",65,2005
왕십리,서울특별시 성동구 행당동,19-79,삼인베스트빌,37.55783,127.03571,월세,52.2100,1,0,31,2003
신림,서울특별시 관악구 신림동,1423-22,K-VIEWTOWERⅢ,37.486897,126.928177,월세,17.3900,5,"1,000",105,2024
신림,서울특별시 관악구 신림동,510-20,T&K신림Ⅲ,37.486897,126.928177,월세,54.2900,5,"7,486",10,2023
신림,서울특별시 관악구 신림동,530-2,메리트엠타워,37.486897,126.928177,월세,12.6000,8,"10,000",25,2019
신림,서울특별시 관악구 신림동,1432-151,원오피스텔(1432-151),37.486897,126.928177,전세,19.9900,5,"9,500",0,2002
신림,서울특별시 관악구 신림동,1708-2,한림102동,37.486897,126.928177,월세,59.1200,5,"21,000",30,2001
신림,서울특별시 관악구 신림동,685-210,중앙타운A동B동,37.486897,126.928177,월세,55.1000,4,"13,000",15,1997
신림,서울특별시 관악구 신림동,412-96,황제빌라F,37.486897,126.928177,전세,35.8800,1,"8,000",0,1990
건대입구,서울특별시 광진구 화양동,121-9,더퍼스트,37.54408,127.06895,전세,22.1800,7,"27,000",0,2022
성수,서울특별시 성동구 성수동2가,700-2,성수빌라(700-2),37.54048,127.05601,전세,42.3000,1,"18,900",0,1996
성수,서울특별시 성동구 성수동2가,700-2,성수빌라(700-2),37.54048,127.05601,전세,42.3000,1,"18,900",0,1996
신설동,서울특별시 동대문구 신설동,6,캐슬루체,37.5760544,127.0246657,전세,34.6700,6,"35,000",0,2023
건대입구,서울특별시 광진구 구의동,45-25,신흥아트빌,37.5444896,127.0874678,월세,64.1500,1,"27,000",20,2002
건대입구,서울특별시 광진구 구의동,231-16,(231-16),37.5444896,127.0874678,전세,29.9200,3,"21,000",0,2014
수유,서울특별시 강북구 수유동,130-48,에코하우스다울18,37.636597,127.0043825,월세,45.7300,4,"4,738",49,2024
수유,서울특별시 강북구 수유동,169-16,옐로우트리(yellowtree),37.636597,127.0043825,전세,45.8300,5,"33,200",0,2022
수유,서울특별시 강북구 수유동,50-56,아림,37.636597,127.0043825,월세,18.4800,5,500,60,2012
수유,서울특별시 강북구 수유동,521-50,삼각산드림빌,37.636597,127.0043825,월세,14.1000,2,500,55,2010
사당,서울특별시 동작구 사당동,303-171,신성빌라,37.48508,126.9704949,월세,61.4100,4,"5,000",93,2007
사당,서울특별시 동작구 사당동,303-171,신성빌라,37.48508,126.9704949,월세,61.4100,4,"5,000",93,2007
사당,서울특별시 동작구 사당동,419-101,메종슈에뜨101,37.48508,126.9704949,월세,28.3500,2,"4,000",45,2016
사당,서울특별시 동작구 사당동,316-253,동현재,37.48508,126.9704949,월세,36.8400,1,"4,000",76,2012
역삼,서울특별시 강남구 역삼동,655-19,행복한빌라,37.49988,127.03856,월세,49.1000,4,"30,000",61,2002
사당,서울특별시 동작구 사당동,192-6,리츠빌,37.48508,126.9704949,전세,59.5300,4,"35,000",0,2008
사당,서울특별시 동작구 사당동,77-50,(77-50),37.48508,126.9704949,월세,35.9700,2,"1,000",55,2001
회기,서울특별시 동대문구 회기동,16-36,(16-36),37.59433,127.05178,월세,12.2850,3,"1,000",52,2013
흑석,서울특별시 동작구 흑석동,186-72,흑석빌리지,37.5064393,126.963687,월세,56.5900,4,"3,000",77,2017
홍대,서울특별시 마포구 서교동,395-182,문리빙,37.5550711,126.9238244,월세,48.5400,3,"6,000",65,2002
상도,서울특별시 동작구 상도동,279-470,안다하우스,37.4988159,126.9441045,전세,45.3400,4,"22,000",0,2015
상도,서울특별시 동작구 상도동,236-9,강남빌(236-9),37.4988159,126.9441045,월세,51.2800,2,"5,000",100,2014
상도,서울특별시 동작구 상도동,256-6,휴먼넥스빌(256-6),37.4988159,126.9441045,전세,37.9400,3,"23,500",0,2013
상도,서울특별시 동작구 상도동,256-6,휴먼넥스빌(256-6),37.4988159,126.9441045,전세,37.9400,3,"23,500",0,2013
상도,서울특별시 동작구 상도동,299-17,우현캐슬,37.4988159,126.9441045,전세,33.4800,2,"28,000",0,2013
상도,서울특별시 동작구 상도동,356-230,원형,37.4988159,126.9441045,월세,69.9800,5,"23,000",50,2003
성수,서울특별시 성동구 성수동1가,685-1,(685-1),37.5435,127.03742,전세,28.5000,3,"23,000",0,2003
성수,서울특별시 성동구 성수동1가,685-260,신성연립,37.5435,127.03742,월세,81.2200,2,"20,000",92,1978
성수,서울특별시 성동구 성수동1가,13-101,(13-101),37.5435,127.03742,전세,22.1000,5,"16,500",0,2012
성수,서울특별시 성동구 성수동1가,13-101,(13-101),37.5435,127.03742,전세,22.1000,5,"16,500",0,2012
안암,서울특별시 성북구 안암동5가,12-4,하우재,37.5887938,127.0300906,월세,25.2400,2,"3,000",130,2022
노원,서울특별시 노원구 월계동,292-62,태광빌라,37.6298479,127.0541062,전세,49.0800,2,"20,000",0,1989
노원,서울특별시 노원구 공릉동,107-121,묵당,37.6302152,127.0872902,월세,84.7000,2,"1,000",45,2009
노원,서울특별시 노원구 공릉동,609-55,(609-55),37.6302152,127.0872902,월세,21.0900,2,"1,000",62,2012
노원,서울특별시 노원구 공릉동,395-4,에덴빌라,37.6302152,127.0872902,월세,27.0900,5,"2,000",60,2012
수유,서울특별시 강북구 수유동,468-235,샤이어빌,37.636597,127.0043825,전세,42.0000,2,"22,680",0,2020
수유,서울특별시 강북구 수유동,468-235,샤이어빌,37.636597,127.0043825,전세,42.0000,2,"22,680",0,2020
수유,서울특별시 강북구 수유동,508-103,오크빌리지,37.636597,127.0043825,전세,56.7100,2,"22,700",0,2016
수유,서울특별시 강북구 수유동,472-134,한솔에코빌B동,37.636597,127.0043825,전세,29.7900,2,"15,000",0,2015
수유,서울특별시 강북구 수유동,472-197,거유주택,37.636597,127.0043825,월세,43.7800,2,"3,000",60,1995
수유,서울특별시 강북구 수유동,125-7,해민하이츠빌라(가동),37.636597,127.0043825,월세,34.7000,4,"9,000",23,1994
역삼,서울특별시 강남구 역삼동,661-5,학수빌,37.49988,127.03856,월세,28.0400,3,"13,900",30,2011
합정,서울특별시 마포구 합정동,358-26,신화그린빌라1,37.5477846,126.9095636,전세,48.0500,2,"28,000",0,1993
노원,서울특별시 노원구 상계동,77-2,제일빌라,37.66727,127.07242,월세,49.0700,2,"2,000",28,1992
노원,서울특별시 노원구 상계동,136-6,그린씨티빌,37.66727,127.07242,월세,33.5200,4,"16,500",15,2009
노원,서울특별시 노원구 상계동,404-8,용진쉐르빌,37.66727,127.07242,월세,36.3400,4,"3,000",80,2010
노원,서울특별시 노원구 상계동,1019-69,호연빌리지,37.66727,127.07242,월세,29.9800,5,"3,000",34,2010
노원,서울특별시 노원구 상계동,367-11,카사밀라,37.66727,127.07242,월세,14.2300,3,"1,000",52,2013
역삼,서울특별시 강남구 역삼동,794-34,(794-34),37.49988,127.03856,월세,31.8900,4,"18,700",8,2003
역삼,서울특별시 강남구 역삼동,747-12,현대하이츠(747-12),37.49988,127.03856,월세,52.0800,3,"20,000",100,1988
역삼,서울특별시 강남구 역삼동,745-36,역삼빌라A(745-36),37.49988,127.03856,월세,34.9500,-1,"8,000",50,1988
역삼,서울특별시 강남구 역삼동,725-68,제이하우스,37.49988,127.03856,월세,26.6600,2,"15,000",19,2000
역삼,서울특별시 강남구 역삼동,660-6,금정빌라,37.49988,127.03856,전세,59.9300,3,"27,000",0,2001
상도,서울특별시 동작구 상도동,214-92,(214-92),37.4988159,126.9441045,월세,70.1100,-1,"3,000",100,1996
상도,서울특별시 동작구 상도동,285-9,성종,37.4988159,126.9441045,전세,68.0400,3,"30,000",0,2010
상도,서울특별시 동작구 상도동,17-56,위너스힐,37.4988159,126.9441045,월세,12.6300,2,"2,000",43,2011
상도,서울특별시 동작구 상도동,214-350,쉐어하우스,37.4988159,126.9441045,월세,12.9600,3,"8,400",5,2012
상도,서울특별시 동작구 상도동,378-2,심쿵,37.4988159,126.9441045,월세,31.1400,5,576,21,2018
상도,서울특별시 동작구 상도동,378-2,심쿵,37.4988159,126.9441045,월세,31.1400,5,"1,440",19,2018
상도,서울특별시 동작구 상도동,378-2,심쿵,37.4988159,126.9441045,월세,42.9100,3,"2,025",26,2018
사당,서울특별시 동작구 사당동,178-5,성락힐타운,37.48508,126.9704949,전세,42.5700,1,"17,000",0,1986
사당,서울특별시 동작구 사당동,180-85,선영가동,37.48508,126.9704949,전세,40.4700,-1,"13,000",0,1988
사당,서울특별시 동작구 사당동,437-44,더하우스9차,37.48508,126.9704949,전세,62.1900,3,"43,000",0,2008
사당,서울특별시 동작구 사당동,446-38,(446-38),37.48508,126.9704949,전세,22.1500,2,"15,000",0,2012
홍대,서울특별시 마포구 서교동,381-38,(381-38),37.5550711,126.9238244,월세,29.2300,3,"15,000",47,2019
홍대,서울특별시 마포구 서교동,380-8,사이언스밸리,37.5550711,126.9238244,월세,45.9900,4,"27,000",5,2012
홍대,서울특별시 마포구 서교동,451-14,진흥푸르지오(451-14),37.5550711,126.9238244,월세,84.3000,4,"1,000",100,2008
홍대,서울특별시 마포구 서교동,333-44,WhiteVille,37.5550711,126.9238244,월세,20.6800,2,"2,000",64,2002
홍대,서울특별시 마포구 동교동,200-19,오비브하우스,37.5571419,126.9261901,월세,46.8000,4,"5,500",70,2002
신림,서울특별시 관악구 신림동,409-291,동방주택8차1동,37.486897,126.928177,월세,36.8300,-1,"7,300",15,1990
신림,서울특별시 관악구 신림동,598-83,대흥빌라,37.486897,126.928177,월세,41.6400,1,"11,400",20,1996
신림,서울특별시 관악구 신림동,409-308,하니빌,37.486897,126.928177,월세,44.4300,4,"1,000",60,2002
신림,서울특별시 관악구 신림동,464-13,우현빌,37.486897,126.928177,전세,49.9600,3,"29,000",0,2014
건대입구,서울특별시 광진구 화양동,46-16,샤인빌,37.54408,127.06895,월세,20.3200,3,"7,000",50,2008
공덕,서울특별시 마포구 공덕동,242-58,신흥연립가동,37.549927,126.9592897,전세,65.4900,2,"30,450",0,1977
건대입구,서울특별시 광진구 자양동,16-39,(16-39),37.5316905,127.0749477,전세,21.0300,6,"30,000",0,2026
건대입구,서울특별시 광진구 자양동,800-9,그린빌,37.5316905,127.0749477,전세,52.1100,2,"31,500",0,2007
건대입구,서울특별시 광진구 자양동,13-50,(13-50),37.5316905,127.0749477,월세,46.6200,4,"3,000",140,2007
건대입구,서울특별시 광진구 구의동,251-26,광진팰리스,37.5444896,127.0874678,월세,15.1900,9,60,31,2019
건대입구,서울특별시 광진구 구의동,242-120,(242-120),37.5444896,127.0874678,월세,17.4400,2,"2,000",48,2013
왕십리,서울특별시 성동구 행당동,1-55,(1-55),37.55783,127.03571,월세,40.2500,3,"1,000",60,2003
왕십리,서울특별시 성동구 행당동,304-21,행당리치빌,37.55783,127.03571,월세,16.1700,4,"2,000",65,2015
왕십리,서울특별시 성동구 행당동,302-22,아트빌라,37.55783,127.03571,전세,29.6100,3,"21,500",0,2015
왕십리,서울특별시 성동구 행당동,292-5,리앤리빌행당,37.55783,127.03571,전세,28.6900,4,"34,000",0,2023
사당,서울특별시 동작구 사당동,220-26,다다미디어(220-26),37.48508,126.9704949,월세,38.3000,3,"6,000",75,2002
사당,서울특별시 동작구 사당동,62-3,(62-3),37.48508,126.9704949,월세,50.6600,3,0,50,2006
사당,서울특별시 동작구 사당동,183-39,가온빌,37.48508,126.9704949,전세,29.8400,2,"26,250",0,2019
사당,서울특별시 동작구 사당동,183-39,가온빌,37.48508,126.9704949,전세,29.8400,2,"26,250",0,2019
홍대,서울특별시 마포구 서교동,342-12,오즈빌딩,37.5550711,126.9238244,월세,37.1700,5,"2,000",110,1996
역삼,서울특별시 강남구 역삼동,796,(796-0),37.49988,127.03856,전세,27.0000,3,"13,900",0,2001
수유,서울특별시 강북구 수유동,169-4,행루즈,37.636597,127.0043825,월세,25.6300,2,"10,500",29,2012
수유,서울특별시 강북구 수유동,335-13,현대베스트빌(가동),37.636597,127.0043825,월세,41.3000,5,"2,000",60,2008
건대입구,서울특별시 광진구 자양동,57-131,팰리스빌자양3,37.5316905,127.0749477,전세,19.5400,2,"18,000",0,2021
건대입구,서울특별시 광진구 자양동,57-131,팰리스빌자양3,37.5316905,127.0749477,전세,19.5400,2,"18,000",0,2021
상도,서울특별시 동작구 상도동,126-5,백촌타운,37.4988159,126.9441045,월세,68.1500,3,"3,000",70,1983
안암,서울특별시 성북구 안암동5가,12-166,(12-166),37.5887938,127.0300906,월세,14.1300,3,"1,000",75,2012
신림,서울특별시 관악구 신림동,1421-31,(1421-31),37.486897,126.928177,전세,15.1800,9,"10,000",0,2015
신림,서울특별시 관악구 신림동,613-13,은연재,37.486897,126.928177,월세,15.5600,7,"1,000",50,2013
신림,서울특별시 관악구 신림동,646-261,신한(646-261),37.486897,126.928177,전세,35.7500,1,"10,000",0,1992
회기,서울특별시 동대문구 회기동,60-89,(60-89),37.59433,127.05178,월세,13.5200,1,"2,000",55,2013
사당,서울특별시 동작구 사당동,278-116,진영파크빌가동,37.48508,126.9704949,전세,53.9800,3,"25,000",0,2004
사당,서울특별시 동작구 사당동,427-17,은탁아트빌,37.48508,126.9704949,월세,52.6500,5,"9,000",64,2006
사당,서울특별시 동작구 사당동,429-6,에벤에셀,37.48508,126.9704949,월세,46.6800,4,"25,000",49,2013
사당,서울특별시 동작구 사당동,217-7,가온누리,37.48508,126.9704949,월세,11.6200,5,"3,000",50,2014
사당,서울특별시 동작구 사당동,91-158,(91-158),37.48508,126.9704949,전세,29.6900,2,"34,000",0,2022
청량리,서울특별시 동대문구 청량리동,61-188,중앙빌라,37.5882073,127.0462518,월세,52.5200,1,"20,000",15,1997
수유,서울특별시 강북구 수유동,709-25,명진주택C,37.636597,127.0043825,전세,50.1500,2,"25,000",0,2022
수유,서울특별시 강북구 수유동,270-19,아산피렌체(270-19),37.636597,127.0043825,월세,28.9800,4,"3,500",110,2019
수유,서울특별시 강북구 수유동,401-30,시즌빌라,37.636597,127.0043825,월세,29.6400,4,"1,000",80,2013
노원,서울특별시 노원구 공릉동,506-29,(506-29),37.6302152,127.0872902,월세,12.0700,2,"2,000",37,2011
안암,서울특별시 성북구 안암동5가,12-166,(12-166),37.5887938,127.0300906,월세,14.1300,4,"1,000",70,2012
안암,서울특별시 성북구 안암동5가,102-67,영산빌딩,37.5887938,127.0300906,월세,16.9200,3,"1,000",60,2013
성수,서울특별시 성동구 성수동2가,299-247,대보빌라(B동),37.54048,127.05601,전세,57.7900,3,"25,400",0,1994
성수,서울특별시 성동구 성수동2가,269-236,정안맨션6차,37.54048,127.05601,전세,54.0000,2,"36,000",0,1985
노원,서울특별시 노원구 월계동,400-1,MAIBAUM,37.6298479,127.0541062,월세,12.0900,2,"1,000",40,2011
노원,서울특별시 노원구 월계동,400-1,MAIBAUM,37.6298479,127.0541062,월세,12.0700,3,"1,000",39,2011
성수,서울특별시 성동구 성수동2가,216-23,강변빌라트,37.54048,127.05601,월세,71.0100,2,"2,000",93,2003
신림,서울특별시 관악구 신림동,120-13,(120-13),37.486897,126.928177,월세,49.2900,-1,800,65,1986
신림,서울특별시 관악구 신림동,1629-96,동산빌라,37.486897,126.928177,전세,31.3200,-1,"8,600",0,1993
신림,서울특별시 관악구 신림동,1457-12,파인빌,37.486897,126.928177,월세,26.2100,3,"21,000",8,2014
신림,서울특별시 관악구 신림동,626-37,초이스빌(626-37),37.486897,126.928177,월세,36.5900,2,"23,000",20,2014
신림,서울특별시 관악구 신림동,1664-25,1664-25,37.486897,126.928177,월세,14.4200,3,"1,000",63,2015
신림,서울특별시 관악구 신림동,1432-151,원오피스텔(1432-151),37.486897,126.928177,월세,29.3400,6,"13,000",15,2002
신림,서울특별시 관악구 신림동,563-20,알펜하우스(563-20),37.486897,126.928177,월세,49.9150,6,"10,000",120,2017
신림,서울특별시 관악구 신림동,1412-3,자이오피스텔,37.486897,126.928177,월세,12.2600,9,"3,000",71,2021
신림,서울특별시 관악구 신림동,1427-15,AugustTower,37.486897,126.928177,월세,13.8300,8,"19,000",5,2021
신림,서울특별시 관악구 신림동,537-32,아리아빌딩,37.486897,126.928177,월세,18.2300,14,"20,700",13,2025
노원,서울특별시 노원구 월계동,911-8,운강빌라,37.6298479,127.0541062,월세,43.0300,3,"1,000",50,1992
건대입구,서울특별시 광진구 구의동,231-60,대명캐슬2차,37.5444896,127.0874678,전세,59.2600,2,"50,000",0,2022
홍대,서울특별시 마포구 서교동,346-27,(346-27),37.5550711,126.9238244,월세,20.1400,2,"1,000",105,2002
건대입구,서울특별시 광진구 구의동,226-2,KS홈타운,37.5444896,127.0874678,월세,46.6600,6,"33,000",10,2016
건대입구,서울특별시 광진구 화양동,121-9,더퍼스트,37.54408,127.06895,월세,12.2000,5,"1,000",71,2022
건대입구,서울특별시 광진구 화양동,35-68,해오름,37.54408,127.06895,월세,14.3000,3,"1,000",31,2012
건대입구,서울특별시 광진구 화양동,16-56,始皇,37.54408,127.06895,월세,17.1600,3,"5,000",40,2011
왕십리,서울특별시 성동구 행당동,19-78,우미아이에스빌,37.55783,127.03571,월세,84.6700,4,"1,000",60,2003
성수,서울특별시 성동구 성수동1가,656-127,(656-127),37.5435,127.03742,전세,49.6700,2,"30,000",0,2008
건대입구,서울특별시 광진구 자양동,227-297,브랙핸즈Ⅴ,37.5316905,127.0749477,전세,23.3700,3,"19,800",0,2018
건대입구,서울특별시 광진구 자양동,677-12,첼시하우스,37.5316905,127.0749477,전세,27.7000,2,"21,670",0,2018
건대입구,서울특별시 광진구 자양동,589-7,한양팰리스(589-7),37.5316905,127.0749477,전세,27.0800,6,"32,000",0,2017
건대입구,서울특별시 광진구 자양동,203-23,뚝섬리버빌2차(B동),37.5316905,127.0749477,월세,40.5000,3,"30,000",27,2016
건대입구,서울특별시 광진구 자양동,218-38,네모하우스(218-38),37.5316905,127.0749477,전세,41.3100,4,"31,000",0,2014
건대입구,서울특별시 광진구 자양동,605-23,605-23,37.5316905,127.0749477,전세,17.7100,5,"12,000",0,2014
건대입구,서울특별시 광진구 자양동,9-2,로데빌,37.5316905,127.0749477,월세,18.8700,2,"1,000",93,2012
건대입구,서울특별시 광진구 자양동,632-29,신성쉐르빌,37.5316905,127.0749477,전세,55.4000,2,"37,000",0,2007
건대입구,서울특별시 광진구 자양동,6-6,(6-6),37.5316905,127.0749477,월세,19.5000,4,"1,000",55,2003
건대입구,서울특별시 광진구 자양동,646-12,마이빌6-BEST,37.5316905,127.0749477,월세,41.7600,3,"3,000",74,2003
역삼,서울특별시 강남구 역삼동,781-18,하우징허브,37.49988,127.03856,전세,27.7400,3,"37,485",0,2018
역삼,서울특별시 강남구 역삼동,781-18,하우징허브,37.49988,127.03856,전세,27.7400,3,"37,300",0,2018
역삼,서울특별시 강남구 역삼동,774-10,리치웰,37.49988,127.03856,월세,25.4700,2,"27,000",30,2017
역삼,서울특별시 강남구 역삼동,784-13,동우빌딩,37.49988,127.03856,월세,12.7200,4,"1,000",69,2012
역삼,서울특별시 강남구 역삼동,657-4,레스빌,37.49988,127.03856,전세,24.7200,3,"20,000",0,2001
길음,서울특별시 성북구 길음동,1236,리츠팰리스,37.6085308,127.0201946,월세,38.1100,4,"1,000",90,2012
신촌,서울특별시 서대문구 창천동,4-114,(4-114),37.5587663,126.9342407,월세,12.0400,2,500,62,2011
합정,서울특별시 마포구 합정동,376-22,한빌리지,37.5477846,126.9095636,월세,32.8000,-1,"3,500",80,1997
노원,서울특별시 노원구 상계동,349-15,(349-15),37.66727,127.07242,월세,16.8200,5,500,45,2014
노원,서울특별시 노원구 상계동,1087-26,부림빌라A,37.66727,127.07242,월세,63.4400,-1,"10,000",15,1997
노원,서울특별시 노원구 상계동,169-412,진석빌라,37.66727,127.07242,월세,42.6800,-1,"1,000",41,1992
노원,서울특별시 노원구 상계동,135-103,신한신빌라5동,37.66727,127.07242,월세,35.5000,4,"10,000",30,1991
합정,서울특별시 마포구 합정동,376-24,두산빌라,37.5477846,126.9095636,전세,30.5200,2,"20,000",0,1990
합정,서울특별시 마포구 합정동,446-1,강변르네상스나동,37.5477846,126.9095636,전세,29.9400,4,"22,000",0,2010
상도,서울특별시 동작구 상도동,22-43,스카이빌,37.4988159,126.9441045,월세,56.7000,3,"30,000",6,2002
상도,서울특별시 동작구 상도동,55-102,(55-102),37.4988159,126.9441045,전세,36.6800,2,"16,100",0,1995
상도,서울특별시 동작구 상도동,55-102,(55-102),37.4988159,126.9441045,전세,36.6800,2,"16,100",0,1995
상도,서울특별시 동작구 상도동,208-37,우리주택,37.4988159,126.9441045,전세,74.5100,4,"34,000",0,2003
상도,서울특별시 동작구 상도동,244-164,신안하이츠빌라,37.4988159,126.9441045,전세,40.2100,2,"21,000",0,1994
상도,서울특별시 동작구 상도동,290-57,장승시티빌,37.4988159,126.9441045,월세,80.5200,3,"34,000",5,2001
상도,서울특별시 동작구 상도동,242-92,해피하우스(242-92),37.4988159,126.9441045,월세,14.2300,3,"3,000",48,2013
상도,서울특별시 동작구 상도동,214-54,더포레스트2차,37.4988159,126.9441045,전세,43.4900,2,"25,000",0,2016
상도,서울특별시 동작구 상도동,279-397,강호빌리지,37.4988159,126.9441045,월세,42.9400,4,"24,000",10,2017
상도,서울특별시 동작구 상도동,183-28,그린시티,37.4988159,126.9441045,전세,11.3100,8,"12,140",0,2018
상도,서울특별시 동작구 상도동,201-133,카렌시아A동,37.4988159,126.9441045,전세,34.7400,1,"27,300",0,2022
합정,서울특별시 마포구 합정동,437-30,샤인빌,37.5477846,126.9095636,월세,19.2000,5,"2,000",65,2011
수유,서울특별시 강북구 수유동,468-282,삼성그린타운(468-282),37.636597,127.0043825,월세,35.1000,2,"2,000",70,1995
건대입구,서울특별시 광진구 구의동,70-5,동서화운트빌(70-5),37.5444896,127.0874678,전세,45.9300,4,"37,000",0,2016
수유,서울특별시 강북구 수유동,708-1,광명빌라(708-1),37.636597,127.0043825,월세,31.0200,-1,"1,000",50,1994
수유,서울특별시 강북구 수유동,558-56,진주빌라(C),37.636597,127.0043825,월세,42.1200,3,"10,400",10,1992
수유,서울특별시 강북구 수유동,223-18,레전드빌(223-18),37.636597,127.0043825,전세,55.9400,3,"26,000",0,2003
상도,서울특별시 동작구 상도동,201-2,상도로얄맨션,37.4988159,126.9441045,월세,33.5100,1,"15,300",12,2003
상도,서울특별시 동작구 상도동,244-351,인성주택가동,37.4988159,126.9441045,전세,33.0500,1,"13,500",0,1986
상도,서울특별시 동작구 상도동,258,신양빌라,37.4988159,126.9441045,전세,56.8800,1,"30,000",0,1989
상도,서울특별시 동작구 상도동,469-4,(469-4),37.4988159,126.9441045,전세,20.6100,2,"10,500",0,2003
성수,서울특별시 성동구 성수동1가,35-2,서울숲(35-2),37.5435,127.03742,월세,79.3200,3,"3,400",88,2007
상도,서울특별시 동작구 상도동,469-4,(469-4),37.4988159,126.9441045,전세,20.6100,2,"10,500",0,2003
상도,서울특별시 동작구 상도동,469-4,(469-4),37.4988159,126.9441045,전세,20.6100,2,"10,500",0,2003
상도,서울특별시 동작구 상도동,277-1,우현파크빌,37.4988159,126.9441045,전세,37.7400,3,"23,601",0,2014
상도,서울특별시 동작구 상도동,210-252,대일빌라(210-252외),37.4988159,126.9441045,월세,41.5700,3,"24,000",30,2015
역삼,서울특별시 강남구 역삼동,745-24,마이플레이스,37.49988,127.03856,전세,27.7800,2,"33,000",0,2018
역삼,서울특별시 강남구 역삼동,780-35,쉐누빌,37.49988,127.03856,월세,59.7100,3,"55,000",7,2018
노원,서울특별시 노원구 공릉동,208-26,현대가든빌라가동,37.6302152,127.0872902,전세,85.5300,3,"20,000",0,1986
역삼,서울특별시 강남구 역삼동,656-5,역삼백년빌(656-5),37.49988,127.03856,월세,27.0400,4,200,90,2011
역삼,서울특별시 강남구 역삼동,729-29,(729-29),37.49988,127.03856,월세,34.3200,3,140,140,2002
상도,서울특별시 동작구 상도동,54-26,브이업빌딩,37.4988159,126.9441045,월세,14.0300,4,"1,000",67,2017
노원,서울특별시 노원구 월계동,376-78,임오하이츠빌라A동,37.6298479,127.0541062,월세,43.2600,3,"3,000",80,1993
신촌,서울특별시 서대문구 창천동,383,(383-0),37.5587663,126.9342407,월세,23.5900,2,"1,000",61,2002
역삼,서울특별시 강남구 역삼동,662-3,역삼빌라트(662-3),37.49988,127.03856,월세,29.8900,4,120,120,2002
안암,서울특별시 성북구 안암동5가,15-55,큰소나무,37.5887938,127.0300906,월세,12.7200,5,"2,000",70,2012
건대입구,서울특별시 광진구 자양동,632-32,자양바로지음,37.5316905,127.0749477,전세,20.9000,4,"28,000",0,2026
건대입구,서울특별시 광진구 자양동,632-32,자양바로지음,37.5316905,127.0749477,전세,24.9900,3,"30,000",0,2026
건대입구,서울특별시 광진구 자양동,227-112,동화홈타운(227-112),37.5316905,127.0749477,전세,43.1600,7,"44,000",0,2018
건대입구,서울특별시 광진구 자양동,229-1,이수섬,37.5316905,127.0749477,전세,40.3700,4,"33,000",0,2016
건대입구,서울특별시 광진구 자양동,775-7,낙원빌리지,37.5316905,127.0749477,전세,56.4800,5,"25,000",0,2010
성수,서울특별시 성동구 성수동2가,289-162,대명아트빌,37.54048,127.05601,전세,27.3100,2,"25,780",0,2020
성수,서울특별시 성동구 성수동2가,321-45,(321-45),37.54048,127.05601,월세,15.1800,4,"12,000",4,2012
성수,서울특별시 성동구 성수동1가,656-572,성수리치빌A동,37.5435,127.03742,월세,16.9000,4,"4,000",55,2016
사당,서울특별시 동작구 사당동,1047-9,봄빛하우스,37.48508,126.9704949,월세,29.3200,3,"13,000",6,2013
사당,서울특별시 동작구 사당동,1047-9,봄빛하우스,37.48508,126.9704949,월세,29.3200,3,"13,000",6,2013
사당,서울특별시 동작구 사당동,1039-18,신영움트빌,37.48508,126.9704949,월세,42.9200,2,"2,000",84,2002
성수,서울특별시 성동구 성수동1가,656-399,프라임27A,37.5435,127.03742,전세,29.9200,5,"23,000",0,2015
사당,서울특별시 동작구 사당동,1038-37,경운빌라,37.48508,126.9704949,월세,71.1300,2,"14,000",99,1986
신림,서울특별시 관악구 신림동,102-24,(102-24),37.486897,126.928177,전세,57.5500,1,"18,000",0,2002
신림,서울특별시 관악구 신림동,598-44,운서빌라트4,37.486897,126.928177,월세,60.1400,2,"18,000",20,2001
신림,서울특별시 관악구 신림동,610-292,청림주택,37.486897,126.928177,월세,73.9900,4,"22,000",20,1997
신림,서울특별시 관악구 신림동,704-44,동현아트빌(704-44),37.486897,126.928177,전세,24.6100,5,"12,000",0,2012
신림,서울특별시 관악구 신림동,244-23,성산원룸,37.486897,126.928177,월세,12.9200,3,300,48,2012
신림,서울특별시 관악구 신림동,532-20,상록하우스,37.486897,126.928177,월세,39.4000,4,"3,000",120,2013
신림,서울특별시 관악구 신림동,103-207,좋은집,37.486897,126.928177,월세,12.4000,4,"1,000",40,2014
신림,서울특별시 관악구 신림동,489-17,이도파크빌,37.486897,126.928177,월세,45.2100,4,"3,348",35,2023
합정,서울특별시 마포구 합정동,74-25,강변타운(74-25),37.5477846,126.9095636,전세,35.3100,2,"23,900",0,1989
역삼,서울특별시 강남구 역삼동,780-11,집앤사파시앙스,37.49988,127.03856,전세,25.1900,5,"40,000",0,2026
역삼,서울특별시 강남구 역삼동,782,두산위브파빌리온역삼,37.49988,127.03856,월세,56.0910,6,"5,000",460,2025
역삼,서울특별시 강남구 역삼동,664-1,더힐스,37.49988,127.03856,전세,27.4500,5,"45,000",0,2021
합정,서울특별시 마포구 합정동,434-15,원스빌,37.5477846,126.9095636,전세,17.0500,2,"13,000",0,2011
합정,서울특별시 마포구 합정동,453-1,태원빌라,37.5477846,126.9095636,월세,60.0200,4,"20,000",12,2010
합정,서울특별시 마포구 합정동,430-3,두레주택,37.5477846,126.9095636,월세,56.4200,4,"30,000",10,2001
합정,서울특별시 마포구 합정동,361-9,삼호빌라,37.5477846,126.9095636,전세,33.1100,1,"20,000",0,1988
성수,서울특별시 성동구 성수동1가,656-399,프라임27A,37.5435,127.03742,전세,29.9200,5,"23,000",0,2015
건대입구,서울특별시 광진구 구의동,210-92,아이빌B,37.5444896,127.0874678,전세,43.7000,2,"30,000",0,2017
노원,서울특별시 노원구 월계동,392-45,에이플러스빌,37.6298479,127.0541062,전세,21.4500,3,"7,000",0,2016
노원,서울특별시 노원구 월계동,392-45,에이플러스빌,37.6298479,127.0541062,전세,21.4500,3,"7,000",0,2016
노원,서울특별시 노원구 월계동,390-10,시원하림스위트,37.6298479,127.0541062,월세,29.9300,3,"16,000",10,2018
노원,서울특별시 노원구 공릉동,503-9,(503-9),37.6302152,127.0872902,월세,13.3200,4,300,33,2013
노원,서울특별시 노원구 공릉동,513-22,힐링하우스,37.6302152,127.0872902,월세,13.8300,5,"1,000",40,2013
노원,서울특별시 노원구 공릉동,375-8,(375-8),37.6302152,127.0872902,월세,16.7700,3,547,24,2021
노원,서울특별시 노원구 공릉동,270-66,스위트휴,37.6302152,127.0872902,월세,29.7600,5,100,23,2024
노원,서울특별시 노원구 상계동,158-1,유성빌라E동,37.66727,127.07242,월세,36.1000,1,"12,000",20,1991
노원,서울특별시 노원구 상계동,1118-16,수락래미안,37.66727,127.07242,월세,14.9600,4,"3,000",35,2011
노원,서울특별시 노원구 상계동,71-42,한진빌라,37.66727,127.07242,월세,43.0800,1,"17,000",10,1996
상도,서울특별시 동작구 상도동,2-10,거봉빌라,37.4988159,126.9441045,전세,93.8200,2,"37,800",0,1998
상도,서울특별시 동작구 상도동,28-3,그린하트빌,37.4988159,126.9441045,월세,57.0000,2,"25,000",20,2003
상도,서울특별시 동작구 상도동,56-52,은혜빌라(56-52),37.4988159,126.9441045,월세,48.7100,1,"15,000",40,1993
상도,서울특별시 동작구 상도동,264-205,성림하이츠,37.4988159,126.9441045,월세,30.3300,1,"10,000",30,1991
상도,서울특별시 동작구 상도동,264-205,성림하이츠,37.4988159,126.9441045,월세,30.3300,1,"10,000",30,1991
상도,서울특별시 동작구 상도동,264-205,성림하이츠,37.4988159,126.9441045,월세,30.3300,1,"10,000",30,1991
상도,서울특별시 동작구 상도동,203-29,노블레스,37.4988159,126.9441045,월세,33.2200,4,"11,300",65,2018
상도,서울특별시 동작구 상도동,203-29,노블레스,37.4988159,126.9441045,월세,33.2200,4,"11,300",65,2018
역삼,서울특별시 강남구 역삼동,704-43,RAUM,37.49988,127.03856,월세,19.4400,3,"12,600",15,2012
역삼,서울특별시 강남구 역삼동,697-21,서전빌,37.49988,127.03856,월세,31.0300,2,"3,000",100,2004
사당,서울특별시 동작구 사당동,300-104,새문빌라트(300-104),37.48508,126.9704949,전세,53.5900,5,"18,900",0,2003
사당,서울특별시 동작구 사당동,180-19,선영나동,37.48508,126.9704949,전세,41.3900,-1,"10,000",0,1988
사당,서울특별시 동작구 사당동,1048-12,대도하이츠빌라(1048-12),37.48508,126.9704949,전세,57.0300,1,"24,000",0,1993
사당,서울특별시 동작구 사당동,1048-12,대도하이츠빌라(1048-12),37.48508,126.9704949,전세,57.0300,1,"24,000",0,1993
사당,서울특별시 동작구 사당동,1048-12,대도하이츠빌라(1048-12),37.48508,126.9704949,전세,57.0300,1,"26,800",0,1993
사당,서울특별시 동작구 사당동,241-35,마인하우스,37.48508,126.9704949,월세,59.4500,2,"40,000",20,2018
신림,서울특별시 관악구 신림동,10-436,동산빌라(10-436),37.486897,126.928177,월세,36.4500,3,"13,000",55,1993
신림,서울특별시 관악구 신림동,90-152,한양아트빌리지,37.486897,126.928177,월세,37.5400,2,"12,400",15,1993
신림,서울특별시 관악구 신림동,409-207,신림파크빌라가동,37.486897,126.928177,월세,30.4200,2,"9,360",2,1992
신림,서울특별시 관악구 신림동,610-143,신안빌라(610-143),37.486897,126.928177,월세,41.3500,3,"15,000",20,1993
신림,서울특별시 관악구 신림동,610-242,장미빌라(610-242),37.486897,126.928177,월세,35.8200,4,"10,800",20,1993
신림,서울특별시 관악구 신림동,611-92,우석빌라13차,37.486897,126.928177,월세,35.5800,4,"12,000",20,1995
신림,서울특별시 관악구 신림동,667-13,현대빌라트,37.486897,126.928177,월세,65.8800,2,"14,500",35,2000
신림,서울특별시 관악구 신림동,619-51,소노펠리체I,37.486897,126.928177,전세,29.9200,4,"17,600",0,2012
신림,서울특별시 관악구 신림동,1461-7,가윤,37.486897,126.928177,월세,14.0100,8,"1,000",46,2017
신림,서울특별시 관악구 신림동,654-9,펠리체빌리지,37.486897,126.928177,전세,33.7500,6,"21,500",0,2018
건대입구,서울특별시 광진구 화양동,1-1,퍼스트하우스,37.54408,127.06895,월세,15.0000,2,"3,000",55,2014
건대입구,서울특별시 광진구 화양동,46-46,(46-46),37.54408,127.06895,월세,16.7200,2,500,63,2010
건대입구,서울특별시 광진구 화양동,132-31,(132-31),37.54408,127.06895,전세,78.6600,1,"14,000",0,1996
공덕,서울특별시 마포구 공덕동,17-67,헤이븐오피스텔,37.549927,126.9592897,월세,16.5570,17,"1,000",66,2020
건대입구,서울특별시 광진구 자양동,621-56,송림하우스,37.5316905,127.0749477,전세,29.9700,2,"25,200",0,2017
건대입구,서울특별시 광진구 자양동,621-56,송림하우스,37.5316905,127.0749477,전세,29.9700,2,"25,200",0,2017
건대입구,서울특별시 광진구 자양동,57-140,57-140,37.5316905,127.0749477,월세,14.7200,5,"1,000",60,2017
건대입구,서울특별시 광진구 자양동,653-16,준빌리지,37.5316905,127.0749477,월세,29.9800,4,"25,000",25,2016
건대입구,서울특별시 광진구 자양동,687-3,동일빌,37.5316905,127.0749477,월세,26.8900,2,"13,000",22,2016
건대입구,서울특별시 광진구 자양동,663-28,자양동빌라,37.5316905,127.0749477,월세,79.8000,2,"32,370",6,2004
건대입구,서울특별시 광진구 자양동,640-5,(640-5),37.5316905,127.0749477,월세,106.5900,3,"1,000",40,2002
건대입구,서울특별시 광진구 구의동,70-16,광명하우스,37.5444896,127.0874678,전세,28.4500,2,"21,000",0,2019
건대입구,서울특별시 광진구 구의동,587-84,동서울ART빌라,37.5444896,127.0874678,전세,83.6400,2,"45,000",0,1992
건대입구,서울특별시 광진구 구의동,70-23,(70-23),37.5444896,127.0874678,전세,42.6500,2,"15,400",0,2002
건대입구,서울특별시 광진구 구의동,47-20,(47-20),37.5444896,127.0874678,월세,24.9400,2,"2,000",44,2002
합정,서울특별시 마포구 합정동,436-19,젤라빌리지,37.5477846,126.9095636,전세,49.6800,3,"30,000",0,1992
합정,서울특별시 마포구 합정동,434-21,영성주택,37.5477846,126.9095636,전세,60.0000,-1,"18,900",0,1997
합정,서울특별시 마포구 합정동,393-16,현대빌라,37.5477846,126.9095636,전세,58.7200,4,"27,500",0,1995
합정,서울특별시 마포구 합정동,358-1,신화그린빌라2,37.5477846,126.9095636,월세,54.4300,1,"6,000",100,1993
성수,서울특별시 성동구 성수동2가,289-162,대명아트빌,37.54048,127.05601,월세,28.6600,3,"23,110",5,2020
성수,서울특별시 성동구 성수동1가,13-266,서울숲무지개,37.5435,127.03742,월세,18.0300,7,"25,000",25,2023
성수,서울특별시 성동구 성수동1가,656-1805,영동주택3동,37.5435,127.03742,전세,36.5400,2,"21,878",0,1990
왕십리,서울특별시 성동구 도선동,314,로젠빌,37.56322,127.03311,월세,14.1700,2,"13,900",8,2012
홍대,서울특별시 마포구 상수동,322-7,(322-7),37.54743,126.92473,전세,19.9600,3,"16,000",0,2008
신촌,서울특별시 서대문구 창천동,4-121,(4-121),37.5587663,126.9342407,월세,11.4800,3,300,45,1983
신촌,서울특별시 서대문구 창천동,418,오즈빌,37.5587663,126.9342407,월세,13.8500,3,500,65,2011
수유,서울특별시 강북구 수유동,472-358,아가페하우스,37.636597,127.0043825,월세,18.0800,4,500,55,2017
수유,서울특별시 강북구 수유동,433-9,한아름그린빌라,37.636597,127.0043825,월세,51.8200,2,"13,000",20,1996
노원,서울특별시 노원구 상계동,1017-1,양지쉐르빌,37.66727,127.07242,전세,59.7300,4,"28,759",0,2020
수유,서울특별시 강북구 수유동,130-29,설악빌라트12차,37.636597,127.0043825,월세,49.4000,3,"13,000",23,2003
상도,서울특별시 동작구 상도동,56-71,무지개빌라,37.4988159,126.9441045,전세,41.2700,-1,"8,400",0,1992
수유,서울특별시 강북구 수유동,435-24,은진하이빌(435-24),37.636597,127.0043825,월세,63.6250,2,"2,000",80,2008
수유,서울특별시 강북구 수유동,252-161,청호캐스빌,37.636597,127.0043825,월세,39.7300,2,"1,000",135,2012
역삼,서울특별시 강남구 역삼동,781-16,스타빌,37.49988,127.03856,월세,29.4000,4,"1,000",95,2002
노원,서울특별시 노원구 상계동,1053,시온빌라트,37.66727,127.07242,전세,55.1900,2,"25,953",0,2021
건대입구,서울특별시 광진구 구의동,234-10,노블2,37.5444896,127.0874678,월세,45.4500,5,"23,750",28,2015
건대입구,서울특별시 광진구 구의동,234-10,노블2,37.5444896,127.0874678,월세,45.4500,5,"23,750",28,2015
노원,서울특별시 노원구 상계동,1053,시온빌라트,37.66727,127.07242,전세,55.1900,2,"25,953",0,2021
건대입구,서울특별시 광진구 구의동,234-10,노블2,37.5444896,127.0874678,월세,45.4500,5,"23,750",28,2015
건대입구,서울특별시 광진구 구의동,642-3,구의동에코하임,37.5444896,127.0874678,월세,28.0700,4,"3,000",105,2023
역삼,서울특별시 강남구 역삼동,781-24,(781-24),37.49988,127.03856,월세,29.2800,3,"1,000",65,2003
상도,서울특별시 동작구 상도동,283-187,청화빌라가동,37.4988159,126.9441045,월세,40.3000,1,"14,800",10,1989
신림,서울특별시 관악구 신림동,1531,유인빌딩,37.486897,126.928177,전세,25.9750,3,"19,400",0,2019
신림,서울특별시 관악구 신림동,768-2,쌍용프라임(768-24),37.486897,126.928177,월세,35.0600,2,500,20,2014
신림,서울특별시 관악구 신림동,464-3,목원,37.486897,126.928177,월세,16.2400,3,"1,000",57,2013
신림,서울특별시 관악구 신림동,10-584,(10-584),37.486897,126.928177,월세,109.6600,1,"2,000",58,2006
신림,서울특별시 관악구 신림동,1556-35,(1556-35),37.486897,126.928177,월세,43.8300,3,"13,000",30,1993
상도,서울특별시 동작구 상도동,290-56,현대빌라(290-56),37.4988159,126.9441045,전세,33.4500,2,"13,000",0,1991
홍대,서울특별시 마포구 동교동,147-40,(147-40),37.5571419,126.9261901,월세,45.8900,3,"20,000",70,2001
홍대,서울특별시 마포구 동교동,147-40,(147-40),37.5571419,126.9261901,월세,45.8900,3,"20,000",70,2001
노원,서울특별시 노원구 중계동,75-20,궁전빌라,37.6509815,127.0810259,전세,45.9300,4,"11,990",0,1997
상도,서울특별시 동작구 상도동,7-24,미성렉스빌,37.4988159,126.9441045,전세,73.8400,3,"45,000",0,2008
역삼,서울특별시 강남구 역삼동,778-13,더프라나역삼,37.49988,127.03856,전세,29.9700,2,"37,900",0,2021
역삼,서울특별시 강남구 역삼동,794-23,마이플레이스(794-23),37.49988,127.03856,월세,43.0600,6,"47,000",20,2019
합정,서울특별시 마포구 합정동,453-15,한강에듀포레B동,37.5477846,126.9095636,월세,27.8000,3,"7,000",137,2021
역삼,서울특별시 강남구 역삼동,698-26,더원스타빌,37.49988,127.03856,월세,29.6600,3,"1,000",141,2017
합정,서울특별시 마포구 합정동,453-15,한강에듀포레B동,37.5477846,126.9095636,월세,27.8000,3,"7,000",137,2021
성수,서울특별시 성동구 성수동2가,333-25,오렌지빌,37.54048,127.05601,전세,69.6600,3,"23,000",0,2002
성수,서울특별시 성동구 성수동2가,321-52,(321-52),37.54048,127.05601,월세,26.3400,2,"7,500",59,2012
신촌,서울특별시 서대문구 대현동,90-42,이대다올노블리움2차(에이동),37.56058,126.94496,월세,22.1000,7,"1,000",110,2018
합정,서울특별시 마포구 합정동,198-6,더하우스5차,37.5477846,126.9095636,월세,30.0600,2,"19,000",20,2007
합정,서울특별시 마포구 합정동,458-2,청송빌라,37.5477846,126.9095636,전세,33.9900,1,"19,000",0,1986
신촌,서울특별시 서대문구 창천동,100-127,(100-127),37.5587663,126.9342407,월세,14.7900,2,"1,000",72,2018
신촌,서울특별시 서대문구 창천동,90-55,(90-55),37.5587663,126.9342407,월세,12.8700,4,"2,500",38,2011
왕십리,서울특별시 성동구 행당동,299-9,화원빌라트,37.55783,127.03571,전세,48.8400,3,"24,255",0,1997
성수,서울특별시 성동구 성수동1가,656-329,자양빌라,37.5435,127.03742,전세,67.3500,1,"35,000",0,1987
역삼,서울특별시 강남구 역삼동,690-36,HAUSTEMC,37.49988,127.03856,월세,15.6900,4,"2,000",42,2010
역삼,서울특별시 강남구 역삼동,723-22,초이스빌라(723-22),37.49988,127.03856,월세,35.6400,4,"5,000",65,2002
노원,서울특별시 노원구 월계동,855-2,한성빌라,37.6298479,127.0541062,월세,32.8200,2,"10,000",10,1988
안암,서울특별시 성북구 안암동5가,103-25,대륜빌딩,37.5887938,127.0300906,월세,14.0000,5,"1,000",71,2019
안암,서울특별시 성북구 안암동4가,15-5,MAIBAUM안암,37.58079,127.02558,월세,12.6800,2,"2,500",29,2011
안암,서울특별시 성북구 안암동2가,68,화이트빌,37.58616,127.02271,월세,24.5700,3,"5,000",85,2014
합정,서울특별시 마포구 합정동,360-22,동삼주택(360-22),37.5477846,126.9095636,전세,37.5900,-1,"15,000",0,1988
안암,서울특별시 성북구 안암동1가,87-1,성종그린빌,37.58774,127.02097,월세,41.5000,2,"10,000",60,2001
합정,서울특별시 마포구 합정동,358-26,신화그린빌라1,37.5477846,126.9095636,전세,48.0500,2,"28,000",0,1993
홍대,서울특별시 마포구 동교동,147-40,(147-40),37.5571419,126.9261901,월세,45.8900,3,"20,000",70,2001
건대입구,서울특별시 광진구 자양동,663-18,파랑새빌라(663-18),37.5316905,127.0749477,월세,59.8300,5,"13,000",76,2002
건대입구,서울특별시 광진구 자양동,609-20,(609-20),37.5316905,127.0749477,월세,33.7800,2,"6,000",49,2013
건대입구,서울특별시 광진구 자양동,637-13,주명그린빌,37.5316905,127.0749477,전세,48.0300,3,"36,300",0,2015
건대입구,서울특별시 광진구 자양동,52-89,미산빌8차,37.5316905,127.0749477,월세,16.4400,5,"1,000",70,2021
건대입구,서울특별시 광진구 자양동,16-39,(16-39),37.5316905,127.0749477,전세,28.3400,6,"30,000",0,2026
홍대,서울특별시 마포구 서교동,485-14,영진,37.5550711,126.9238244,월세,45.6200,2,"1,000",75,1971
홍대,서울특별시 마포구 서교동,484-34,서교그린빌라,37.5550711,126.9238244,전세,57.4400,2,"28,000",0,1996
노원,서울특별시 노원구 공릉동,621-1,수정아트,37.6302152,127.0872902,월세,19.9500,3,"5,500",16,2011
노원,서울특별시 노원구 공릉동,609-55,(609-55),37.6302152,127.0872902,월세,15.3400,2,"1,000",60,2012
노원,서울특별시 노원구 공릉동,415-82,(415-82),37.6302152,127.0872902,월세,24.0000,3,"1,000",50,2015
성수,서울특별시 성동구 성수동1가,685-251,다솜가,37.5435,127.03742,전세,33.9700,4,"21,500",0,2001
성수,서울특별시 성동구 성수동1가,685-251,다솜가,37.5435,127.03742,전세,33.9700,4,"21,500",0,2001
역삼,서울특별시 강남구 역삼동,661-13,리치빌,37.49988,127.03856,전세,27.7800,4,"18,500",0,2003
역삼,서울특별시 강남구 역삼동,663-6,심산하우스,37.49988,127.03856,월세,33.0200,-1,150,90,2002
건대입구,서울특별시 광진구 화양동,24-6,(24-6),37.54408,127.06895,전세,21.2800,5,"8,925",0,2013
건대입구,서울특별시 광진구 화양동,32-20,보나하임,37.54408,127.06895,월세,24.7200,5,"1,000",62,2016
사당,서울특별시 동작구 사당동,309-30,화이트빌(309-30),37.48508,126.9704949,월세,31.6700,3,"20,000",40,2014
상도,서울특별시 동작구 상도동,214-148,한강빌라,37.4988159,126.9441045,전세,32.8800,4,"15,600",0,1992
상도,서울특별시 동작구 상도동,335-22,아진빌라,37.4988159,126.9441045,월세,68.2500,1,"21,500",65,1997
상도,서울특별시 동작구 상도동,256-192,그린피아빌(256-192),37.4988159,126.9441045,월세,49.4800,5,"19,000",45,2007
상도,서울특별시 동작구 상도동,507-3,제이플러스,37.4988159,126.9441045,월세,12.3950,4,"1,000",52,2013
상도,서울특별시 동작구 상도동,283-41,해피하우스(283-41),37.4988159,126.9441045,전세,42.8500,4,"29,300",0,2015
상도,서울특별시 동작구 상도동,356-4,이에스하임8차,37.4988159,126.9441045,전세,46.1500,3,"34,600",0,2018
상도,서울특별시 동작구 상도동,227-1,대흥미소가29차(A동),37.4988159,126.9441045,전세,29.9000,4,"24,570",0,2020
상도,서울특별시 동작구 상도동,335-155,광채빌라,37.4988159,126.9441045,월세,31.1400,3,"2,997",31,2024
역삼,서울특별시 강남구 역삼동,783-11,자인웰리움,37.49988,127.03856,전세,47.1600,5,"45,000",0,2016
역삼,서울특별시 강남구 역삼동,690-42,아이힐2,37.49988,127.03856,전세,29.9700,3,"31,000",0,2016
역삼,서울특별시 강남구 역삼동,690-42,아이힐2,37.49988,127.03856,월세,29.9000,2,"30,000",10,2016
역삼,서울특별시 강남구 역삼동,780-46,역삼다산빌라,37.49988,127.03856,월세,12.8600,5,"15,000",19,2016
역삼,서울특별시 강남구 역삼동,660-27,더플레이스,37.49988,127.03856,월세,29.9500,2,"3,000",187,2019
역삼,서울특별시 강남구 역삼동,798-1,더힐,37.49988,127.03856,월세,28.9600,3,"43,000",10,2021
사당,서울특별시 동작구 사당동,419-1,(419-1),37.48508,126.9704949,전세,31.8700,3,"39,500",0,2018
사당,서울특별시 동작구 사당동,300-12,삼정,37.48508,126.9704949,월세,50.5800,3,"3,000",125,2013
사당,서울특별시 동작구 사당동,281-1,은행하이츠빌라,37.48508,126.9704949,월세,28.9100,3,"1,000",75,1991
사당,서울특별시 동작구 사당동,178-2,서안A,37.48508,126.9704949,월세,62.4600,2,500,30,1985
건대입구,서울특별시 광진구 구의동,20-13,청목리츠빌,37.5444896,127.0874678,월세,48.8000,3,"11,000",58,2002
건대입구,서울특별시 광진구 구의동,649-7,다성파크빌리지,37.5444896,127.0874678,월세,47.0700,4,"16,500",55,1996
왕십리,서울특별시 성동구 행당동,19-90,(19-90),37.55783,127.03571,월세,16.7200,3,"8,000",35,2011
왕십리,서울특별시 성동구 행당동,300-1,푸른마을,37.55783,127.03571,전세,75.4700,3,"43,100",0,2002
건대입구,서울특별시 광진구 구의동,206-3,(206-3),37.5444896,127.0874678,월세,20.3800,3,940,64,2012
건대입구,서울특별시 광진구 구의동,257-40,자연S,37.5444896,127.0874678,월세,13.8400,3,"2,500",38,2013
건대입구,서울특별시 광진구 구의동,251-37,엘하우스,37.5444896,127.0874678,월세,28.6500,6,"25,000",10,2018
건대입구,서울특별시 광진구 자양동,226-25,(226-25),37.5316905,127.0749477,전세,50.6600,1,"27,500",0,1987
홍대,서울특별시 마포구 서교동,449-21,동궁빌라,37.5550711,126.9238244,월세,28.3900,2,"20,000",30,2012
공덕,서울특별시 마포구 공덕동,21-3,(21-3),37.549927,126.9592897,월세,14.2500,2,"12,000",7,2021
노원,서울특별시 노원구 공릉동,421-21,엘림오피스,37.6302152,127.0872902,월세,22.3600,3,"1,000",56,2012
노원,서울특별시 노원구 하계동,281,선경빌라,37.6382503,127.0738302,월세,84.9200,3,"30,000",16,1995
건대입구,서울특별시 광진구 화양동,1-1,퍼스트하우스,37.54408,127.06895,월세,29.9800,2,"3,000",50,2014
건대입구,서울특별시 광진구 화양동,32-2,모아빌,37.54408,127.06895,월세,29.4200,3,500,60,2016
건대입구,서울특별시 광진구 화양동,20-30,(20-30),37.54408,127.06895,월세,15.0400,9,"1,000",85,2021
노원,서울특별시 노원구 상계동,1096-8,리언하우스A,37.66727,127.07242,월세,66.3800,4,"15,000",40,2005
수유,서울특별시 강북구 수유동,130-65,연은팰리스(A동),37.636597,127.0043825,월세,52.9600,4,"3,000",80,2010
홍대,서울특별시 마포구 서교동,438-5,트인빌(438-5),37.5550711,126.9238244,월세,29.9500,3,"2,500",51,2003
신림,서울특별시 관악구 신림동,1668-29,체나콜빌,37.486897,126.928177,월세,29.6000,6,"5,000",106,2021
신림,서울특별시 관악구 신림동,530-2,메리트엠타워,37.486897,126.928177,월세,12.6000,9,"10,000",28,2019
신림,서울특별시 관악구 신림동,676-13,한나래A동,37.486897,126.928177,전세,52.1300,4,"23,000",0,2017
신림,서울특별시 관악구 신림동,511-27,센트레빌,37.486897,126.928177,월세,29.8300,4,"19,500",40,2016
신림,서울특별시 관악구 신림동,1481-18,성창빌라,37.486897,126.928177,월세,47.6500,2,"11,000",50,1991
신림,서울특별시 관악구 신림동,348-7,성덕빌라,37.486897,126.928177,전세,62.6400,3,"23,000",0,1996
노원,서울특별시 노원구 중계동,90-26,동신다가구(90-26),37.6509815,127.0810259,월세,47.2100,3,"11,000",60,1995
신설동,서울특별시 동대문구 신설동,45-2,로얄팰리스,37.5760544,127.0246657,전세,29.4200,5,"25,000",0,2018
노원,서울특별시 노원구 월계동,392-45,에이플러스빌,37.6298479,127.0541062,월세,17.0500,4,"1,000",40,2016
노원,서울특별시 노원구 월계동,402-55,태광B동(402-55),37.6298479,127.0541062,전세,54.6000,1,"18,000",0,1989
역삼,서울특별시 강남구 역삼동,692-26,(692-26),37.49988,127.03856,월세,30.7800,3,300,100,2001
역삼,서울특별시 강남구 역삼동,774-21,우림레스빌,37.49988,127.03856,전세,63.2100,2,"42,000",0,2001
역삼,서울특별시 강남구 역삼동,677-8,디엔에스리치빌,37.49988,127.03856,월세,19.1900,9,"10,000",35,2013
역삼,서울특별시 강남구 역삼동,827-72,해오름빌,37.49988,127.03856,월세,14.4000,3,500,78,2013
합정,서울특별시 마포구 합정동,81-26,행복다세대주택,37.5477846,126.9095636,전세,42.6900,3,"35,000",0,2018
합정,서울특별시 마포구 합정동,453-3,진성리버빌,37.5477846,126.9095636,월세,14.8200,2,500,41,2010
역삼,서울특별시 강남구 역삼동,778-7,제이원빌,37.49988,127.03856,월세,29.9800,3,"27,300",13,2014
건대입구,서울특별시 광진구 구의동,207-3,주함해븐빌B동,37.5444896,127.0874678,월세,74.9100,3,"34,000",20,2008
건대입구,서울특별시 광진구 구의동,30-36,태영파크빌,37.5444896,127.0874678,월세,45.5400,3,"24,000",20,2010
건대입구,서울특별시 광진구 구의동,587-56,ElimVill(587-56),37.5444896,127.0874678,월세,41.0000,2,"25,000",25,2011
왕십리,서울특별시 성동구 행당동,302-1,에비뉴힐,37.55783,127.03571,전세,44.2200,4,"38,000",0,2019
공덕,서울특별시 마포구 신공덕동,6-3,신덕맨션,37.5447,126.95606,월세,80.0800,1,"2,000",120,1981
공덕,서울특별시 마포구 공덕동,112-6,피카소,37.549927,126.9592897,전세,29.1200,3,"26,000",0,2020
합정,서울특별시 마포구 합정동,433-33,진흥빌(433-33),37.5477846,126.9095636,월세,29.7900,3,"2,000",85,2010
합정,서울특별시 마포구 합정동,386-10,영화빌라,37.5477846,126.9095636,전세,48.0400,3,"30,000",0,1991
건대입구,서울특별시 광진구 화양동,20-33,예가,37.54408,127.06895,월세,22.4800,2,"14,000",6,2011
건대입구,서울특별시 광진구 화양동,35-68,해오름,37.54408,127.06895,월세,15.2400,2,"1,000",47,2012
건대입구,서울특별시 광진구 화양동,19-2,jw.cityvill1동,37.54408,127.06895,월세,13.0500,4,"2,000",48,2013
건대입구,서울특별시 광진구 화양동,37-30,Mamaison,37.54408,127.06895,월세,20.3600,5,"3,000",43,2015
건대입구,서울특별시 광진구 화양동,23-37,까사펠리즈화양,37.54408,127.06895,월세,27.9900,12,"5,000",170,2025
건대입구,서울특별시 광진구 화양동,23-37,까사펠리즈화양,37.54408,127.06895,월세,27.9900,9,"3,000",180,2025
신림,서울특별시 관악구 신림동,11-23,더베리타스,37.486897,126.928177,월세,24.4500,6,"5,000",130,2022
신림,서울특별시 관악구 신림동,1564-9,모닝힐(1564-9),37.486897,126.928177,전세,41.1500,5,"26,000",0,2016
신림,서울특별시 관악구 신림동,526-4,풍양빌딩,37.486897,126.928177,월세,23.9350,5,"5,000",32,2012
신림,서울특별시 관악구 신림동,255-179,현산푸른숲빌A동,37.486897,126.928177,전세,75.5600,4,"20,000",0,2009
신림,서울특별시 관악구 신림동,1680-12,행복이가득한집,37.486897,126.928177,월세,57.4200,2,"22,000",50,2003
신림,서울특별시 관악구 신림동,88-9,진우빌라,37.486897,126.928177,월세,23.5300,4,500,31,2002
역삼,서울특별시 강남구 역삼동,690-29,아람빌,37.49988,127.03856,월세,44.2200,2,"7,000",86,2001
역삼,서울특별시 강남구 역삼동,619,정암빌딩,37.49988,127.03856,월세,37.5600,3,"1,000",85,1999
역삼,서울특별시 강남구 역삼동,725-43,베첼하우스,37.49988,127.03856,월세,21.9500,2,400,182,2016
홍대,서울특별시 마포구 동교동,187-18,엘림빌라,37.5571419,126.9261901,월세,48.9100,2,"20,000",30,1993
사당,서울특별시 동작구 사당동,419-66,천조스테이,37.48508,126.9704949,전세,11.3500,4,"11,900",0,2021
사당,서울특별시 동작구 사당동,316-289,아크로하임A동,37.48508,126.9704949,전세,52.2600,2,"40,000",0,2018
사당,서울특별시 동작구 사당동,241-46,세영베스트빌(241-46),37.48508,126.9704949,전세,70.4600,5,"37,000",0,2003
사당,서울특별시 동작구 사당동,175-64,복음,37.48508,126.9704949,월세,51.5900,1,"12,000",30,1990
상도,서울특별시 동작구 상도동,159-223,상도힐,37.4988159,126.9441045,전세,27.7600,4,"11,500",0,2017
상도,서울특별시 동작구 상도동,33-6,드림캐슬(33-6),37.4988159,126.9441045,전세,51.3800,4,"34,000",0,2016
상도,서울특별시 동작구 상도동,154-14,(154-14),37.4988159,126.9441045,월세,41.3200,2,"1,000",95,2013
상도,서울특별시 동작구 상도동,279-440,서강파미에,37.4988159,126.9441045,전세,65.2700,2,"18,000",0,2009
상도,서울특별시 동작구 상도동,279-229,반석주택,37.4988159,126.9441045,월세,57.7000,1,"12,000",20,1996
상도,서울특별시 동작구 상도동,264-173,대동그린빌,37.4988159,126.9441045,월세,75.4500,3,"5,000",100,2002
상도,서울특별시 동작구 상도동,214-3,현대하이츠빌라(102동),37.4988159,126.9441045,월세,31.9800,-1,500,50,1990
신촌,서울특별시 서대문구 창천동,461,(461-0),37.5587663,126.9342407,월세,14.8600,4,"1,000",60,2011
홍대,서울특별시 마포구 상수동,336-10,세종빌리지2,37.54743,126.92473,전세,38.2700,3,"24,150",0,2008
노원,서울특별시 노원구 상계동,456-86,상계에스하임,37.66727,127.07242,월세,28.4300,5,"3,394",8,2019
노원,서울특별시 노원구 상계동,135-33,그랜드빌,37.66727,127.07242,전세,38.6100,2,"15,000",0,2013
노원,서울특별시 노원구 상계동,1116-66,람스힐,37.66727,127.07242,월세,24.1900,2,"1,000",66,2012
홍대,서울특별시 마포구 서교동,385-3,블르밍빌,37.5550711,126.9238244,월세,27.2700,3,"1,000",69,1995
홍대,서울특별시 마포구 서교동,380-31,서교빌라,37.5550711,126.9238244,월세,41.6400,1,"2,000",170,1986
노원,서울특별시 노원구 공릉동,503-9,(503-9),37.6302152,127.0872902,월세,12.7800,1,300,32,2013
성수,서울특별시 성동구 성수동2가,289-244,럭스빌,37.54048,127.05601,월세,22.0500,5,"2,500",47,2012
건대입구,서울특별시 광진구 구의동,60-48,세광빌라,37.5444896,127.0874678,월세,37.8000,1,"2,000",60,2001
공덕,서울특별시 마포구 공덕동,113-20,(113-20),37.549927,126.9592897,월세,33.0400,2,0,50,2003
노원,서울특별시 노원구 상계동,1118-21,성지상계빌라,37.66727,127.07242,전세,51.0600,3,"14,990",0,1991
노원,서울특별시 노원구 공릉동,362-28,362-28,37.6302152,127.0872902,월세,59.8400,2,"2,014",26,2015
홍대,서울특별시 마포구 서교동,329-12,한일빌리지,37.5550711,126.9238244,전세,60.6500,1,"30,400",0,1991
건대입구,서울특별시 광진구 자양동,16-39,(16-39),37.5316905,127.0749477,전세,24.8100,3,"29,000",0,2026
수유,서울특별시 강북구 수유동,482-35,보하티빌A동,37.636597,127.0043825,월세,29.9100,5,"5,000",100,2016
상도,서울특별시 동작구 상도동,204-76,마노아재,37.4988159,126.9441045,월세,29.7300,3,"5,000",72,2015
상도,서울특별시 동작구 상도동,7-182,케이디아이빌C동,37.4988159,126.9441045,월세,29.9450,2,"1,000",95,2007
노원,서울특별시 노원구 공릉동,644-40,팰리스가,37.6302152,127.0872902,월세,18.2300,6,"7,000",40,2014
신림,서울특별시 관악구 신림동,1474-2,주원,37.486897,126.928177,월세,12.2500,5,"1,000",43,2013
신림,서울특별시 관악구 신림동,254-194,희하우스,37.486897,126.928177,월세,29.9000,1,"1,000",80,2019
건대입구,서울특별시 광진구 자양동,631-8,드림빌(631-8),37.5316905,127.0749477,월세,14.3800,3,"1,000",67,2011
건대입구,서울특별시 광진구 자양동,683-20,우리랑하이빌,37.5316905,127.0749477,전세,36.9800,2,"21,000",0,2003
신촌,서울특별시 서대문구 창천동,90-46,연세힐하우스,37.5587663,126.9342407,월세,25.2700,1,300,43,2011
신촌,서울특별시 서대문구 창천동,406,(406-0),37.5587663,126.9342407,월세,14.5500,2,500,53,2013
노원,서울특별시 노원구 월계동,951-1,제이하임,37.6298479,127.0541062,월세,21.7500,7,"1,000",80,2024
홍대,서울특별시 마포구 상수동,335-6,(335-6),37.54743,126.92473,전세,43.7700,4,"18,500",0,2008
성수,서울특별시 성동구 성수동1가,656-572,성수리치빌A동,37.5435,127.03742,전세,29.9900,6,"30,450",0,2016
역삼,서울특별시 강남구 역삼동,780-42,역삼이안베스티움,37.49988,127.03856,전세,29.8400,3,"37,400",0,2021
역삼,서울특별시 강남구 역삼동,637-4,공간8차,37.49988,127.03856,전세,27.2300,2,"30,000",0,2017
신림,서울특별시 관악구 신림동,254-301,(254-301),37.486897,126.928177,전세,84.7200,2,"46,000",0,1991
신림,서울특별시 관악구 신림동,597-7,느티나무빌라,37.486897,126.928177,월세,45.5100,1,"1,000",70,1994
신림,서울특별시 관악구 신림동,610-36,우주빌라,37.486897,126.928177,월세,39.3600,2,"12,000",7,1990
신림,서울특별시 관악구 신림동,610-291,대림빌라,37.486897,126.928177,월세,39.9400,2,"11,900",15,1993
성수,서울특별시 성동구 성수동1가,656-2002,프라임27B,37.5435,127.03742,전세,29.7400,5,"24,000",0,2015
신림,서울특별시 관악구 신림동,94-99,골든힐,37.486897,126.928177,월세,19.4600,2,"3,000",72,2013
신림,서울특별시 관악구 신림동,1491-26,하늘명가,37.486897,126.928177,전세,39.0100,2,"18,480",0,2014
신림,서울특별시 관악구 신림동,440-45,진주리츠빌(440-45),37.486897,126.928177,월세,40.7700,5,"20,000",10,2014
신림,서울특별시 관악구 신림동,1567-25,태성휴빌3차,37.486897,126.928177,월세,24.7600,6,"1,000",70,2015
신림,서울특별시 관악구 신림동,598-57,스카이빌(598-57),37.486897,126.928177,월세,38.4300,3,"5,000",85,2016
신림,서울특별시 관악구 신림동,1639-6,선인타운,37.486897,126.928177,월세,13.4800,18,"2,000",67,2017
신림,서울특별시 관악구 신림동,10-347,(10-347),37.486897,126.928177,전세,17.4800,2,"15,000",0,2018
역삼,서울특별시 강남구 역삼동,697-33,힐스테이트1,37.49988,127.03856,전세,29.7400,4,"30,000",0,2015
역삼,서울특별시 강남구 역삼동,789-26,(789-26),37.49988,127.03856,전세,30.2400,3,"23,500",0,2013
역삼,서울특별시 강남구 역삼동,835-35,성원빌딩,37.49988,127.03856,월세,31.8100,4,"23,000",20,2003
성수,서울특별시 성동구 성수동1가,685-1,(685-1),37.5435,127.03742,월세,35.9500,4,"12,000",20,2003
성수,서울특별시 성동구 성수동1가,656-1824,현대골드타운2동,37.5435,127.03742,전세,57.9300,-1,"25,000",0,1992
역삼,서울특별시 강남구 역삼동,687-12,(687-12),37.49988,127.03856,월세,54.4000,3,"2,000",140,2002
수유,서울특별시 강북구 수유동,562-83,동아림,37.636597,127.0043825,월세,46.5900,2,"5,970",45,2014
수유,서울특별시 강북구 수유동,167-15,신세계,37.636597,127.0043825,월세,63.4200,4,"17,800",30,2002
노원,서울특별시 노원구 상계동,71-45,장미빌라,37.66727,127.07242,월세,52.4000,3,500,20,1997
노원,서울특별시 노원구 상계동,1090-21,스토빌,37.66727,127.07242,월세,44.1700,5,"4,060",13,2019
건대입구,서울특별시 광진구 화양동,32-2,모아빌,37.54408,127.06895,월세,23.5000,2,500,62,2016
노원,서울특별시 노원구 하계동,65-4,다원하이빌가동,37.6382503,127.0738302,월세,26.1800,3,"1,530",20,2020
합정,서울특별시 마포구 합정동,429-21,은솜빌라,37.5477846,126.9095636,월세,21.0000,4,"6,000",56,2001
합정,서울특별시 마포구 합정동,434-30,삼성주택(434-30),37.5477846,126.9095636,전세,40.5600,4,"22,500",0,1996
합정,서울특별시 마포구 합정동,440-16,더하우스(440-16),37.5477846,126.9095636,전세,40.8400,2,"27,000",0,2008
건대입구,서울특별시 광진구 구의동,227-34,크로마하우스7,37.5444896,127.0874678,월세,22.5100,3,"22,650",3,2020
공덕,서울특별시 마포구 공덕동,111-201,벨로하우스공덕,37.549927,126.9592897,전세,24.3500,13,"28,100",0,2019
건대입구,서울특별시 광진구 구의동,223-60,HBenest,37.5444896,127.0874678,월세,72.7100,5,"1,000",85,2018
건대입구,서울특별시 광진구 구의동,252-84,252-84,37.5444896,127.0874678,월세,27.6200,3,"17,500",45,2015
홍대,서울특별시 마포구 서교동,404-7,(404-7),37.5550711,126.9238244,월세,18.4600,2,"1,000",52,2013
건대입구,서울특별시 광진구 자양동,622-20,에르메티아자양,37.5316905,127.0749477,전세,27.7500,2,"28,000",0,2026
건대입구,서울특별시 광진구 자양동,680-13,베일리하임,37.5316905,127.0749477,월세,24.3600,6,"1,000",68,2018
홍대,서울특별시 마포구 서교동,475-29,스위트빌,37.5550711,126.9238244,월세,15.9800,3,"1,500",50,2012
건대입구,서울특별시 광진구 구의동,209-23,(209-23),37.5444896,127.0874678,전세,41.4000,3,"25,000",0,2014
노원,서울특별시 노원구 공릉동,517-3,진영홈,37.6302152,127.0872902,월세,17.2900,5,"1,045",6,2013
안암,서울특별시 성북구 안암동5가,134-24,제니하우스,37.5887938,127.0300906,월세,20.1000,5,"2,000",63,2017
사당,서울특별시 동작구 사당동,56-18,(56-18),37.48508,126.9704949,전세,50.3000,3,"24,500",0,2004
사당,서울특별시 동작구 사당동,220-123,동남,37.48508,126.9704949,전세,44.8800,2,"18,600",0,1986
사당,서울특별시 동작구 사당동,1005-16,사당빌라(1005-16),37.48508,126.9704949,전세,61.5000,4,"30,000",0,2002
건대입구,서울특별시 광진구 구의동,63-17,동서화운트빌(63-17),37.5444896,127.0874678,월세,42.9900,5,"3,000",145,2013
건대입구,서울특별시 광진구 구의동,248-104,(248-104),37.5444896,127.0874678,월세,16.1900,3,"12,000",5,2012
상도,서울특별시 동작구 상도동,244-166,미소가A동(244-166),37.4988159,126.9441045,월세,45.7100,3,"30,000",11,2017
상도,서울특별시 동작구 상도동,199-18,(199-18),37.4988159,126.9441045,월세,68.5900,4,"30,000",20,2016
상도,서울특별시 동작구 상도동,491-19,아너스힐2차,37.4988159,126.9441045,월세,39.7500,4,"2,000",100,2014
상도,서울특별시 동작구 상도동,244-76,보성하이츠빌라,37.4988159,126.9441045,전세,42.5400,-1,"13,000",0,1990
상도,서울특별시 동작구 상도동,211-492,에덴빌라,37.4988159,126.9441045,월세,72.6900,-1,"10,000",55,1995
노원,서울특별시 노원구 월계동,476-12,(476-12),37.6298479,127.0541062,월세,32.6600,2,500,50,1981
건대입구,서울특별시 광진구 자양동,799-3,자양그랑시아2,37.5316905,127.0749477,전세,26.6900,3,"29,400",0,2018
건대입구,서울특별시 광진구 자양동,52-200,랜드마크,37.5316905,127.0749477,전세,32.0200,6,"29,000",0,2016
건대입구,서울특별시 광진구 자양동,4-4,(4-4),37.5316905,127.0749477,월세,19.3100,5,"1,000",63,2013
