동네,NO,시군구,번지,본번,부번,건물명,전월세구분,전용면적(㎡),계약년월,계약일,보증금(만원),월세금(만원),층,건축년도,도로명,계약기간,계약구분,갱신요구권 사용,종전계약 보증금(만원),종전계약 월세(만원),주택유형
역삼,3,서울특별시 강남구 역삼동,766-7,0766,0007,예원하이빌,전세,29.3150,202608,31,"27,000",0,3,2000,도곡로57길 9-9,202609~202809,갱신,-,"24,000",0,연립다세대
역삼,4,서울특별시 강남구 역삼동,777-40,0777,0040,(777-40),전세,34.3100,202608,31,"16,000",0,4,1996,도곡로25길 32,202609~202708,갱신,-,"12,000",0,연립다세대
역삼,5,서울특별시 강남구 역삼동,752-44,0752,0044,하우스안,월세,17.0100,202608,31,"2,000",56,4,2014,역삼로9길 4,202608~202708,갱신,-,"2,000",53,연립다세대
역삼,6,서울특별시 강남구 역삼동,792-33,0792,0033,서담villageA,월세,29.6100,202608,31,"17,000",87,4,2018,논현로67길 34-3,202608~202809,갱신,사용,"17,000",80,연립다세대
건대입구,8,서울특별시 광진구 구의동,56-15,0056,0015,선경주택,전세,77.8800,202608,31,"32,000",0,3,2001,자양로46길 28,202610~202810,갱신,사용,"32,000",0,연립다세대
성수,22,서울특별시 성동구 성수동2가,289-149,0289,0149,청운,월세,17.5200,202608,31,"1,000",53,3,2012,아차산로7나길 7,202610~202710,신규,-,,,연립다세대
홍대,37,서울특별시 마포구 상수동,333-15,0333,0015,미주빌1차,월세,23.2300,202608,31,"13,000",15,3,2008,와우산로5길 17-7,202610~202810,신규,-,,,연립다세대
홍대,39,서울특별시 마포구 서교동,247-177,0247,0177,두두빌,월세,16.5000,202608,31,"8,722",5,2,2012,성미산로6길 12,202610~202810,신규,-,,,연립다세대
건대입구,52,서울특별시 광진구 화양동,36-22,0036,0022,더하임,전세,29.8200,202608,31,"30,000",0,2,2026,아차산로23길 48-5,202609~202809,신규,-,,,연립다세대
홍대,57,서울특별시 마포구 서교동,475-30,0475,0030,휴먼스빌,전세,18.3600,202608,31,"13,230",0,2,2012,월드컵로14길 10-5,202611~202811,신규,-,,,연립다세대
수유,102,서울특별시 강북구 수유동,86-2,0086,0002,스마트명가,월세,30.1400,202608,31,"1,500",123,4,2022,도봉로73길 9,202608~202708,신규,-,,,연립다세대
수유,103,서울특별시 강북구 수유동,313-6,0313,0006,홍원하이빌강북7,월세,24.0900,202608,31,"5,811",5,5,2021,삼양로119길 22,202609~202808,갱신,-,"2,346",24,연립다세대
건대입구,105,서울특별시 광진구 자양동,632-1,0632,0001,어반엘632,전세,21.2000,202608,31,"26,000",0,4,2026,자양로11길 45,202609~202808,신규,-,,,연립다세대
노원,113,서울특별시 노원구 상계동,135-90,0135,0090,(135-90),월세,40.4400,202608,31,"12,000",30,1,1989,한글비석로24다길 81,202611~202811,신규,-,,,연립다세대
건대입구,114,서울특별시 광진구 구의동,225-49,0225,0049,(225-49),월세,53.7700,202608,31,"1,000",48,1,2003,구의로 47-7,202609~202709,신규,-,,,연립다세대
합정,115,서울특별시 마포구 합정동,395-9,0395,0009,람세스텔,월세,12.4300,202608,31,"3,000",50,3,2013,월드컵로5길 91-4,202608~202808,신규,-,,,연립다세대
건대입구,122,서울특별시 광진구 구의동,596-11,0596,0011,힐카운티11,월세,26.5500,202608,31,"25,000",10,6,2017,구의강변로 31-14,202610~202810,신규,-,,,연립다세대
신촌,124,서울특별시 서대문구 창천동,369,0369,0000,아트빌리지2,월세,19.0800,202608,31,"1,000",75,2,2012,연희로2길 55,202609~202709,신규,-,,,연립다세대
합정,128,서울특별시 마포구 합정동,429-54,0429,0054,이에스에듀포레,전세,32.6500,202608,31,"39,000",0,5,2022,양화로3길 83,202609~202809,신규,-,,,연립다세대
합정,143,서울특별시 마포구 합정동,439-1,0439,0001,삼환빌라맨션,전세,81.9200,202608,31,"40,000",0,1,1983,희우정로 46,202608~202808,신규,-,,,연립다세대
건대입구,153,서울특별시 광진구 자양동,687-23,0687,0023,태영빌라,월세,32.0100,202608,31,"10,000",47,5,2007,뚝섬로62길 33-9,202609~202809,갱신,사용,"10,000",45,연립다세대
건대입구,154,서울특별시 광진구 자양동,683-19,0683,0019,강변리치빌,월세,66.4800,202608,31,"25,000",40,3,2009,뚝섬로 710-8,202611~202811,신규,-,,,연립다세대
건대입구,155,서울특별시 광진구 자양동,643-3,0643,0003,리시안,전세,21.2800,202608,31,"18,000",0,5,2016,뚝섬로52마길 40,202610~202809,갱신,사용,"18,000",0,연립다세대
건대입구,156,서울특별시 광진구 자양동,624,0624,0000,향기빌리지,전세,29.0400,202608,31,"28,000",0,2,2019,자양로13가길 8,202610~202810,신규,-,,,연립다세대
건대입구,157,서울특별시 광진구 자양동,58-5,0058,0005,리베르떼자양,전세,29.9700,202608,31,"28,000",0,2,2020,능동로3라길 12,202610~202810,신규,-,,,연립다세대
건대입구,158,서울특별시 광진구 자양동,16-39,0016,0039,(16-39),전세,20.9800,202608,31,"30,000",0,4,2026,아차산로22길 17-6,202609~202809,신규,-,,,연립다세대
청량리,159,서울특별시 동대문구 청량리동,19-8,0019,0008,선향빌라,월세,92.2600,202608,31,"1,500",53,2,2004,왕산로53길 16-1,202609~202809,갱신,-,"1,500",47,연립다세대
사당,193,서울특별시 동작구 사당동,235-63,0235,0063,엠펠리스,월세,52.1300,202608,31,"10,000",120,2,2020,솔밭로 70,202610~202810,신규,-,,,연립다세대
사당,194,서울특별시 동작구 사당동,1038-4,1038,0004,세왕맨션,전세,72.2000,202608,31,"1,000",0,3,2000,사당로26길 115,202608~202808,신규,-,,,연립다세대
사당,195,서울특별시 동작구 사당동,427-28,0427,0028,선일아트빌라,전세,58.0500,202608,31,"29,000",0,1,1991,사당로22나길 9,202610~202810,신규,-,,,연립다세대
사당,196,서울특별시 동작구 사당동,316-86,0316,0086,진영아트빌,전세,55.2100,202608,31,"25,000",0,-1,2002,사당로20다길 5,202611~202811,갱신,-,"23,000",0,연립다세대
사당,197,서울특별시 동작구 사당동,278,0278,0000,진영아트빌나동,월세,63.1000,202608,31,"1,000",100,3,2003,사당로16다길 27-1,202608~202808,신규,-,,,연립다세대
신림,198,서울특별시 관악구 신림동,533-14,0533,0014,J헤븐빌,월세,12.0700,202608,31,"1,000",52,2,2015,조원로21길 5,202608~202808,신규,-,,,연립다세대
신림,199,서울특별시 관악구 신림동,547-22,0547,0022,엘시티,월세,19.2000,202608,31,"2,000",75,3,2013,조원로14길 13,202609~202809,신규,-,,,연립다세대
신림,206,서울특별시 관악구 신림동,98-361,0098,0361,동신2차,월세,46.5300,202608,31,500,45,3,1991,복은12길 8,202609~202808,신규,-,,,연립다세대
신림,214,서울특별시 관악구 신림동,92-200,0092,0200,제일빌라(92-200),전세,30.9200,202608,31,"11,000",0,1,1991,신림로44다길 12,202608~202808,신규,-,,,연립다세대
홍대,215,서울특별시 마포구 서교동,449-21,0449,0021,동궁빌라,월세,30.3100,202608,31,"18,000",40,4,2012,동교로19길 52,202610~202810,신규,-,,,연립다세대
건대입구,218,서울특별시 광진구 구의동,60-67,0060,0067,60-67,월세,29.9900,202608,31,"10,000",85,3,2016,자양로42길 32,202610~202810,신규,-,,,연립다세대
상도,232,서울특별시 동작구 상도동,17-59,0017,0059,용선아트빌,월세,19.3600,202608,31,"1,000",65,4,2013,만양로2길 4,202609~202809,신규,-,,,연립다세대
신림,242,서울특별시 관악구 신림동,10-357,0010,0357,(10-357),월세,49.3000,202608,31,32,193,3,1991,남부순환로184길 12,202608~202612,신규,-,,,연립다세대
상도,243,서울특별시 동작구 상도동,259-61,0259,0061,푸른숲하우스,월세,29.8400,202608,31,"13,500",32,4,2015,성대로 58-11,202610~202810,갱신,사용,"13,500",28,연립다세대
상도,244,서울특별시 동작구 상도동,202-180,0202,0180,이에스하임6차,전세,27.6000,202608,31,"25,000",0,3,2017,성대로31길 7,202609~202809,갱신,사용,"24,400",0,연립다세대
상도,245,서울특별시 동작구 상도동,244-29,0244,0029,다인캐슬2차,전세,36.7800,202608,31,"47,700",0,6,2019,성대로17길 49,202609~202809,갱신,-,"47,700",0,연립다세대
청량리,257,서울특별시 동대문구 청량리동,205-759,0205,0759,삼호빌,전세,69.0300,202608,31,"27,000",0,4,2012,회기로 36-5,202609~202809,갱신,사용,"26,000",0,연립다세대
건대입구,280,서울특별시 광진구 구의동,78-48,0078,0048,구의동연리지,월세,35.5900,202608,31,"12,000",50,5,2016,자양로41길 7-9,202610~202810,신규,-,,,연립다세대
건대입구,295,서울특별시 광진구 자양동,225-26,0225,0026,금강아트빌라,전세,66.7100,202608,30,"36,700",0,1,1998,아차산로41길 36,202610~202810,갱신,-,"36,700",0,연립다세대
건대입구,296,서울특별시 광진구 자양동,609-4,0609,0004,(609-4),월세,21.9000,202608,30,"1,000",57,5,2016,뚝섬로43길 8,202609~202809,갱신,-,"1,000",52,연립다세대
건대입구,297,서울특별시 광진구 자양동,16-15,0016,0015,플레이스자양2차,월세,25.8200,202608,30,500,135,3,2026,아차산로24길 24-4,202608~202702,신규,-,,,연립다세대
신림,307,서울특별시 관악구 신림동,10-584,0010,0584,(10-584),월세,91.0500,202608,30,"1,000",63,3,2006,남부순환로194길 10,202608~202808,신규,-,,,연립다세대
신림,308,서울특별시 관악구 신림동,598-108,0598,0108,성화주택다,전세,52.3800,202608,30,"9,700",0,-1,1993,법원단지5나길 48,202609~202809,갱신,사용,"9,700",0,연립다세대
역삼,309,서울특별시 강남구 역삼동,658,0658,0000,(658),월세,77.1500,202608,30,"15,000",162,3,2002,봉은사로30길 11,202610~202809,신규,-,,,연립다세대
역삼,310,서울특별시 강남구 역삼동,766-1,0766,0001,ACROSVILL,전세,60.7400,202608,30,"15,000",0,1,2002,도곡로51길 6,202609~202809,갱신,-,"15,000",0,연립다세대
역삼,311,서울특별시 강남구 역삼동,781-24,0781,0024,(781-24),월세,28.4500,202608,30,"2,000",56,1,2003,도곡로33길 23,202608~202808,신규,-,,,연립다세대
역삼,312,서울특별시 강남구 역삼동,794-14,0794,0014,원형빌라,전세,82.1100,202608,30,"55,000",0,3,1990,논현로65길 38,202608~202808,갱신,사용,"55,000",0,연립다세대
성수,315,서울특별시 성동구 성수동2가,321-58,0321,0058,하나빌리지,전세,29.5700,202608,30,"24,500",0,4,2012,성수일로4가길 11,202610~202810,신규,-,,,연립다세대
성수,316,서울특별시 성동구 성수동2가,289-80,0289,0080,성수하이츠빌(289-80),전세,71.5800,202608,30,"54,000",0,4,2002,아차산로7길 17-17,202611~202811,신규,-,,,연립다세대
왕십리,322,서울특별시 성동구 행당동,1-76,0001,0076,태성,월세,21.2400,202608,30,"1,000",70,3,2003,마조로11길 8,202609~202809,신규,-,,,연립다세대
신촌,331,서울특별시 서대문구 창천동,406,0406,0000,(406-0),월세,14.7500,202608,30,"1,000",60,2,2013,연희로2길 26,202608~202808,신규,-,,,연립다세대
노원,342,서울특별시 노원구 공릉동,401-6,0401,0006,해오름.F,월세,12.9600,202608,30,"2,000",37,4,2013,공릉로43가길 9,202608~202708,신규,-,,,연립다세대
역삼,353,서울특별시 강남구 역삼동,695-12,0695,0012,역삼아르떼,전세,29.9700,202608,29,"46,000",0,4,2020,테헤란로55길 33,202610~202810,신규,-,,,연립다세대
건대입구,358,서울특별시 광진구 구의동,208-61,0208,0061,(208-61),전세,41.0900,202608,29,"25,000",0,3,2003,광나루로46길 48,202610~202809,갱신,-,"22,000",0,연립다세대
역삼,359,서울특별시 강남구 역삼동,745-35,0745,0035,다올2차,전세,29.9000,202608,29,"36,000",0,6,2019,논현로75길 28,202608~202808,갱신,사용,"35,000",0,연립다세대
역삼,363,서울특별시 강남구 역삼동,728-51,0728,0051,다올하우스,전세,29.0300,202608,29,"32,550",0,4,2018,테헤란로32길 53,202609~202809,갱신,사용,"32,550",0,연립다세대
역삼,368,서울특별시 강남구 역삼동,752-13,0752,0013,일성,월세,16.2600,202608,29,"1,000",75,3,2011,역삼로11길 13-3,202608~202708,신규,-,,,연립다세대
건대입구,371,서울특별시 광진구 구의동,69-1,0069,0001,제이캐슬,월세,41.8500,202608,29,"35,500",49,5,2020,자양로 232,202610~202810,갱신,사용,"35,500",40,연립다세대
역삼,372,서울특별시 강남구 역삼동,792-24,0792,0024,(792-24),월세,47.3600,202608,29,"15,000",11,4,2002,역삼로18길 12,202609~202809,갱신,-,"15,000",11,연립다세대
신림,373,서울특별시 관악구 신림동,1741,1741,0000,풍원하임빌,월세,31.0250,202608,29,"24,000",26,5,2018,남부순환로194길 43,202610~202701,갱신,-,"24,000",20,연립다세대
건대입구,375,서울특별시 광진구 구의동,47-28,0047,0028,일성파크빌라,전세,61.3900,202608,29,"22,000",0,1,1991,자양로46길 25,202609~202809,갱신,-,"21,000",0,연립다세대
회기,389,서울특별시 동대문구 회기동,16-36,0016,0036,(16-36),월세,12.2850,202608,29,"1,000",52,4,2013,회기로19길 23,202608~202708,신규,-,,,연립다세대
회기,391,서울특별시 동대문구 회기동,16-36,0016,0036,(16-36),월세,12.2850,202608,29,"1,000",52,4,2013,회기로19길 23,202608~202708,신규,-,,,연립다세대
상도,416,서울특별시 동작구 상도동,356-110,0356,0110,금산빌,월세,29.8000,202608,29,"3,000",110,2,2016,상도로17길 30,202609~202809,신규,-,,,연립다세대
상도,420,서울특별시 동작구 상도동,211-440,0211,0440,211-440,월세,29.5300,202608,29,"20,530",25,3,2016,양녕로20길 120,202701~202901,갱신,-,"19,530",20,연립다세대
상도,431,서울특별시 동작구 상도동,242-92,0242,0092,해피하우스(242-92),월세,14.0100,202608,29,500,49,4,2013,성대로5길 40-2,202609~202701,갱신,사용,500,47,연립다세대
상도,440,서울특별시 동작구 상도동,17-59,0017,0059,용선아트빌,월세,19.3600,202608,29,"1,000",65,5,2013,만양로2길 4,202608~202708,신규,-,,,연립다세대
사당,441,서울특별시 동작구 사당동,142-38,0142,0038,솔라빌,전세,28.4700,202608,29,"31,000",0,3,2025,동작대로27마길 8-6,202610~202810,신규,-,,,연립다세대
사당,449,서울특별시 동작구 사당동,1049-18,1049,0018,디에스타운6차,전세,43.2100,202608,29,"40,000",0,5,2021,남부순환로259가길 28,202610~202810,신규,-,,,연립다세대
사당,450,서울특별시 동작구 사당동,217-15,0217,0015,자가자찬,전세,29.0200,202608,29,"24,000",0,3,2018,사당로 172-11,202610~202810,갱신,-,"22,900",0,연립다세대
사당,451,서울특별시 동작구 사당동,1035-16,1035,0016,천금하우스,월세,12.9500,202608,29,"1,000",33,2,2018,동작대로9다길 39,202609~202809,신규,-,,,연립다세대
합정,456,서울특별시 마포구 합정동,453-11,0453,0011,이에스한강포레A,전세,26.7600,202608,29,"26,250",0,5,2024,동교로8길 36,202608~202808,갱신,사용,"25,000",0,연립다세대
사당,469,서울특별시 동작구 사당동,1048-41,1048,0041,에덴-3,전세,39.6000,202608,29,"30,000",0,4,2017,남부순환로263길 6,202610~202810,신규,-,,,연립다세대
건대입구,474,서울특별시 광진구 구의동,241-82,0241,0082,세종아트빌,전세,54.6100,202608,29,"31,500",0,5,2002,아차산로55길 62-5,202611~202811,신규,-,,,연립다세대
합정,482,서울특별시 마포구 합정동,453-11,0453,0011,이에스한강포레A,전세,26.7600,202608,29,"26,250",0,5,2024,동교로8길 36,202608~202808,갱신,사용,"25,000",0,연립다세대
건대입구,484,서울특별시 광진구 구의동,591-22,0591,0022,강변리버빌,월세,29.0300,202608,29,"23,000",20,2,2016,뚝섬로67길 35,202611~202811,신규,-,,,연립다세대
건대입구,487,서울특별시 광진구 자양동,197-12,0197,0012,미산빌17차,전세,29.6400,202608,29,"30,000",0,2,2022,동일로4가길 10,202610~202810,신규,-,,,연립다세대
건대입구,488,서울특별시 광진구 자양동,52-200,0052,0200,랜드마크,전세,30.0100,202608,29,"27,000",0,2,2016,뚝섬로24길 6,202609~202809,신규,-,,,연립다세대
건대입구,489,서울특별시 광진구 자양동,197-7,0197,0007,(197-7),전세,29.6100,202608,29,"20,900",0,3,2016,동일로4가길 4,202609~202809,신규,-,,,연립다세대
건대입구,491,서울특별시 광진구 자양동,647-33,0647,0033,(647-33),전세,43.2900,202608,29,"25,350",0,3,2014,뚝섬로52마길 29,202609~202809,갱신,-,"25,350",0,연립다세대
건대입구,494,서울특별시 광진구 자양동,4-4,0004,0004,(4-4),월세,16.7050,202608,29,500,63,2,2013,뚝섬로23길 97,202608~202809,신규,-,,,연립다세대
건대입구,496,서울특별시 광진구 자양동,857,0857,0000,도시엔,월세,13.3800,202608,29,"1,000",67,5,2011,동일로18길 36,202609~202809,신규,-,,,연립다세대
건대입구,497,서울특별시 광진구 자양동,598-20,0598,0020,598-20,전세,30.4200,202608,29,"18,900",0,3,2008,뚝섬로48길 30,202610~202810,신규,-,,,연립다세대
건대입구,498,서울특별시 광진구 자양동,589-19,0589,0019,부광아트빌라,월세,34.7400,202608,29,"15,000",45,2,1990,자양강변길 275,202609~202809,갱신,-,"24,000",0,연립다세대
건대입구,499,서울특별시 광진구 자양동,226-13,0226,0013,로얄하이츠(빌라),월세,53.9600,202608,29,"15,000",75,1,2001,아차산로39길 25,202610~202809,신규,-,,,연립다세대
청량리,500,서울특별시 동대문구 청량리동,46-18,0046,0018,가단빌라,전세,52.9800,202608,29,"24,000",0,4,2002,왕산로45길 66,202608~202809,갱신,사용,"23,000",0,연립다세대
건대입구,515,서울특별시 광진구 화양동,17-53,0017,0053,IRIS,전세,17.1000,202608,29,"12,600",0,3,2012,동일로28길 49-10,202610~202810,갱신,사용,"12,000",0,연립다세대
신촌,525,서울특별시 서대문구 창천동,4-101,0004,0101,(4-101),월세,12.4700,202608,29,500,80,3,2011,연세로2다길 33,202609~202709,신규,-,,,연립다세대
상도,529,서울특별시 동작구 상도동,299-168,0299,0168,리치빌(299-168),월세,19.4500,202608,29,"9,000",33,3,2012,국사봉6길 22,202609~202809,신규,-,,,연립다세대
신촌,530,서울특별시 서대문구 창천동,413,0413,0000,골든타운,월세,45.0600,202608,29,"1,000",155,3,2016,연희로2길 38,202608~202808,신규,-,,,연립다세대
상도,531,서울특별시 동작구 상도동,283-104,0283,0104,동양맨션2차,월세,75.6600,202608,29,"3,000",55,-1,2002,성대로6사길 27-1,202610~202810,신규,-,,,연립다세대
수유,539,서울특별시 강북구 수유동,569-39,0569,0039,송정지가A,전세,29.7600,202608,29,"20,600",0,3,2021,인수봉로84길 21,202610~202810,신규,-,,,연립다세대
홍대,550,서울특별시 마포구 서교동,342-7,0342,0007,MONAD,월세,24.0800,202608,29,"2,100",55,2,2002,와우산로29가길 74,202608~202808,신규,-,,,연립다세대
상도,604,서울특별시 동작구 상도동,279-586,0279,0586,대성하이빌라B동,월세,41.1600,202608,29,"17,000",30,2,1991,성대로6가길 74,202611~202811,신규,-,,,연립다세대
상도,605,서울특별시 동작구 상도동,244-76,0244,0076,보성하이츠빌라,월세,42.5400,202608,29,"12,000",27,2,1990,성대로17길 35,202609~202810,갱신,사용,"12,000",27,연립다세대
신림,615,서울특별시 관악구 신림동,1475-23,1475,0023,미성엘리트,월세,15.6400,202608,29,"3,000",33,5,2013,난곡로63가길 23,202609~202809,신규,-,,,연립다세대
신림,616,서울특별시 관악구 신림동,1481-18,1481,0018,성창빌라,전세,47.6500,202608,29,"17,500",0,2,1991,난곡로63가길 22,202610~202810,신규,-,,,연립다세대
신림,617,서울특별시 관악구 신림동,610-36,0610,0036,우주빌라,월세,39.3600,202608,29,"14,000",15,2,1990,법원단지25길 17,202610~202810,신규,-,,,연립다세대
성수,618,서울특별시 성동구 성수동2가,321-61,0321,0061,321-61,전세,25.8800,202608,29,"25,400",0,2,2017,성수일로4가길 13-1,202609~202809,갱신,-,"24,200",0,연립다세대
신림,620,서울특별시 관악구 신림동,102-47,0102,0047,(102-47),월세,36.5100,202608,29,"10,000",25,2,1986,복은6길 62,202611~202811,신규,-,,,연립다세대
홍대,631,서울특별시 마포구 상수동,354-6,0354,0006,아름다운공간,전세,27.6900,202608,29,"24,800",0,4,2017,토정로 127-5,202610~202810,신규,-,,,연립다세대
신림,632,서울특별시 관악구 신림동,87-32,0087,0032,(87-32),월세,37.8900,202608,29,"14,200",45,2,2002,신림로58가길 60,202610~202810,신규,-,,,연립다세대
신림,636,서울특별시 관악구 신림동,1430-2,1430,0002,한일하이빌,월세,24.6600,202608,29,"1,000",30,7,2013,신림로71길 7,202609~202808,신규,-,,,연립다세대
신림,637,서울특별시 관악구 신림동,1680-7,1680,0007,한나래(1680-7),월세,29.7800,202608,29,"2,000",105,5,2017,문성로 100,202610~202810,신규,-,,,연립다세대
신림,644,서울특별시 관악구 신림동,10-426,0010,0426,동문타운B,월세,38.3700,202608,29,"10,000",33,3,1995,남부순환로200가길 30,202609~202809,신규,-,,,연립다세대
건대입구,646,서울특별시 광진구 구의동,208-61,0208,0061,(208-61),전세,41.0900,202608,29,"25,000",0,3,2003,광나루로46길 48,202610~202809,갱신,-,"22,000",0,연립다세대
사당,650,서울특별시 동작구 사당동,180-32,0180,0032,대림,월세,35.8200,202608,28,"12,000",20,2,1990,사당로23아길 48,202610~202810,신규,-,,,연립다세대
사당,654,서울특별시 동작구 사당동,243,0243,0000,남성,월세,41.8200,202608,28,"15,000",15,4,1997,사당로10길 34,202611~202811,신규,-,,,연립다세대
사당,655,서울특별시 동작구 사당동,440-9,0440,0009,한아름맨션(440-9),전세,49.5500,202608,28,"30,000",0,4,2001,남부순환로269길 102,202610~202810,신규,-,,,연립다세대
신림,656,서울특별시 관악구 신림동,547-22,0547,0022,엘시티,월세,13.0200,202608,28,"10,000",15,4,2013,조원로14길 13,202610~202810,신규,-,,,연립다세대
신림,657,서울특별시 관악구 신림동,570-24,0570,0024,행복타운,월세,74.6000,202608,28,"3,000",130,5,2008,조원로12길 68,202609~202809,신규,-,,,연립다세대
신림,658,서울특별시 관악구 신림동,610-232,0610,0232,수정2차,전세,36.3000,202608,28,"10,700",0,1,1993,법원단지26길 24,202608~202808,신규,-,,,연립다세대
신림,659,서울특별시 관악구 신림동,408-17,0408,0017,(408-17),월세,43.5800,202608,28,"13,000",45,3,2002,신림로39길 12,202609~202809,신규,-,,,연립다세대
건대입구,669,서울특별시 광진구 화양동,33-5,0033,0005,(33-5),월세,29.8900,202608,28,"1,000",130,3,2020,아차산로23길 84,202608~202808,신규,-,,,연립다세대
신촌,673,서울특별시 서대문구 창천동,112-23,0112,0023,ATELIERMOKEN,월세,17.4310,202608,28,500,162,8,2021,신촌로 51-1,202608~202808,신규,-,,,연립다세대
건대입구,674,서울특별시 광진구 자양동,57-105,0057,0105,드림리버뷰,월세,22.6500,202608,28,"10,000",45,4,2019,능동로3길 67,202610~202810,신규,-,,,연립다세대
신촌,675,서울특별시 서대문구 창천동,62-18,0062,0018,(62-18),월세,12.1400,202608,28,"2,000",58,5,2011,연세로5다길 22-8,202608~202808,신규,-,,,연립다세대
신촌,676,서울특별시 서대문구 창천동,412,0412,0000,무지개타운,월세,70.8600,202608,28,"1,000",150,4,2003,연희로2길 34,202608~202808,신규,-,,,연립다세대
홍대,684,서울특별시 마포구 서교동,469-69,0469,0069,서교주택,월세,39.9600,202608,28,"2,000",150,-1,1993,잔다리로 115,202608~202808,신규,-,,,연립다세대
역삼,687,서울특별시 강남구 역삼동,690-40,0690,0040,아이힐,전세,28.7100,202608,28,"29,000",0,5,2016,언주로100길 20,202609~202809,갱신,-,"27,300",0,연립다세대
역삼,688,서울특별시 강남구 역삼동,796-1,0796,0001,리치웰빌라트3차,월세,26.5700,202608,28,"20,000",40,4,2019,논현로67길 15,202610~202810,신규,-,,,연립다세대
역삼,689,서울특별시 강남구 역삼동,704-14,0704,0014,한스빌라,월세,117.6400,202608,28,"20,000",290,3,1994,언주로98길 31-10,202609~202809,신규,-,,,연립다세대
홍대,696,서울특별시 마포구 상수동,93-62,0093,0062,(93-62),월세,38.1400,202608,28,"5,000",53,3,2002,와우산로10길 29-4,202610~202810,신규,-,,,연립다세대
홍대,711,서울특별시 마포구 서교동,473-53,0473,0053,레이크빌,월세,27.7200,202608,28,"1,000",41,-1,2001,월드컵로16길 38,202609~202809,신규,-,,,연립다세대
합정,716,서울특별시 마포구 합정동,457-29,0457,0029,동서빌라가동,월세,54.2800,202608,28,"28,000",13,3,1992,동교로8안길 11,202610~202810,갱신,-,"28,000",0,연립다세대
노원,738,서울특별시 노원구 중계동,168-9,0168,0009,한신월드타운(168-9),전세,59.9900,202608,28,"21,000",0,2,2011,덕릉로82길 61,202611~202811,신규,-,,,연립다세대
노원,739,서울특별시 노원구 상계동,349-15,0349,0015,(349-15),전세,28.8400,202608,28,"13,000",0,2,2014,상계로7길 15-23,202609~202809,신규,-,,,연립다세대
수유,770,서울특별시 강북구 수유동,440-25,0440,0025,서림맨션,월세,29.7250,202608,28,"2,000",70,2,2015,인수봉로 188,202610~202810,신규,-,,,연립다세대
신촌,780,서울특별시 서대문구 대현동,90-41,0090,0041,(90-41),월세,14.0400,202608,28,"3,000",55,8,2015,이화여대1안길 17,202608~202708,신규,-,,,연립다세대
홍대,812,서울특별시 마포구 동교동,153-6,0153,0006,동교빌라,전세,90.9000,202608,28,"34,000",0,2,1983,동교로 212,202611~202811,신규,-,,,연립다세대
홍대,813,서울특별시 마포구 동교동,204-24,0204,0024,에이스빌,월세,14.7200,202608,28,500,59,3,2011,동교로27길 21-7,202608~202808,신규,-,,,연립다세대
안암,830,서울특별시 성북구 안암동1가,10-1,0010,0001,(10-1),월세,12.8500,202608,28,"3,000",40,2,2013,보문로30길 36-3,202608~202808,신규,-,,,연립다세대
성수,848,서울특별시 성동구 성수동1가,656-1080,0656,1080,베스트하우스,월세,28.4250,202608,28,"3,000",98,2,2017,왕십리로6길 15,202610~202810,신규,-,,,연립다세대
성수,851,서울특별시 성동구 성수동2가,299-105,0299,0105,(299-105),전세,21.6800,202608,28,"20,000",0,6,2016,광나루로4길 10,202608~202808,갱신,-,"19,000",0,연립다세대
상도,905,서울특별시 동작구 상도동,244-221,0244,0221,미도빌라(244-221),월세,38.1600,202608,28,"13,000",3,1,1986,성대로21길 26,202610~202810,갱신,사용,"13,000",0,연립다세대
상도,906,서울특별시 동작구 상도동,244-353,0244,0353,인성주택다동,전세,29.7000,202608,28,"13,000",0,-1,1986,성대로21길 25,202610~202810,신규,-,,,연립다세대
상도,907,서울특별시 동작구 상도동,210-195,0210,0195,모건쉐르빌,월세,29.3400,202608,28,"18,000",20,4,2012,양녕로25길 27,202611~202811,신규,-,,,연립다세대
상도,908,서울특별시 동작구 상도동,203-20,0203,0020,더그린3차,월세,34.7200,202608,28,"20,000",20,4,2013,양녕로29길 45,202610~202810,신규,-,,,연립다세대
상도,909,서울특별시 동작구 상도동,496-18,0496,0018,무경하우스,월세,12.4900,202608,28,"3,000",50,4,2016,상도로 392-12,202608~202802,신규,-,,,연립다세대
건대입구,921,서울특별시 광진구 자양동,512-7,0512,0007,자양빌라(512-7),월세,41.1200,202608,27,"1,000",60,-1,1988,능동로8길 26,202608~202808,갱신,-,"1,000",50,연립다세대
노원,943,서울특별시 노원구 월계동,465-16,0465,0016,(465-16),월세,29.1300,202608,27,500,30,5,2012,광운로 27-6,202608~202702,신규,-,,,연립다세대
노원,945,서울특별시 노원구 상계동,188-10,0188,0010,피스플하우스B동,전세,37.1400,202608,27,"21,000",0,2,2018,노원로30길 46-13,202609~202809,갱신,-,"20,000",0,연립다세대
노원,947,서울특별시 노원구 상계동,1053,1053,0000,시온빌라트,전세,59.7100,202608,27,"32,277",0,4,2021,동일로237라길 19,202610~202809,갱신,-,"30,740",0,연립다세대
안암,976,서울특별시 성북구 안암동5가,103-25,0103,0025,대륜빌딩,월세,14.0000,202608,27,"1,000",65,5,2019,고려대로26길 14,202608~202708,신규,-,,,연립다세대
안암,977,서울특별시 성북구 안암동5가,41-35,0041,0035,(41-35),월세,24.6000,202608,27,"1,000",93,1,1992,고려대로 110-15,202608~202708,신규,-,,,연립다세대
왕십리,979,서울특별시 성동구 도선동,414,0414,0000,에버빌,월세,21.9500,202608,27,"2,000",105,5,2019,무학로6길 2,202608~202808,신규,-,,,연립다세대
합정,993,서울특별시 마포구 합정동,395-9,0395,0009,람세스텔,월세,12.4300,202608,27,"2,000",55,3,2013,월드컵로5길 91-4,202608~202808,신규,-,,,연립다세대
합정,994,서울특별시 마포구 합정동,433-27,0433,0027,합정쉐르빌,전세,20.1600,202608,27,"14,000",0,1,2008,동교로 40-3,202609~202809,신규,-,,,연립다세대
공덕,1001,서울특별시 마포구 공덕동,111-201,0111,0201,벨로하우스공덕,전세,28.3800,202608,27,"32,700",0,11,2019,만리재로 84,202609~202809,신규,-,,,연립다세대
건대입구,1011,서울특별시 광진구 화양동,2-22,0002,0022,비다펠리즈,월세,15.2000,202608,27,"3,000",81,9,2021,능동로 153-1,202610~202810,신규,-,,,연립다세대
성수,1020,서울특별시 성동구 성수동1가,656-1804,0656,1804,영동주택4동,전세,36.6600,202608,27,"25,000",0,1,1990,왕십리로4가길 8,202609~202809,갱신,-,"23,000",0,연립다세대
건대입구,1021,서울특별시 광진구 화양동,2-22,0002,0022,비다펠리즈,월세,15.2000,202608,27,"3,000",81,9,2021,능동로 153-1,202610~202810,신규,-,,,연립다세대
합정,1022,서울특별시 마포구 합정동,391-2,0391,0002,고려빌라트,월세,126.6100,202608,27,79,79,2,1992,포은로2가길 29,202608~202612,신규,-,,,연립다세대
건대입구,1023,서울특별시 광진구 구의동,21-5,0021,0005,SK빌리지(21-5),전세,72.7200,202608,27,"30,000",0,3,2002,영화사로16가길 13,202610~202810,신규,-,,,연립다세대
건대입구,1024,서울특별시 광진구 구의동,257-38,0257,0038,하임빌라,월세,54.5100,202608,27,"22,000",20,1,1996,아차산로53길 51-4,202610~202810,신규,-,,,연립다세대
상도,1039,서울특별시 동작구 상도동,299-50,0299,0050,(299-50),전세,41.2200,202608,27,"19,950",0,1,1998,국사봉2나길 24,202609~202809,신규,-,,,연립다세대
상도,1040,서울특별시 동작구 상도동,17-56,0017,0056,위너스힐,월세,20.6500,202608,27,"6,000",52,5,2011,만양로2길 8,202610~202710,갱신,-,"8,000",41,연립다세대
상도,1041,서울특별시 동작구 상도동,256-180,0256,0180,맨하탄하우징(256-180),월세,59.7000,202608,27,"2,000",126,5,2019,성대로6가길 31,202608~202808,신규,-,,,연립다세대
건대입구,1042,서울특별시 광진구 구의동,226-2,0226,0002,KS홈타운,월세,46.6600,202608,27,"35,900",10,5,2016,구의로 65,202610~202810,신규,-,,,연립다세대
건대입구,1043,서울특별시 광진구 구의동,226-2,0226,0002,KS홈타운,월세,46.6600,202608,27,"33,300",22,5,2016,구의로 65,202610~202810,갱신,-,"35,900",10,연립다세대
건대입구,1044,서울특별시 광진구 구의동,66-34,0066,0034,66-34,월세,48.5600,202608,27,"40,000",10,4,2020,광나루로39길 7,202610~202810,갱신,-,"40,000",0,연립다세대
역삼,1047,서울특별시 강남구 역삼동,782-2,0782,0002,다원하이빌,전세,34.0600,202608,27,"35,700",0,5,2022,논현로66길 16,202611~202711,갱신,-,"35,700",0,연립다세대
역삼,1048,서울특별시 강남구 역삼동,648-1,0648,0001,강남IBC오피스텔,월세,21.1200,202608,27,"1,000",92,13,1987,테헤란로7길 8,202608~202708,신규,-,,,연립다세대
역삼,1049,서울특별시 강남구 역삼동,792-7,0792,0007,마이플레이스,전세,27.8200,202608,27,"32,000",0,4,2018,논현로67길 46,202609~202809,신규,-,,,연립다세대
역삼,1050,서울특별시 강남구 역삼동,724-47,0724,0047,쥴리엣,월세,23.9700,202608,27,300,90,4,2002,테헤란로34길 39,202608~202611,신규,-,,,연립다세대
신림,1087,서울특별시 관악구 신림동,533-14,0533,0014,J헤븐빌,월세,24.1400,202608,27,"1,000",50,4,2015,조원로21길 5,202608~202808,신규,-,,,연립다세대
신림,1094,서울특별시 관악구 신림동,1488-18,1488,0018,메트로타운8차,월세,40.8200,202608,27,"24,000",45,2,2017,난곡로61길 43,202608~202808,갱신,-,"32,500",0,연립다세대
회기,1096,서울특별시 동대문구 회기동,3-140,0003,0140,민족통일MJ캠퍼스경희대3차,월세,35.1000,202608,27,"2,000",140,4,2023,회기로23가길 59-4,202609~202709,신규,-,,,연립다세대
신림,1105,서울특별시 관악구 신림동,510-20,0510,0020,T&K신림Ⅲ,월세,38.8900,202608,27,"5,685",19,2,2023,남부순환로151길 34,202609~202808,갱신,-,100,39,연립다세대
신림,1106,서울특별시 관악구 신림동,510-20,0510,0020,T&K신림Ⅲ,월세,37.9000,202608,27,"3,923",28,2,2023,남부순환로151길 34,202609~202808,갱신,-,100,38,연립다세대
수유,1108,서울특별시 강북구 수유동,170-3,0170,0003,은진스톤하우스26차,월세,53.6100,202608,27,"12,500",28,1,2001,도봉로99길 73,202610~202809,신규,-,,,연립다세대
수유,1110,서울특별시 강북구 수유동,486-783,0486,0783,우광타운(17),월세,30.5800,202608,27,"8,000",20,2,1989,인수봉로29길 7,202610~202810,신규,-,,,연립다세대
수유,1114,서울특별시 강북구 수유동,535-6,0535,0006,"동인주택(가,나)",전세,50.2800,202608,27,"11,000",0,1,1987,4.19로 103,202610~202810,갱신,-,"10,500",0,연립다세대
수유,1115,서울특별시 강북구 수유동,553-70,0553,0070,대도맨션B동,전세,59.4000,202608,27,"13,900",0,1,2001,삼양로111길 56-2,202609~202809,신규,-,,,연립다세대
수유,1129,서울특별시 강북구 수유동,698-8,0698,0008,The이도,월세,52.4400,202608,27,"21,500",10,4,2016,삼양로136길 34,202609~202809,갱신,사용,"21,000",10,연립다세대
건대입구,1167,서울특별시 광진구 자양동,227-97,0227,0097,월튼파크뷰3차,전세,28.6600,202608,27,"30,000",0,7,2018,자양번영로11길 18,202610~202810,갱신,-,"30,000",0,연립다세대
건대입구,1171,서울특별시 광진구 자양동,512-7,0512,0007,자양빌라(512-7),월세,41.1200,202608,27,"1,000",60,-1,1988,능동로8길 26,202608~202808,갱신,-,"1,000",50,연립다세대
합정,1180,서울특별시 마포구 합정동,453-11,0453,0011,이에스한강포레A,전세,29.5900,202608,26,"31,500",0,2,2024,동교로8길 36,202608~202808,갱신,사용,"30,000",0,연립다세대
사당,1191,서울특별시 동작구 사당동,176-38,0176,0038,대창빌라5동,전세,40.4100,202608,26,"16,000",0,2,1988,사당로23길 194-10,202609~202809,신규,-,,,연립다세대
공덕,1192,서울특별시 마포구 신공덕동,2-304,0002,0304,공덕파크뷰,전세,28.8200,202608,26,"28,900",0,6,2021,임정로21길 22,202611~202811,신규,-,,,연립다세대
상도,1206,서울특별시 동작구 상도동,7-45,0007,0045,이노시티빌,월세,25.5400,202608,26,"3,754",8,5,2021,매봉로2길 16,202609~202808,갱신,-,"1,827",19,연립다세대
수유,1213,서울특별시 강북구 수유동,313-6,0313,0006,홍원하이빌강북7,월세,27.0300,202608,26,"1,020",29,5,2021,삼양로119길 22,202609~202808,갱신,-,"2,551",26,연립다세대
수유,1214,서울특별시 강북구 수유동,313-6,0313,0006,홍원하이빌강북7,월세,26.4000,202608,26,"1,127",30,4,2021,삼양로119길 22,202609~202808,갱신,-,"2,630",27,연립다세대
수유,1215,서울특별시 강북구 수유동,535-211,0535,0211,동진별장빌라,전세,46.4400,202608,26,"12,000",0,2,1986,4.19로27길 22,202611~202811,신규,-,,,연립다세대
수유,1216,서울특별시 강북구 수유동,291-59,0291,0059,홍원하이빌강북6,월세,21.4000,202608,26,"1,035",23,2,2021,인수봉로82길 26,202609~202808,갱신,-,210,25,연립다세대
사당,1221,서울특별시 동작구 사당동,1050-15,1050,0015,어반팰리스사당,전세,29.3500,202608,26,"32,000",0,1,2024,남부순환로259가길 27,202608~202808,신규,-,,,연립다세대
사당,1223,서울특별시 동작구 사당동,232,0232,0000,(232-0),전세,50.7100,202608,26,"23,000",0,2,2010,사당로16가길 89-6,202610~202810,신규,-,,,연립다세대
역삼,1239,서울특별시 강남구 역삼동,752-19,0752,0019,752-19,전세,26.9400,202608,26,"15,000",0,3,1990,역삼로11길 9-1,202610~202810,신규,-,,,연립다세대
역삼,1245,서울특별시 강남구 역삼동,766-10,0766,0010,풍성애뜨란,전세,25.6900,202608,26,"36,700",0,4,2018,도곡로57길 9-3,202608~202808,갱신,-,"35,000",0,연립다세대
역삼,1246,서울특별시 강남구 역삼동,778-7,0778,0007,제이원빌,월세,29.9800,202608,26,"29,500",4,3,2014,언주로67길 32,202609~202809,신규,-,,,연립다세대
건대입구,1248,서울특별시 광진구 자양동,16-39,0016,0039,(16-39),전세,24.8100,202608,26,"30,000",0,2,2026,아차산로22길 17-6,202610~202810,신규,-,,,연립다세대
건대입구,1249,서울특별시 광진구 자양동,603-7,0603,0007,대원캐슬7차,전세,29.9300,202608,26,"34,000",0,2,2023,자양번영로4길 29-6,202611~202811,신규,-,,,연립다세대
역삼,1275,서울특별시 강남구 역삼동,778-7,0778,0007,제이원빌,월세,29.9800,202608,26,"29,500",4,3,2014,언주로67길 32,202609~202809,신규,-,,,연립다세대
역삼,1277,서울특별시 강남구 역삼동,811-11,0811,0011,성진빌라트,월세,50.5200,202608,26,"20,000",75,3,2000,강남대로106길 17-3,202610~202810,신규,-,,,연립다세대
역삼,1278,서울특별시 강남구 역삼동,695-4,0695,0004,산마리노,월세,45.1400,202608,26,"5,000",83,1,2002,테헤란로53길 38,202610~202810,신규,-,,,연립다세대
역삼,1280,서울특별시 강남구 역삼동,690-12,0690,0012,에벤에셀,월세,75.4600,202608,26,"5,000",215,4,2003,봉은사로48길 44-18,202609~202809,신규,-,,,연립다세대
노원,1283,서울특별시 노원구 공릉동,121,0121,0000,태릉현대홈타운스위트2단지,전세,120.0610,202608,26,"75,240",0,2,2004,화랑로51나길 36,202609~202809,갱신,사용,"71,660",0,연립다세대
노원,1284,서울특별시 노원구 상계동,442-23,0442,0023,(442-23),월세,41.5800,202608,26,"1,000",55,1,1986,한글비석로41길 28-7,202608~202808,신규,-,,,연립다세대
노원,1285,서울특별시 노원구 상계동,1048-4,1048,0004,대한빌,전세,61.3100,202608,26,"13,000",0,3,2002,동일로237길 40,202611~202811,신규,-,,,연립다세대
노원,1286,서울특별시 노원구 상계동,1387-5,1387,0005,가토빌라,전세,61.2300,202608,26,"12,000",0,2,1997,상계로35길 30,202609~202809,갱신,-,"12,000",0,연립다세대
건대입구,1289,서울특별시 광진구 자양동,57-97,0057,0097,랜드마크Ⅱ,전세,22.1200,202608,26,"30,000",0,5,2022,능동로3마길 10-6,202610~202810,신규,-,,,연립다세대
건대입구,1290,서울특별시 광진구 자양동,221-4,0221,0004,(221-4),전세,29.8200,202608,26,"24,000",0,2,2018,아차산로44길 3,202610~202810,신규,-,,,연립다세대
합정,1296,서울특별시 마포구 합정동,426-11,0426,0011,채운캐슬,전세,27.1200,202608,26,"28,140",0,3,2018,월드컵로 31-11,202608~202808,갱신,사용,"26,800",0,연립다세대
사당,1307,서울특별시 동작구 사당동,235-34,0235,0034,(235-34),전세,54.5400,202608,26,"19,000",0,1,1977,사당로8길 39,202609~202809,신규,-,,,연립다세대
합정,1310,서울특별시 마포구 합정동,439-7,0439,0007,MAIBAUMHapjeongB,월세,15.7400,202608,26,"1,000",68,5,2013,희우정로 42-7,202609~202709,갱신,-,"1,000",68,연립다세대
합정,1313,서울특별시 마포구 합정동,390-14,0390,0014,벨라비스타,월세,17.3140,202608,26,"3,000",85,4,2012,포은로2나길 31,202609~202809,신규,-,,,연립다세대
합정,1321,서울특별시 마포구 합정동,386-34,0386,0034,유진,월세,67.6800,202608,26,"40,500",16,4,2010,월드컵로5길 33-21,202608~202808,갱신,-,"40,000",0,연립다세대
건대입구,1323,서울특별시 광진구 구의동,218-29,0218,0029,대성아트빌라,월세,40.8400,202608,26,"18,000",40,2,1995,아차산로62길 14-8,202609~202809,갱신,-,"18,000",20,연립다세대
건대입구,1324,서울특별시 광진구 자양동,669-12,0669,0012,하우젠포레(669-12),전세,31.2600,202608,26,"29,500",0,4,2017,뚝섬로56가길 31,202609~202809,갱신,-,"27,000",0,연립다세대
건대입구,1337,서울특별시 광진구 자양동,768-6,0768,0006,진주타운2차,전세,66.5900,202608,26,"27,800",0,3,1991,자양로21길 16,202610~202810,신규,-,,,연립다세대
공덕,1342,서울특별시 마포구 신공덕동,6-10,0006,0010,어반하우스,전세,29.7100,202608,26,"33,000",0,2,2015,만리재옛길 38,202610~202810,신규,-,,,연립다세대
합정,1351,서울특별시 마포구 합정동,457-20,0457,0020,동서빌라나동,전세,58.2000,202608,26,"31,000",0,2,1992,동교로8안길 13,202609~202809,갱신,-,"28,800",20,연립다세대
건대입구,1352,서울특별시 광진구 자양동,688-4,0688,0004,미성빌라,전세,60.3000,202608,26,"25,000",0,1,1992,뚝섬로64길 44,202608~202808,갱신,-,"22,000",0,연립다세대
건대입구,1372,서울특별시 광진구 구의동,21-37,0021,0037,온새미르,전세,41.5300,202608,26,"31,800",0,3,2017,영화사로16나길 8,202610~202810,갱신,-,"30,300",0,연립다세대
건대입구,1373,서울특별시 광진구 구의동,207-9,0207,0009,힐알펜시아,월세,40.3000,202608,26,"27,550",5,3,2020,광나루로46길 47,202610~202810,갱신,사용,"27,550",0,연립다세대
건대입구,1374,서울특별시 광진구 구의동,207-9,0207,0009,힐알펜시아,월세,20.6400,202608,26,"2,000",75,4,2020,광나루로46길 47,202611~202711,갱신,사용,"2,000",72,연립다세대
안암,1382,서울특별시 성북구 안암동5가,103-25,0103,0025,대륜빌딩,월세,16.4100,202608,26,"1,000",74,6,2019,고려대로26길 14,202610~202710,신규,-,,,연립다세대
신림,1384,서울특별시 관악구 신림동,409-184,0409,0184,건영빌라(409-184),전세,39.1200,202608,26,"16,000",0,2,1992,문성로40길 11,202610~202810,신규,-,,,연립다세대
신림,1385,서울특별시 관악구 신림동,409-184,0409,0184,건영빌라(409-184),전세,39.1200,202608,26,"16,000",0,2,1992,문성로40길 11,202610~202810,신규,-,,,연립다세대
신림,1386,서울특별시 관악구 신림동,598-17,0598,0017,신흥빌라(598-17),월세,50.1600,202608,26,"13,000",10,2,1989,법원단지5라길 11,202610~202810,신규,-,,,연립다세대
신림,1387,서울특별시 관악구 신림동,1503-2,1503,0002,(1503-2),월세,49.1800,202608,26,"5,000",70,3,2002,남부순환로200가길 9-6,202610~202810,신규,-,,,연립다세대
신림,1413,서울특별시 관악구 신림동,1665-3,1665,0003,쉐르빌,월세,15.6400,202608,26,"1,000",55,2,2013,시흥대로158길 24,202609~202808,신규,-,,,연립다세대
건대입구,1439,서울특별시 광진구 구의동,638-3,0638,0003,더엘,월세,26.2300,202608,26,"2,205",23,3,2023,광나루로30가길 16-6,202609~202808,갱신,-,"2,205",23,연립다세대
홍대,1450,서울특별시 마포구 서교동,464-57,0464,0057,아띠끄빌,월세,28.9500,202608,26,"15,000",52,4,2014,동교로 136-3,202609~202808,신규,-,,,연립다세대
신림,1451,서울특별시 관악구 신림동,533-14,0533,0014,J헤븐빌,월세,24.1400,202608,26,"2,000",50,5,2015,조원로21길 5,202609~202809,신규,-,,,연립다세대
신림,1454,서울특별시 관악구 신림동,87-1,0087,0001,어반팰리스(6~7동),전세,49.5100,202608,26,"30,990",0,3,2018,신림로58길 42-4,202610~202810,신규,-,,,연립다세대
신림,1460,서울특별시 관악구 신림동,1439-2,1439,0002,펠릭스,전세,66.7600,202608,26,"5,000",0,7,2019,봉천로8길 42,202608~202708,신규,-,,,연립다세대
성수,1477,서울특별시 성동구 성수동1가,656-1041,0656,1041,뚝섬리치빌A동,전세,28.4000,202608,26,"28,050",0,3,2017,왕십리로10길 5-13,202610~202810,신규,-,,,연립다세대
성수,1478,서울특별시 성동구 성수동1가,656-1041,0656,1041,뚝섬리치빌A동,월세,28.4000,202608,26,"27,000",6,3,2017,왕십리로10길 5-13,202610~202810,신규,-,,,연립다세대
성수,1479,서울특별시 성동구 성수동1가,656-1041,0656,1041,뚝섬리치빌A동,월세,28.4000,202608,26,"27,000",6,3,2017,왕십리로10길 5-13,202610~202810,신규,-,,,연립다세대
성수,1480,서울특별시 성동구 성수동1가,656-1041,0656,1041,뚝섬리치빌A동,월세,28.4000,202608,26,"27,000",6,3,2017,왕십리로10길 5-13,202610~202810,신규,-,,,연립다세대
홍대,1481,서울특별시 마포구 서교동,475-39,0475,0039,(475-39),전세,15.4400,202608,25,"9,900",0,3,2012,월드컵로 70-4,202609~202809,신규,-,,,연립다세대
홍대,1482,서울특별시 마포구 서교동,482-27,0482,0027,(482-27),전세,19.7600,202608,25,"11,800",0,3,2002,월드컵로8길 49-6,202609~202709,신규,-,,,연립다세대
홍대,1483,서울특별시 마포구 서교동,482-27,0482,0027,(482-27),전세,19.7600,202608,25,"12,000",0,3,2002,월드컵로8길 49-6,202609~202709,신규,-,,,연립다세대
홍대,1484,서울특별시 마포구 서교동,399-6,0399,0006,studioville서교,전세,29.0800,202608,25,"10,400",0,3,2002,독막로5길 17,202609~202708,갱신,-,"10,400",0,연립다세대
역삼,1510,서울특별시 강남구 역삼동,660-26,0660,0026,스카이빌,월세,54.9300,202608,25,"1,000",85,2,2001,논현로102길 29-3,202609~202709,신규,-,,,연립다세대
역삼,1511,서울특별시 강남구 역삼동,732-33,0732,0033,네오빌(732-33),전세,26.6000,202608,25,"12,000",0,2,2001,언주로75길 21-1,202610~202810,갱신,-,"7,000",30,연립다세대
역삼,1512,서울특별시 강남구 역삼동,792-24,0792,0024,(792-24),전세,48.9100,202608,25,"16,500",0,5,2002,역삼로18길 12,202610~202810,신규,-,,,연립다세대
역삼,1513,서울특별시 강남구 역삼동,793-2,0793,0002,(793-2),월세,30.5900,202608,25,"12,000",30,2,2002,도곡로13길 26,202610~202810,신규,-,,,연립다세대
역삼,1514,서울특별시 강남구 역삼동,782-26,0782,0026,아르테빌,월세,25.2200,202608,25,100,72,2,2020,도곡로33길 13,202608~202812,신규,-,,,연립다세대
역삼,1515,서울특별시 강남구 역삼동,777-11,0777,0011,백년빌,월세,33.0400,202608,25,"7,828",17,5,2021,도곡로27길 40,202609~202808,갱신,-,"3,809",39,연립다세대
역삼,1516,서울특별시 강남구 역삼동,778-19,0778,0019,백년빌,월세,29.9200,202608,25,"1,526",41,2,2021,언주로69길 23-5,202609~202808,갱신,-,"3,562",37,연립다세대
역삼,1517,서울특별시 강남구 역삼동,751-8,0751,0008,버베나하우스(A),전세,29.4710,202608,25,"37,000",0,5,2021,역삼로11길 20,202609~202709,신규,-,,,연립다세대
역삼,1518,서울특별시 강남구 역삼동,834-112,0834,0112,블랙스완,월세,25.1300,202608,25,"1,000",77,2,2021,역삼로12길 15,202608~202808,신규,-,,,연립다세대
역삼,1519,서울특별시 강남구 역삼동,782,0782,0000,두산위브파빌리온역삼,월세,47.0710,202608,25,"5,000",340,5,2025,도곡로25길 18,202608~202708,신규,-,,,연립다세대
건대입구,1625,서울특별시 광진구 구의동,227-38,0227,0038,덕원빌라,전세,40.0200,202608,25,"22,700",0,2,2016,구의로12길 5,202610~202810,신규,-,,,연립다세대
건대입구,1626,서울특별시 광진구 구의동,225-39,0225,0039,(225-39),전세,52.5000,202608,25,"24,308",0,2,2005,자양로28길 85,202610~202810,갱신,-,"23,150",0,연립다세대
신림,1628,서울특별시 관악구 신림동,1591-4,1591,0004,다온빌,월세,29.0200,202608,25,"2,000",110,2,2022,신원로3길 54-4,202609~202809,신규,-,,,연립다세대
신림,1629,서울특별시 관악구 신림동,630-7,0630,0007,아름채,전세,41.6100,202608,25,"26,200",0,3,2015,난곡로30길 27,202608~202808,갱신,-,"25,000",0,연립다세대
신림,1630,서울특별시 관악구 신림동,409-96,0409,0096,(409-96),전세,16.8300,202608,25,"15,000",0,4,2013,서원4길 7,202611~202811,신규,-,,,연립다세대
신림,1631,서울특별시 관악구 신림동,610-76,0610,0076,아원빌,전세,48.2400,202608,25,"20,000",0,3,2012,법원단지13길 24,202610~202810,신규,-,,,연립다세대
신림,1632,서울특별시 관악구 신림동,409-260,0409,0260,(409-260),월세,34.5000,202608,25,700,50,-1,1990,서원8길 7,202609~202809,신규,-,,,연립다세대
건대입구,1633,서울특별시 광진구 자양동,513-8,0513,0008,무지개빌라B동,전세,41.7300,202608,25,"26,100",0,1,1992,뚝섬로35길 16-3,202608~202808,갱신,사용,"24,900",0,연립다세대
건대입구,1634,서울특별시 광진구 자양동,6-5,0006,0005,(6-5),월세,43.7700,202608,25,500,65,2,2002,아차산로30길 25-9,202608~202808,신규,-,,,연립다세대
건대입구,1635,서울특별시 광진구 자양동,800-9,0800,0009,그린빌,전세,54.0600,202608,25,"31,700",0,2,2007,자양번영로10길 5-6,202608~202808,갱신,사용,"30,800",0,연립다세대
건대입구,1636,서울특별시 광진구 자양동,16-47,0016,0047,행복,월세,14.0800,202608,25,"1,000",110,5,2017,아차산로22길 31-3,202608~202808,신규,-,,,연립다세대
건대입구,1637,서울특별시 광진구 자양동,16-47,0016,0047,행복,월세,40.3800,202608,25,"1,000",110,2,2017,아차산로22길 31-3,202608~202808,신규,-,,,연립다세대
건대입구,1638,서울특별시 광진구 자양동,46-33,0046,0033,자양리치빌V,전세,20.4900,202608,25,"19,950",0,5,2022,뚝섬로30가길 12,202609~202809,갱신,사용,"19,000",0,연립다세대
건대입구,1639,서울특별시 광진구 화양동,41-2,0041,0002,무지개하우스41-2,월세,15.1000,202608,25,"1,000",70,3,2015,동일로26길 8,202608~202808,신규,-,,,연립다세대
사당,1653,서울특별시 동작구 사당동,183-12,0183,0012,카라베르디움,전세,48.3500,202608,25,"36,300",0,4,2018,사당로2사길 29,202610~202810,갱신,-,"34,500",0,연립다세대
사당,1654,서울특별시 동작구 사당동,1050-16,1050,0016,상산노블하임(1050-16),전세,39.1800,202608,25,"34,600",0,2,2017,남부순환로259가길 25,202609~202809,신규,-,,,연립다세대
사당,1655,서울특별시 동작구 사당동,1017-26,1017,0026,(1017-26),월세,48.5100,202608,25,"24,000",10,2,2004,동작대로13길 23-5,202609~202809,신규,-,,,연립다세대
흑석,1657,서울특별시 동작구 흑석동,196-18,0196,0018,샹그릴라(196-18),월세,23.0800,202608,25,"14,000",40,2,2015,흑석로13바길 11,202610~202810,신규,-,,,연립다세대
흑석,1658,서울특별시 동작구 흑석동,204-5,0204,0005,양지빌라,월세,46.4400,202608,25,"1,000",130,3,1996,흑석로5길 24-6,202608~202702,신규,-,,,연립다세대
흑석,1659,서울특별시 동작구 흑석동,194-7,0194,0007,진주빌라,월세,60.3000,202608,25,300,50,-1,1992,흑석로9길 28,202608~202704,신규,-,,,연립다세대
상도,1663,서울특별시 동작구 상도동,356-3,0356,0003,이레아트빌12차,월세,29.5600,202608,25,"23,000",5,4,2016,상도로17길 14-4,202610~202810,신규,-,,,연립다세대
상도,1664,서울특별시 동작구 상도동,301-41,0301,0041,해담채상도,월세,45.0700,202608,25,"20,000",35,2,2016,국사봉10길 62-2,202610~202810,갱신,사용,"20,000",35,연립다세대
상도,1665,서울특별시 동작구 상도동,299-246,0299,0246,천수빌라C동,전세,24.3600,202608,25,"13,000",0,3,1992,국사봉12길 32,202610~202810,신규,-,,,연립다세대
안암,1698,서울특별시 성북구 안암동2가,138,0138,0000,에스엠빌라(138-0),전세,48.1800,202608,25,"22,000",0,2,2003,고려대로7가길 32,202610~202810,신규,-,,,연립다세대
안암,1699,서울특별시 성북구 안암동5가,12-166,0012,0166,(12-166),월세,14.4700,202608,25,"1,000",75,6,2012,고려대로27길 52-9,202608~202708,신규,-,,,연립다세대
수유,1737,서울특별시 강북구 수유동,391-407,0391,0407,현대빌라(B),전세,41.5200,202608,25,"7,000",0,-1,1986,삼각산로18길 9,202609~202805,신규,-,,,연립다세대
수유,1738,서울특별시 강북구 수유동,439-1,0439,0001,동일주택,월세,34.6200,202608,25,"9,480",25,1,1991,인수봉로52가길 22,202609~202809,신규,-,,,연립다세대
수유,1739,서울특별시 강북구 수유동,724-1,0724,0001,한터빌,전세,19.4200,202608,25,"5,000",0,5,2010,노해로 123-5,202608~202808,신규,-,,,연립다세대
수유,1740,서울특별시 강북구 수유동,482-21,0482,0021,서현펠리스,월세,38.2700,202608,25,"2,000",95,3,2018,삼양로71길 17-6,202609~202809,신규,-,,,연립다세대
수유,1741,서울특별시 강북구 수유동,313-6,0313,0006,홍원하이빌강북7,월세,20.5500,202608,25,"2,377",13,3,2021,삼양로119길 22,202609~202808,갱신,-,210,25,연립다세대
수유,1742,서울특별시 강북구 수유동,448-5,0448,0005,해피타운,월세,29.2200,202608,25,"4,000",105,4,2022,삼양로87길 21-18,202609~202809,신규,-,,,연립다세대
수유,1743,서울특별시 강북구 수유동,1-12,0001,0012,(1-12),월세,20.0000,202608,25,"1,000",73,2,2023,수유로21길 22,202608~202802,신규,-,,,연립다세대
노원,1768,서울특별시 노원구 공릉동,499-52,0499,0052,행운빌라,전세,55.4400,202608,25,"8,200",0,1,1994,동일로186길 7,202608~202808,신규,-,,,연립다세대
노원,1769,서울특별시 노원구 상계동,1380-5,1380,0005,신성파크빌라,전세,40.2800,202608,25,"4,000",0,4,1994,상계로35가길 40,202608~202808,갱신,-,"4,000",0,연립다세대
노원,1770,서울특별시 노원구 상계동,1384-13,1384,0013,초록하이츠빌라4차,전세,59.7800,202608,25,"20,000",0,1,1997,상계로35가길 18-9,202608~202808,신규,-,,,연립다세대
합정,1806,서울특별시 마포구 합정동,453-15,0453,0015,한강에듀포레B동,월세,26.9200,202608,25,"5,000",130,4,2021,동교로8길 34,202610~202810,신규,-,,,연립다세대
신촌,1807,서울특별시 서대문구 창천동,382,0382,0000,시온하우스,월세,25.6800,202608,25,500,84,3,2001,연희로2길 47,202608~202708,신규,-,,,연립다세대
신촌,1808,서울특별시 서대문구 창천동,285,0285,0000,석호하이빌,월세,14.5100,202608,25,500,60,2,2013,신촌로3길 35,202608~202708,신규,-,,,연립다세대
사당,1811,서울특별시 동작구 사당동,1050-20,1050,0020,정진빌,전세,30.0000,202608,24,"31,500",0,2,2023,남부순환로259가길 15-8,202609~202809,신규,-,,,연립다세대
건대입구,1814,서울특별시 광진구 구의동,650-5,0650,0005,성광빌라,월세,33.3100,202608,24,"7,000",70,4,2004,자양로23가길 35,202609~202809,신규,-,,,연립다세대
사당,1815,서울특별시 동작구 사당동,183-39,0183,0039,가온빌,월세,29.8100,202608,24,"30,000",10,4,2019,사당로2아길 14-9,202611~202811,신규,-,,,연립다세대
사당,1816,서울특별시 동작구 사당동,140-16,0140,0016,피움,월세,12.2100,202608,24,"1,000",53,3,2011,동작대로27다길 10-9,202608~202808,신규,-,,,연립다세대
사당,1817,서울특별시 동작구 사당동,141-117,0141,0117,(141-117),전세,61.0200,202608,24,"34,000",0,4,2009,사당로29라길 16,202609~202809,갱신,-,"34,000",0,연립다세대
상도,1828,서울특별시 동작구 상도동,7-45,0007,0045,이노시티빌,월세,25.5900,202608,24,"3,956",9,4,2021,매봉로2길 16,202609~202808,갱신,-,"1,925",20,연립다세대
상도,1829,서울특별시 동작구 상도동,244-343,0244,0343,엘림파크빌,전세,38.3200,202608,24,"23,150",0,2,2016,성대로19길 52,202609~202809,갱신,사용,"22,050",0,연립다세대
상도,1830,서울특별시 동작구 상도동,244-343,0244,0343,엘림파크빌,전세,38.3200,202608,24,"23,150",0,2,2016,성대로19길 52,202609~202809,신규,-,,,연립다세대
공덕,1867,서울특별시 마포구 공덕동,111-25,0111,0025,두영파크(파크힐),월세,13.9200,202608,24,"1,000",60,3,2012,임정로25길 3,202609~202809,신규,-,,,연립다세대
성수,1876,서울특별시 성동구 성수동1가,656-572,0656,0572,성수리치빌A동,전세,16.9000,202608,24,"15,500",0,6,2016,뚝섬로1가길 29,202609~202809,갱신,사용,"14,800",0,연립다세대
성수,1877,서울특별시 성동구 성수동1가,685-260,0685,0260,신성연립,월세,81.2200,202608,24,"10,000",166,2,1978,서울숲4길 8,202608~202808,갱신,-,"10,000",160,연립다세대
수유,1969,서울특별시 강북구 수유동,445-17,0445,0017,푸른주택(B),월세,58.4400,202608,24,"1,000",60,3,2003,삼양로87가길 9,202608~202808,신규,-,,,연립다세대
수유,1970,서울특별시 강북구 수유동,522-36,0522,0036,청산주택,전세,95.6100,202608,24,"22,270",0,2,1992,삼각산로 10,202609~202809,신규,-,,,연립다세대
홍대,2001,서울특별시 마포구 상수동,335-10,0335,0010,상수그린파크빌,전세,46.9000,202608,24,"30,000",0,4,2008,와우산로3안길 46,202611~202811,신규,-,,,연립다세대
합정,2003,서울특별시 마포구 합정동,377-34,0377,0034,합정리치빌,전세,29.7400,202608,24,"30,000",0,2,2021,양화진4길 15-8,202609~202809,신규,-,,,연립다세대
노원,2016,서울특별시 노원구 월계동,534-118,0534,0118,숲속그린빌,월세,34.8100,202608,24,"3,000",110,2,2017,월계로44가길 7-6,202609~202809,신규,-,,,연립다세대
노원,2018,서울특별시 노원구 공릉동,224-9,0224,0009,4차남경빌라,전세,39.9500,202608,24,"8,100",0,-1,1994,공릉로42길 13-25,202609~202809,신규,-,,,연립다세대
노원,2019,서울특별시 노원구 공릉동,240-42,0240,0042,삼성쉐르빌,월세,35.1600,202608,24,"12,500",20,5,2002,공릉로32길 15,202609~202809,신규,-,,,연립다세대
노원,2020,서울특별시 노원구 공릉동,389-3,0389,0003,해피하우스,월세,12.0600,202608,24,"2,000",36,4,2011,동일로192나길 16-4,202608~202708,신규,-,,,연립다세대
합정,2021,서울특별시 마포구 합정동,398-1,0398,0001,금강빌라,월세,26.8800,202608,24,50,45,3,1993,희우정로 25,202608~202808,신규,-,,,연립다세대
노원,2023,서울특별시 노원구 상계동,1087-8,1087,0008,상계빌라(1087-8),월세,56.2000,202608,24,"18,000",20,4,2001,동일로237길 80,202610~202810,신규,-,,,연립다세대
노원,2024,서울특별시 노원구 상계동,1117-2,1117,0002,에든버러캐슬,전세,15.6000,202608,24,"7,717",0,7,2012,동일로246길 46,202609~202809,신규,-,,,연립다세대
노원,2025,서울특별시 노원구 중계동,90-21,0090,0021,샬롬하우스,월세,75.3800,202608,24,"34,000",15,2,2019,중계로14바길 25,202612~202812,신규,-,,,연립다세대
신촌,2034,서울특별시 서대문구 창천동,68-67,0068,0067,올리브하우스,월세,102.8900,202608,24,500,30,5,2001,신촌로7길 50-12,202608~202708,신규,-,,,연립다세대
홍대,2047,서울특별시 마포구 서교동,454-5,0454,0005,서교동포인트빌라,전세,47.3800,202608,24,"23,000",0,3,2000,월드컵북로7길 57,202608~202808,신규,-,,,연립다세대
홍대,2048,서울특별시 마포구 서교동,473-53,0473,0053,레이크빌,월세,21.9600,202608,24,"1,000",56,2,2001,월드컵로16길 38,202610~202810,신규,-,,,연립다세대
역삼,2084,서울특별시 강남구 역삼동,778-19,0778,0019,백년빌,월세,29.9200,202608,24,"7,396",16,3,2021,언주로69길 23-5,202609~202808,갱신,-,"3,599",37,연립다세대
역삼,2085,서울특별시 강남구 역삼동,778-3,0778,0003,역삼파크빌,월세,27.8700,202608,24,"3,959",29,2,2020,언주로69길 27-6,202609~202808,갱신,-,"6,459",15,연립다세대
역삼,2086,서울특별시 강남구 역삼동,774-10,0774,0010,리치웰,월세,25.4700,202608,24,"27,000",30,2,2017,언주로69길 28,202609~202809,신규,-,,,연립다세대
역삼,2087,서울특별시 강남구 역삼동,774-10,0774,0010,리치웰,월세,25.4700,202608,24,"27,000",30,2,2017,언주로69길 28,202609~202809,신규,-,,,연립다세대
역삼,2088,서울특별시 강남구 역삼동,628-3,0628,0003,멜론즈프라자,월세,30.4200,202608,24,200,120,5,2002,테헤란로25길 52,202608~202611,신규,-,,,연립다세대
건대입구,2102,서울특별시 광진구 자양동,229-48,0229,0048,상진라인빌,전세,28.8000,202608,24,"30,000",0,3,2019,아차산로40길 33-4,202610~202810,신규,-,,,연립다세대
건대입구,2103,서울특별시 광진구 자양동,612-6,0612,0006,연진마을,전세,63.4300,202608,24,"28,000",0,3,2003,아차산로40길 67,202611~202811,갱신,사용,"28,000",0,연립다세대
신림,2115,서울특별시 관악구 신림동,412-273,0412,0273,영파크,월세,36.5400,202608,24,400,48,-1,1991,문성로38길 32-9,202609~202709,신규,-,,,연립다세대
신림,2120,서울특별시 관악구 신림동,1420-23,1420,0023,일육삼빌라,월세,39.8200,202608,24,500,55,1,1993,신림로66길 27-6,202608~202808,신규,-,,,연립다세대
신림,2121,서울특별시 관악구 신림동,619-38,0619,0038,소노팰리체III,전세,67.6500,202608,24,"25,000",0,5,2013,난곡로34길 13,202610~202810,신규,-,,,연립다세대
신림,2122,서울특별시 관악구 신림동,1460-4,1460,0004,스타빌딩,월세,14.7400,202608,24,"5,000",46,5,2014,신림동5가길 37,202608~202808,신규,-,,,연립다세대
신림,2123,서울특별시 관악구 신림동,561-13,0561,0013,반도하우스,월세,15.2400,202608,24,"2,000",55,2,2016,조원로12길 7,202609~202809,신규,-,,,연립다세대
신림,2124,서울특별시 관악구 신림동,254-134,0254,0134,한솔산자락빌라,월세,10.2100,202608,24,100,41,2,2012,대학14길 83-14,202608~202708,신규,-,,,연립다세대
신림,2125,서울특별시 관악구 신림동,489-17,0489,0017,이도파크빌,월세,26.3100,202608,24,"8,543",7,2,2023,남부순환로159길 35,202609~202808,갱신,-,"3,450",36,연립다세대
수유,2136,서울특별시 강북구 수유동,313-6,0313,0006,홍원하이빌강북7,월세,24.0900,202608,23,"2,346",24,5,2021,삼양로119길 22,202609~202808,갱신,-,"2,346",24,연립다세대
수유,2139,서울특별시 강북구 수유동,291-150,0291,0150,풍경,월세,29.9000,202608,23,"1,500",85,5,2016,삼양로123길 32-46,202609~202802,신규,-,,,연립다세대
수유,2141,서울특별시 강북구 수유동,190-24,0190,0024,코지하우스,월세,12.2400,202608,23,500,41,5,2013,한천로 1053-6,202608~202708,신규,-,,,연립다세대
사당,2144,서울특별시 동작구 사당동,267-4,0267,0004,267-4,월세,29.0400,202608,23,"2,000",75,4,2020,사당로16가길 19,202610~202710,갱신,-,"2,000",72,연립다세대
역삼,2157,서울특별시 강남구 역삼동,743-1,0743,0001,동우빌라(743-1),전세,129.5100,202608,23,"55,000",0,3,1994,논현로79길 37,202609~202809,갱신,-,"52,500",0,연립다세대
신촌,2159,서울특별시 서대문구 창천동,99-10,0099,0010,해피빌3차,월세,35.3000,202608,23,500,60,3,2002,성산로 408-4,202608~202708,신규,-,,,연립다세대
신촌,2160,서울특별시 서대문구 창천동,90-34,0090,0034,스카이빌,월세,26.8800,202608,23,500,90,2,2003,신촌로7길 49-11,202608~202708,신규,-,,,연립다세대
흑석,2163,서울특별시 동작구 흑석동,186-72,0186,0072,흑석빌리지,월세,56.5900,202608,23,"3,000",97,3,2017,흑석로13마길 41,202608~202801,신규,-,,,연립다세대
홍대,2176,서울특별시 마포구 서교동,448-32,0448,0032,청기와빌라,전세,66.4200,202608,23,"26,000",0,5,2002,동교로17안길 39,202608~203008,신규,-,,,연립다세대
청량리,2177,서울특별시 동대문구 청량리동,53-15,0053,0015,(53-15),전세,13.3300,202608,23,"12,700",0,4,2012,왕산로47길 57,202609~202809,신규,-,,,연립다세대
역삼,2181,서울특별시 강남구 역삼동,695-4,0695,0004,산마리노,월세,47.2300,202608,23,"7,000",63,1,2002,테헤란로53길 38,202609~202709,신규,-,,,연립다세대
신림,2186,서울특별시 관악구 신림동,571-1,0571,0001,홍연그린빌(571-1),월세,20.9600,202608,23,"2,000",48,2,2016,조원중앙로2길 11,202608~202808,갱신,사용,"2,000",46,연립다세대
신림,2191,서울특별시 관악구 신림동,610-256,0610,0256,동성맨션5차,월세,48.1400,202608,23,"10,000",30,-1,1996,법원단지18길 24,202609~202809,신규,-,,,연립다세대
신림,2192,서울특별시 관악구 신림동,10-414,0010,0414,광덕빌,월세,83.1000,202608,23,500,55,2,2004,남부순환로194길 19,202608~202808,신규,-,,,연립다세대
합정,2201,서울특별시 마포구 합정동,434-15,0434,0015,원스빌,월세,12.6000,202608,23,"2,000",46,3,2011,월드컵로7길 87-4,202609~202709,신규,-,,,연립다세대
흑석,2254,서울특별시 동작구 흑석동,204-17,0204,0017,중앙맨션,월세,66.5600,202608,22,"10,000",120,4,1998,흑석로5길 32,202609~202809,신규,-,,,연립다세대
흑석,2255,서울특별시 동작구 흑석동,204-17,0204,0017,중앙맨션,월세,66.5600,202608,22,"10,000",120,4,1998,흑석로5길 32,202609~202809,신규,-,,,연립다세대
건대입구,2263,서울특별시 광진구 구의동,26-7,0026,0007,현대아트빌라(26-7),월세,46.0400,202608,22,"19,000",30,3,1995,자양로52길 7,202609~202809,갱신,-,"18,000",30,연립다세대
건대입구,2264,서울특별시 광진구 구의동,242-137,0242,0137,(242-137),월세,29.9400,202608,22,"11,000",42,2,2013,자양로18길 67-7,202611~202811,신규,-,,,연립다세대
건대입구,2266,서울특별시 광진구 구의동,619-17,0619,0017,대산하우스,전세,29.5000,202608,22,"23,500",0,2,2018,자양로35길 20,202609~202809,갱신,사용,"23,000",0,연립다세대
왕십리,2267,서울특별시 성동구 행당동,254-1,0254,0001,대성빌라,월세,44.5300,202608,22,"11,000",60,1,1992,고산자로12길 11-1,202609~202809,갱신,-,"9,000",49,연립다세대
건대입구,2269,서울특별시 광진구 구의동,29-20,0029,0020,승지,월세,29.3100,202608,22,"4,000",78,4,2020,자양로49길 16-7,202608~202808,신규,-,,,연립다세대
역삼,2272,서울특별시 강남구 역삼동,637-26,0637,0026,에이스빌,월세,35.4100,202608,22,"10,000",100,4,2005,테헤란로19길 21-11,202610~202810,신규,-,,,연립다세대
사당,2273,서울특별시 동작구 사당동,419-87,0419,0087,삼성아트7차,월세,59.9800,202608,22,"5,000",175,2,1998,남부순환로269길 54,202610~202810,신규,-,,,연립다세대
사당,2274,서울특별시 동작구 사당동,431-3,0431,0003,부림아트빌(431-3),월세,40.9800,202608,22,"20,000",23,4,2008,사당로22나길 29,202609~202809,갱신,-,"25,000",0,연립다세대
사당,2275,서울특별시 동작구 사당동,431-3,0431,0003,부림아트빌(431-3),월세,42.2100,202608,22,"20,000",23,3,2008,사당로22나길 29,202610~202810,갱신,-,"25,000",0,연립다세대
사당,2276,서울특별시 동작구 사당동,419-42,0419,0042,더하우스8차,월세,46.3500,202608,22,"10,000",90,4,2008,남부순환로265나길 13,202610~202810,신규,-,,,연립다세대
사당,2277,서울특별시 동작구 사당동,419-105,0419,0105,미래아트빌,전세,71.8350,202608,22,"30,500",0,4,2009,남부순환로265가길 13,202610~202810,신규,-,,,연립다세대
사당,2278,서울특별시 동작구 사당동,316-244,0316,0244,귀주아트빌,전세,43.6200,202608,22,"20,000",0,4,2014,사당로20바길 15,202608~202808,갱신,사용,"20,000",0,연립다세대
사당,2279,서울특별시 동작구 사당동,431-4,0431,0004,옵티뭄빌,전세,45.2300,202608,22,"35,000",0,3,2016,사당로20길 63,202611~202811,신규,-,,,연립다세대
사당,2281,서울특별시 동작구 사당동,230-19,0230,0019,로얄팰리스,전세,51.3800,202608,22,"38,535",0,2,2016,사당로8가길 9-8,202610~202810,신규,-,,,연립다세대
사당,2282,서울특별시 동작구 사당동,91-2,0091,0002,형제팰리스,월세,51.7200,202608,22,"25,000",39,4,2018,동작대로31길 30,202609~202809,갱신,-,"25,000",38,연립다세대
사당,2283,서울특별시 동작구 사당동,316-179,0316,0179,316-179,월세,32.9500,202608,22,"17,362",3,1,2018,사당로20다길 29,202610~202810,갱신,-,"17,362",0,연립다세대
합정,2290,서울특별시 마포구 합정동,359-42,0359,0042,동아아트빌라,전세,54.1200,202608,22,"27,000",0,4,1991,성지3길 62,202610~202810,갱신,-,"22,000",0,연립다세대
성수,2292,서울특별시 성동구 성수동2가,289-162,0289,0162,대명아트빌,월세,29.9400,202608,22,"30,000",4,5,2020,광나루로 248-26,202609~202809,갱신,-,"30,000",0,연립다세대
성수,2296,서울특별시 성동구 성수동2가,299-80,0299,0080,오페라하우스,전세,44.2800,202608,22,"37,800",0,5,2015,광나루로4길 4,202609~202809,갱신,-,"36,000",0,연립다세대
성수,2305,서울특별시 성동구 성수동2가,321-64,0321,0064,명품빌리지,전세,28.2700,202608,22,"21,500",0,3,2012,성수일로4가길 14,202610~202810,신규,-,,,연립다세대
합정,2314,서울특별시 마포구 합정동,391-2,0391,0002,고려빌라트,월세,126.6100,202608,22,78,78,4,1992,포은로2가길 29,202608~202702,갱신,-,78,48,연립다세대
합정,2315,서울특별시 마포구 합정동,391-27,0391,0027,주연빌리지27,전세,44.6800,202608,22,"25,600",0,5,2004,포은로2가길 33-6,202611~202810,갱신,-,"24,400",0,연립다세대
신림,2318,서울특별시 관악구 신림동,546-2,0546,0002,조원도시형생활주택,월세,13.6000,202608,22,500,51,4,2011,조원로 62-1,202609~202709,신규,-,,,연립다세대
신림,2337,서울특별시 관악구 신림동,103-134,0103,0134,103-134,월세,28.8000,202608,22,"3,200",69,4,2014,서림길 99-6,202609~202809,신규,-,,,연립다세대
신림,2338,서울특별시 관악구 신림동,535-6,0535,0006,노아의방주,월세,34.3200,202608,22,"12,800",25,4,2012,조원로19길 9,202611~202811,신규,-,,,연립다세대
신촌,2382,서울특별시 서대문구 창천동,191,0191,0000,다모아,전세,72.9000,202608,22,"12,000",0,4,2003,신촌로7안길 50,202608~202808,신규,-,,,연립다세대
역삼,2390,서울특별시 강남구 역삼동,778-18,0778,0018,J&Jvill,전세,34.7100,202608,22,"31,300",0,5,2015,언주로69길 23-3,202610~202810,신규,-,,,연립다세대
홍대,2391,서울특별시 마포구 서교동,333-44,0333,0044,WhiteVille,월세,18.7800,202608,22,"2,000",55,1,2002,와우산로29마길 15-6,202608~202808,신규,-,,,연립다세대
노원,2392,서울특별시 노원구 중계동,90-33,0090,0033,민하우스(A동),전세,48.7800,202608,22,"18,600",0,5,2011,중계로14라길 37,202609~202809,갱신,-,"17,800",0,연립다세대
합정,2393,서울특별시 마포구 합정동,451-11,0451,0011,합정어반힐,전세,25.7600,202608,22,"29,500",0,5,2020,희우정로7길 31,202610~202810,갱신,사용,"28,300",0,연립다세대
노원,2396,서울특별시 노원구 상계동,1105-65,1105,0065,원하우스,월세,16.1200,202608,22,"1,000",40,2,2013,동일로237나길 35-12,202608~202808,신규,-,,,연립다세대
노원,2398,서울특별시 노원구 상계동,581-115,0581,0115,송원레지던스,월세,16.7400,202608,22,"6,500",1,3,2012,상계로1길 54-12,202609~202809,갱신,-,"6,500",0,연립다세대
노원,2399,서울특별시 노원구 상계동,169-66,0169,0066,동방빌라,월세,40.5100,202608,22,"12,000",15,2,1994,한글비석로 418-9,202610~202810,갱신,사용,"12,000",15,연립다세대
노원,2400,서울특별시 노원구 상계동,134-120,0134,0120,대보빌라2동,전세,42.4800,202608,22,"8,000",0,-1,1991,수락산로 65,202609~202809,신규,-,,,연립다세대
노원,2405,서울특별시 노원구 공릉동,416,0416,0000,이화맨션나동,월세,44.6500,202608,22,"14,000",35,5,2006,공릉로 173-4,202609~202809,신규,-,,,연립다세대
건대입구,2463,서울특별시 광진구 자양동,611-39,0611,0039,(611-39),전세,37.4400,202608,22,"21,000",0,1,1986,아차산로40길 68,202612~202812,신규,-,,,연립다세대
건대입구,2464,서울특별시 광진구 자양동,84-10,0084,0010,(84-10),월세,42.8200,202608,22,500,50,-1,1991,능동로3다길 25,202608~202808,신규,-,,,연립다세대
건대입구,2465,서울특별시 광진구 자양동,664-12,0664,0012,화이트하우스(664-12),전세,39.6000,202608,22,"21,994",0,2,2009,자양로3길 40-8,202610~202810,갱신,-,"20,947",0,연립다세대
건대입구,2468,서울특별시 광진구 자양동,652-35,0652,0035,예림빌라,전세,72.0300,202608,22,"42,000",0,4,2010,뚝섬로56길 8,202610~202810,신규,-,,,연립다세대
역삼,2478,서울특별시 강남구 역삼동,745-35,0745,0035,다올2차,월세,25.4800,202608,22,"32,800",3,3,2019,논현로75길 28,202609~202809,신규,-,,,연립다세대
건대입구,2481,서울특별시 광진구 자양동,775-12,0775,0012,늘푸른하우스,월세,49.7000,202608,22,"40,000",10,5,2016,아차산로45길 22,202608~202808,갱신,-,"40,000",0,연립다세대
건대입구,2482,서울특별시 광진구 자양동,192-21,0192,0021,아스하임(192-21),전세,51.7000,202608,22,"27,500",0,3,2017,뚝섬로22길 69,202608~202808,갱신,-,"27,000",0,연립다세대
건대입구,2487,서울특별시 광진구 자양동,229-36,0229,0036,삼성홈타운17차,전세,29.9000,202608,22,"28,875",0,3,2017,아차산로40길 53-12,202608~202808,갱신,사용,"27,500",0,연립다세대
건대입구,2490,서울특별시 광진구 자양동,57-124,0057,0124,까사리버자양,전세,18.9100,202608,22,"20,000",0,4,2021,뚝섬로22길 88,202609~202809,신규,-,,,연립다세대
건대입구,2491,서울특별시 광진구 자양동,227-273,0227,0273,디앤씨스톤,전세,50.5600,202608,22,"52,000",0,2,2024,자양번영로7길 12-8,202610~202810,신규,-,,,연립다세대
신촌,2492,서울특별시 서대문구 대현동,90-42,0090,0042,이대다올노블리움2차(에이동),월세,13.9800,202608,22,"1,000",80,8,2018,이화여대1길 30,202608~202708,신규,-,,,연립다세대
수유,2513,서울특별시 강북구 수유동,291-59,0291,0059,홍원하이빌강북6,월세,24.0000,202608,22,210,29,3,2021,인수봉로82길 26,202609~202808,갱신,-,210,29,연립다세대
수유,2514,서울특별시 강북구 수유동,313-6,0313,0006,홍원하이빌강북7,월세,19.0800,202608,22,210,23,2,2021,삼양로119길 22,202609~202808,갱신,-,210,23,연립다세대
수유,2515,서울특별시 강북구 수유동,535-130,0535,0130,북한산타운힐즈,월세,84.7700,202608,22,"28,000",50,1,2018,4.19로25길 33,202610~202810,신규,-,,,연립다세대
수유,2516,서울특별시 강북구 수유동,486-777,0486,0777,우광타운(12),월세,30.1100,202608,22,"1,300",65,2,1990,인수봉로29길 6,202608~202808,신규,-,,,연립다세대
수유,2517,서울특별시 강북구 수유동,313-17,0313,0017,혁구하이츠빌라8차,월세,42.2300,202608,22,"1,000",70,4,1993,삼양로119길 9,202610~202809,신규,-,,,연립다세대
상도,2529,서울특별시 동작구 상도동,26-27,0026,0027,한울빌딩,월세,12.2900,202608,22,"1,000",57,4,2012,상도로 217-4,202608~202708,신규,-,,,연립다세대
수유,2533,서울특별시 강북구 수유동,252-46,0252,0046,우성빌라(252-46),월세,31.1400,202608,22,"2,000",80,3,1994,노해로27길 37,202608~202808,신규,-,,,연립다세대
상도,2537,서울특별시 동작구 상도동,299-57,0299,0057,네오빌리지(299-57),월세,29.9400,202608,22,"18,000",15,4,2014,국사봉6길 15-1,202611~202811,갱신,사용,"18,000",10,연립다세대
상도,2538,서울특별시 동작구 상도동,321-3,0321,0003,청운하우스,전세,49.8250,202608,22,"35,800",0,3,2016,국사봉길 21-5,202610~202810,신규,-,,,연립다세대
성수,2557,서울특별시 성동구 성수동2가,289-162,0289,0162,대명아트빌,전세,24.5800,202608,21,"24,500",0,3,2020,광나루로 248-26,202609~202809,갱신,사용,"24,000",0,연립다세대
성수,2558,서울특별시 성동구 성수동1가,685-314,0685,0314,보덕다세대,전세,38.1600,202608,21,"27,000",0,4,2003,서울숲7길 12,202610~202810,갱신,사용,"26,000",0,연립다세대
왕십리,2590,서울특별시 성동구 행당동,313-44,0313,0044,설악빌라A동,전세,55.0100,202608,21,"36,750",0,2,1998,행당로13길 12,202608~202808,갱신,사용,"35,000",0,연립다세대
안암,2594,서울특별시 성북구 안암동2가,160-7,0160,0007,(160-7),월세,15.4100,202608,21,"1,000",35,4,2013,고려대로14길 12,202608~202708,갱신,-,"1,000",33,연립다세대
길음,2607,서울특별시 성북구 길음동,488-22,0488,0022,뜨란채,월세,13.6600,202608,21,"3,000",47,3,2014,도봉로3길 22-8,202609~202809,신규,-,,,연립다세대
신림,2657,서울특별시 관악구 신림동,90-41,0090,0041,해오름(90-41),월세,41.9000,202608,21,"1,000",85,2,2013,신림로54가길 25,202609~202709,신규,-,,,연립다세대
신림,2658,서울특별시 관악구 신림동,1503-2,1503,0002,(1503-2),월세,61.4700,202608,21,"7,000",50,3,2002,남부순환로200가길 9-6,202610~202810,신규,-,,,연립다세대
신림,2670,서울특별시 관악구 신림동,1441-9,1441,0009,세진하이츠빌라,월세,27.8400,202608,21,"1,000",40,4,1991,관천로22길 78,202608~202808,신규,-,,,연립다세대
신림,2671,서울특별시 관악구 신림동,458-33,0458,0033,정원빌라(458-33),전세,35.6400,202608,21,"16,000",0,4,1991,관천로23길 7,202610~202810,신규,-,,,연립다세대
수유,2673,서울특별시 강북구 수유동,530-105,0530,0105,동아하이츠,월세,41.7000,202608,21,"1,000",60,2,1996,인수봉로73나길 41,202609~202809,갱신,-,"1,000",55,연립다세대
수유,2674,서울특별시 강북구 수유동,558-22,0558,0022,은행빌라(558-22),월세,47.1600,202608,21,"2,000",70,5,2011,인수봉로80길 7,202608~202808,신규,-,,,연립다세대
수유,2675,서울특별시 강북구 수유동,270-225,0270,0225,삼일씨티빌,전세,44.1700,202608,21,"16,300",0,5,2012,한천로166길 17,202608~202808,갱신,사용,"16,000",0,연립다세대
수유,2676,서울특별시 강북구 수유동,9-60,0009,0060,화이트씨앤빌,전세,39.5100,202608,21,"17,000",0,5,2015,노해로7길 32-7,202610~202810,신규,-,,,연립다세대
수유,2677,서울특별시 강북구 수유동,472-358,0472,0358,아가페하우스,월세,16.2200,202608,21,500,57,2,2017,삼양로81길 70,202608~202808,신규,-,,,연립다세대
수유,2678,서울특별시 강북구 수유동,8-136,0008,0136,유니버설디자인하우스수유,월세,21.6200,202608,21,"7,200",20,5,2020,삼각산로28길 84,-,-,-,,,연립다세대
수유,2679,서울특별시 강북구 수유동,291-59,0291,0059,홍원하이빌강북6,월세,25.5000,202608,21,"4,079",15,5,2021,인수봉로82길 26,202609~202808,갱신,-,210,29,연립다세대
수유,2680,서울특별시 강북구 수유동,472-540,0472,0540,대원하늘채,전세,54.2000,202608,21,"30,000",0,4,2022,삼양로81길 38-3,202610~202810,신규,-,,,연립다세대
신촌,2681,서울특별시 서대문구 대현동,90-42,0090,0042,이대다올노블리움2차(에이동),월세,13.9800,202608,21,"1,000",80,7,2018,이화여대1길 30,202608~202708,신규,-,,,연립다세대
건대입구,2699,서울특별시 광진구 자양동,611-1,0611,0001,예닮,전세,30.4600,202608,21,"30,000",0,3,2017,자양번영로 62,202609~202809,신규,-,,,연립다세대
건대입구,2700,서울특별시 광진구 자양동,611-1,0611,0001,예닮,전세,30.4600,202608,21,"30,000",0,3,2017,자양번영로 62,202609~202809,신규,-,,,연립다세대
건대입구,2701,서울특별시 광진구 자양동,832-7,0832,0007,(832-7),전세,17.7500,202608,21,"12,000",0,2,2007,동일로16길 17-6,202609~202809,신규,-,,,연립다세대
건대입구,2702,서울특별시 광진구 자양동,767-3,0767,0003,경일빌라,월세,114.9400,202608,21,"4,000",85,3,1989,자양로21길 8,202610~202810,신규,-,,,연립다세대
건대입구,2703,서울특별시 광진구 자양동,646-13,0646,0013,주홍아트빌,전세,45.5000,202608,21,"26,250",0,3,2003,뚝섬로52라길 64,202609~202809,갱신,사용,"25,000",0,연립다세대
건대입구,2706,서울특별시 광진구 자양동,582-2,0582,0002,송광아트빌라,월세,72.3700,202608,21,"11,000",76,3,1995,자양번영로3길 12-9,202610~202810,갱신,사용,"11,000",70,연립다세대
건대입구,2714,서울특별시 광진구 화양동,16-33,0016,0033,(16-33),월세,68.7400,202608,21,"1,000",61,2,2002,군자로5길 24-3,202608~202708,신규,-,,,연립다세대
건대입구,2715,서울특별시 광진구 화양동,45-2,0045,0002,(45-2),월세,21.0000,202608,21,"1,000",60,3,2006,아차산로25길 31,202608~202808,신규,-,,,연립다세대
홍대,2718,서울특별시 마포구 상수동,326-2,0326,0002,(326-2),월세,40.0900,202608,21,"2,000",100,2,2004,와우산로7길 13,202608~202808,신규,-,,,연립다세대
건대입구,2724,서울특별시 광진구 자양동,229-10,0229,0010,고은빌라,월세,56.3400,202608,21,"24,500",10,2,2002,아차산로42길 54,202609~202809,갱신,-,"24,500",10,연립다세대
홍대,2725,서울특별시 마포구 서교동,482-30,0482,0030,씨티빌라,월세,51.2100,202608,21,"10,000",40,2,1995,동교로12안길 48,202609~202809,갱신,-,"19,500",0,연립다세대
홍대,2726,서울특별시 마포구 서교동,451-53,0451,0053,인사이트,월세,18.9300,202608,21,500,70,3,2013,월드컵북로5나길 9-9,202608~202708,신규,-,,,연립다세대
노원,2730,서울특별시 노원구 월계동,411-15,0411,0015,제이앤제이하우스,월세,18.5600,202608,21,"1,000",40,4,2012,석계로13길 40,202608~202702,갱신,-,"1,000",38,연립다세대
노원,2737,서울특별시 노원구 공릉동,504-17,0504,0017,성우빌라,월세,39.4500,202608,21,"11,600",30,4,1995,동일로186길 77-15,202609~202809,신규,-,,,연립다세대
노원,2738,서울특별시 노원구 공릉동,350-97,0350,0097,로뎀하우스,전세,64.7600,202608,21,"7,000",0,3,2009,공릉로39길 22-5,202608~202808,신규,-,,,연립다세대
노원,2741,서울특별시 노원구 하계동,61-8,0061,0008,리치빌,월세,26.5300,202608,21,"9,000",25,3,2007,공릉로58길 121-7,202609~202809,신규,-,,,연립다세대
노원,2754,서울특별시 노원구 상계동,101-140,0101,0140,수양빌라,전세,42.8800,202608,21,"10,000",0,3,1992,덕릉로115나길 48,202610~202810,갱신,-,"8,500",0,연립다세대
신림,2798,서울특별시 관악구 신림동,1465-1,1465,0001,신사타운빌,월세,41.0100,202608,21,"30,000",15,2,2016,남부순환로167길 42,-,-,-,,,연립다세대
신림,2799,서울특별시 관악구 신림동,98-357,0098,0357,천년캐슬(98-357),월세,22.0500,202608,21,"12,000",40,2,2017,서림1길 57,202610~202810,신규,-,,,연립다세대
신림,2800,서울특별시 관악구 신림동,98-357,0098,0357,천년캐슬(98-357),월세,22.0500,202608,21,"12,000",40,2,2017,서림1길 57,202610~202810,신규,-,,,연립다세대
신림,2804,서울특별시 관악구 신림동,1667,1667,0000,운성,월세,34.6500,202608,21,"24,400",17,5,2020,조원중앙로1길 75,202611~202811,신규,-,,,연립다세대
신림,2805,서울특별시 관악구 신림동,501-6,0501,0006,(501-6),월세,26.2800,202608,21,"20,000",20,4,2022,난곡로74길 47,202608~202808,신규,-,,,연립다세대
신림,2806,서울특별시 관악구 신림동,1628-68,1628,0068,T&K신림Ⅴ,월세,56.3800,202608,21,"3,506",36,5,2026,문성로27길 9,202609~202811,신규,-,,,연립다세대
합정,2828,서울특별시 마포구 합정동,440-18,0440,0018,대명풀하우스3,전세,12.3200,202608,21,"10,500",0,4,2013,월드컵로7길 105,202611~202811,갱신,-,"10,300",0,연립다세대
사당,2833,서울특별시 동작구 사당동,437-39,0437,0039,다경빌(437-39),전세,50.9200,202608,21,"36,500",0,3,2023,남부순환로265길 68,202610~202810,신규,-,,,연립다세대
사당,2834,서울특별시 동작구 사당동,52-7,0052,0007,라온펠리체,월세,44.5100,202608,21,"31,300",45,5,2021,동작대로35차길 16,202611~202811,신규,-,,,연립다세대
사당,2835,서울특별시 동작구 사당동,303-90,0303,0090,(303-90),전세,29.8950,202608,21,"13,200",0,2,2007,사당로16길 131-7,202609~202809,신규,-,,,연립다세대
사당,2836,서울특별시 동작구 사당동,176-40,0176,0040,(176-40),전세,41.6400,202608,21,"15,000",0,1,1989,사당로23길 190-9,202609~202809,신규,-,,,연립다세대
건대입구,2842,서울특별시 광진구 구의동,225-39,0225,0039,(225-39),전세,66.0500,202608,21,"30,208",0,3,2005,자양로28길 85,202608~202808,갱신,-,"28,770",0,연립다세대
건대입구,2843,서울특별시 광진구 구의동,225-39,0225,0039,(225-39),전세,66.0500,202608,21,"30,208",0,3,2005,자양로28길 85,202608~202808,갱신,-,"28,770",0,연립다세대
건대입구,2844,서울특별시 광진구 구의동,252-98,0252,0098,팔라티노,전세,28.5500,202608,21,"30,400",0,5,2020,아차산로49길 41-7,202608~202808,갱신,-,"29,000",0,연립다세대
건대입구,2845,서울특별시 광진구 구의동,226-19,0226,0019,우림빌라,월세,46.0300,202608,21,"9,000",23,3,1996,자양로30길 83,202609~202809,갱신,사용,"9,000",20,연립다세대
합정,2851,서울특별시 마포구 합정동,91-15,0091,0015,더하우스3차,전세,29.3700,202608,21,"20,000",0,2,2007,토정로2길 12,202609~202809,신규,-,,,연립다세대
상도,2865,서울특별시 동작구 상도동,356-1,0356,0001,명성주택,전세,26.8400,202608,21,"22,000",0,4,2016,상도로17길 11,202610~202810,신규,-,,,연립다세대
상도,2866,서울특별시 동작구 상도동,210-103,0210,0103,대흥미소가19차,전세,35.7400,202608,21,"26,500",0,3,2016,양녕로25마길 9,202610~202810,신규,-,,,연립다세대
상도,2867,서울특별시 동작구 상도동,256-207,0256,0207,두성쉐르빌(256-207),전세,82.9900,202608,21,"32,000",0,2,2002,성대로6다길 14,202612~202812,신규,-,,,연립다세대
홍대,2886,서울특별시 마포구 동교동,113-41,0113,0041,써니빌비동,월세,36.6100,202608,21,"1,000",75,5,2002,연희로1길 30-5,202608~202708,신규,-,,,연립다세대
역삼,2896,서울특별시 강남구 역삼동,648-1,0648,0001,강남IBC오피스텔,월세,23.0900,202608,21,"1,000",97,9,1987,테헤란로7길 8,202608~202708,신규,-,,,연립다세대
역삼,2900,서울특별시 강남구 역삼동,780-21,0780,0021,빌리언빌리지,전세,65.6900,202608,21,"35,200",0,3,2002,도곡로37길 27,202609~202809,갱신,-,"33,600",0,연립다세대
합정,2916,서울특별시 마포구 합정동,370-30,0370,0030,대명시티파크B동,전세,34.2500,202608,20,"21,800",0,2,2008,성지5길 5-11,202608~202808,갱신,-,"21,800",0,연립다세대
건대입구,2923,서울특별시 광진구 화양동,94-6,0094,0006,(94-6),월세,12.9200,202608,20,"1,000",61,3,2013,능동로17길 7-3,202608~202808,신규,-,,,연립다세대
홍대,2933,서울특별시 마포구 서교동,396-60,0396,0060,동궁나동,월세,60.4900,202608,20,"30,000",30,4,2002,독막로3길 28-10,202609~202809,신규,-,,,연립다세대
홍대,2934,서울특별시 마포구 서교동,476-3,0476,0003,미주빌라,전세,49.2000,202608,20,"26,624",0,2,1991,월드컵로10길 23,202609~202809,갱신,사용,"25,357",0,연립다세대
홍대,2936,서울특별시 마포구 서교동,441-8,0441,0008,그로리아,월세,23.8000,202608,20,"2,000",85,5,2012,성미산로2길 40,202609~202809,갱신,-,"2,000",81,연립다세대
건대입구,2939,서울특별시 광진구 자양동,229-61,0229,0061,예건에버빌,전세,57.7500,202608,20,"45,000",0,2,2023,아차산로40길 39-8,202609~202809,갱신,사용,"45,000",0,연립다세대
건대입구,2940,서울특별시 광진구 자양동,57-90,0057,0090,자양리치빌Ⅳ,전세,28.8400,202608,20,"30,000",0,4,2021,능동로3마길 10-3,202610~202809,신규,-,,,연립다세대
건대입구,2941,서울특별시 광진구 자양동,52-172,0052,0172,에덴빌6차,전세,26.6100,202608,20,"27,000",0,4,2017,동일로4길 57-16,202608~202808,갱신,-,"27,000",0,연립다세대
건대입구,2942,서울특별시 광진구 자양동,553-5,0553,0005,가은빌,월세,18.8000,202608,20,"1,000",69,2,2015,능동로7길 38,202608~202808,신규,-,,,연립다세대
건대입구,2943,서울특별시 광진구 자양동,845-2,0845,0002,(845-2),월세,23.8900,202608,20,500,54,3,2015,능동로7길 61,202608~202808,신규,-,,,연립다세대
건대입구,2944,서울특별시 광진구 자양동,770,0770,0000,큰나무빌라트,전세,78.4900,202608,20,"40,000",0,1,1998,자양로21길 36,202610~202810,신규,-,,,연립다세대
상도,2960,서울특별시 동작구 상도동,335-155,0335,0155,광채빌라,월세,37.5800,202608,20,100,44,3,2024,상도로11길 10,202609~202811,신규,-,,,연립다세대
상도,2961,서울특별시 동작구 상도동,211-438,0211,0438,구립약수경로당행복주택복합시설,월세,20.3200,202608,20,"4,445",16,4,2020,양녕로 210-10,202609~202808,갱신,-,"3,862",14,연립다세대
상도,2962,서울특별시 동작구 상도동,56-60,0056,0060,56-60,월세,29.1100,202608,20,"7,000",13,-1,2015,상도로45길 51-8,202608~202808,갱신,사용,"7,000",12,연립다세대
상도,2963,서울특별시 동작구 상도동,256-201,0256,0201,동진빌라,월세,59.5200,202608,20,"5,000",95,1,1993,성대로6라길 16,202609~202809,갱신,-,"5,000",90,연립다세대
건대입구,3034,서울특별시 광진구 자양동,688,0688,0000,뉴현대빌라(688),전세,58.6500,202608,20,"25,525",0,1,1996,뚝섬로62길 33,202611~202811,신규,-,,,연립다세대
합정,3046,서울특별시 마포구 합정동,426-6,0426,0006,까사펠리체,월세,35.1200,202608,20,"2,000",48,1,2002,월드컵로5길 8,202609~202809,신규,-,,,연립다세대
합정,3053,서울특별시 마포구 합정동,426-6,0426,0006,까사펠리체,월세,43.3800,202608,20,"1,000",81,4,2002,월드컵로5길 8,202610~202810,갱신,-,"1,000",77,연립다세대
홍대,3090,서울특별시 마포구 동교동,186-34,0186,0034,(186-34),월세,50.4800,202608,20,"2,500",135,2,1986,신촌로10길 27-6,202608~202808,신규,-,,,연립다세대
사당,3131,서울특별시 동작구 사당동,317-6,0317,0006,행복이가득한집,월세,18.7200,202608,20,"11,000",17,4,2016,사당로20가길 39,202609~202809,신규,-,,,연립다세대
사당,3132,서울특별시 동작구 사당동,1035-36,1035,0036,그라시아빌,월세,36.5800,202608,20,"20,000",32,2,2013,사당로26길 106-7,202610~202809,신규,-,,,연립다세대
사당,3133,서울특별시 동작구 사당동,259-1,0259,0001,문주빌,전세,39.2900,202608,20,"27,780",0,4,2012,사당로17라길 1,202609~202809,신규,-,,,연립다세대
건대입구,3146,서울특별시 광진구 구의동,614-11,0614,0011,드림하우젠2,월세,14.8500,202608,20,"14,860",16,3,2019,천호대로130길 59-11,202609~202809,신규,-,,,연립다세대
건대입구,3147,서울특별시 광진구 구의동,230-17,0230,0017,아리아하우스,월세,27.3300,202608,20,"27,900",6,7,2016,자양로32길 61,202608~202808,갱신,-,"27,900",0,연립다세대
건대입구,3148,서울특별시 광진구 구의동,221-69,0221,0069,(221-69),월세,60.9800,202608,20,"20,000",30,1,2003,자양로26길 92-6,202611~202811,신규,-,,,연립다세대
건대입구,3158,서울특별시 광진구 구의동,221-39,0221,0039,(221-39),월세,33.8400,202608,20,"1,000",70,2,2003,자양로18길 97-10,202608~202808,신규,-,,,연립다세대
건대입구,3159,서울특별시 광진구 구의동,26-5,0026,0005,(26-5),전세,85.1300,202608,20,"37,000",0,4,2002,자양로50가길 31,202608~202808,신규,-,,,연립다세대
신림,3175,서울특별시 관악구 신림동,241-62,0241,0062,트리플힐스2,월세,29.5300,202608,20,"6,500",60,5,2023,신림로11길 11-21,202609~202809,신규,-,,,연립다세대
신림,3176,서울특별시 관악구 신림동,1458-3,1458,0003,신림빌딩,월세,12.1600,202608,20,"1,000",60,5,2018,신림동길 26,202608~202808,신규,-,,,연립다세대
신림,3177,서울특별시 관악구 신림동,1465-1,1465,0001,신사타운빌,월세,41.0100,202608,20,"30,000",15,2,2016,남부순환로167길 42,-,-,-,,,연립다세대
신림,3178,서울특별시 관악구 신림동,501-29,0501,0029,휴파크,월세,22.6100,202608,20,"3,000",72,2,2015,난곡로74길 31-7,202608~202808,신규,-,,,연립다세대
신림,3179,서울특별시 관악구 신림동,412-105,0412,0105,오성빌라,월세,36.7200,202608,20,"4,000",60,1,1991,문성로38가길 15,202608~202708,신규,-,,,연립다세대
수유,3182,서울특별시 강북구 수유동,252-126,0252,0126,황궁쉐르빌,전세,58.0600,202608,20,"18,522",0,4,2000,노해로23길 6-11,202610~202710,갱신,사용,"18,522",0,연립다세대
수유,3183,서울특별시 강북구 수유동,279-50,0279,0050,(279-50),월세,26.1300,202608,20,500,39,3,1996,삼양로138길 8,202609~202809,갱신,-,500,37,연립다세대
수유,3184,서울특별시 강북구 수유동,724-1,0724,0001,한터빌,월세,19.4200,202608,20,300,47,4,2010,노해로 123-5,202608~202708,신규,-,,,연립다세대
수유,3185,서울특별시 강북구 수유동,725-4,0725,0004,신성캐슬,월세,38.8000,202608,20,90,90,2,2018,노해로33길 21,202608~202702,신규,-,,,연립다세대
수유,3186,서울특별시 강북구 수유동,313-6,0313,0006,홍원하이빌강북7,월세,19.0800,202608,20,"4,547",5,4,2021,삼양로119길 22,202609~202808,갱신,-,"1,890",19,연립다세대
수유,3187,서울특별시 강북구 수유동,291-59,0291,0059,홍원하이빌강북6,월세,25.5000,202608,20,"5,948",6,2,2021,인수봉로82길 26,202609~202808,갱신,-,"2,472",25,연립다세대
수유,3188,서울특별시 강북구 수유동,291-59,0291,0059,홍원하이빌강북6,월세,24.0000,202608,20,"5,608",6,2,2021,인수봉로82길 26,202609~202808,갱신,-,"2,331",24,연립다세대
수유,3189,서울특별시 강북구 수유동,279-67,0279,0067,제이에이치파빌리온3,월세,51.7100,202608,20,"1,500",150,5,2023,삼양로 510-10,202608~202708,신규,-,,,연립다세대
역삼,3215,서울특별시 강남구 역삼동,774-30,0774,0030,(774-30),월세,29.5800,202608,20,"1,000",87,2,2001,언주로69길 20,202608~202708,신규,-,,,연립다세대
역삼,3230,서울특별시 강남구 역삼동,775-32,0775,0032,주은빌라,월세,30.6600,202608,20,"1,000",60,2,2000,논현로70길 15,202609~202709,신규,-,,,연립다세대
역삼,3241,서울특별시 강남구 역삼동,780-19,0780,0019,타임빌라,월세,32.4000,202608,20,"13,000",35,4,2000,언주로67길 15,202609~202809,신규,-,,,연립다세대
역삼,3242,서울특별시 강남구 역삼동,698-15,0698,0015,(698-15),월세,28.0800,202608,20,"14,700",6,2,2012,테헤란로51길 46-14,202609~202809,신규,-,,,연립다세대
역삼,3243,서울특별시 강남구 역삼동,782-2,0782,0002,다원하이빌,전세,20.7900,202608,20,"27,000",0,4,2022,논현로66길 16,202609~202809,신규,-,,,연립다세대
역삼,3259,서울특별시 강남구 역삼동,782,0782,0000,두산위브파빌리온역삼,월세,56.0910,202608,20,"5,000",460,6,2025,도곡로25길 18,202609~202808,신규,-,,,연립다세대
수유,3267,서울특별시 강북구 수유동,130-156,0130,0156,경도빌리지,월세,53.0400,202608,19,"13,000",45,2,2003,노해로9길 70,202609~202809,신규,-,,,연립다세대
수유,3272,서울특별시 강북구 수유동,562-83,0562,0083,동아림,전세,15.3000,202608,19,"6,000",0,5,2014,4.19로13길 11,202608~202808,갱신,-,"6,000",0,연립다세대
수유,3273,서울특별시 강북구 수유동,291-201,0291,0201,가온팰리스101,전세,52.5750,202608,19,"17,000",0,3,2016,삼양로123길 40-3,202608~202808,신규,-,,,연립다세대
수유,3274,서울특별시 강북구 수유동,482-21,0482,0021,서현펠리스,월세,37.5700,202608,19,500,60,5,2018,삼양로71길 17-6,202609~202808,신규,-,,,연립다세대
수유,3276,서울특별시 강북구 수유동,391-236,0391,0236,르레브수유,월세,57.5200,202608,19,"5,924",61,4,2026,인수봉로64길 29,202609~202811,신규,-,,,연립다세대
수유,3278,서울특별시 강북구 수유동,391-236,0391,0236,르레브수유,월세,55.1600,202608,19,"3,334",34,3,2026,인수봉로64길 29,202609~202811,신규,-,,,연립다세대
왕십리,3294,서울특별시 성동구 홍익동,295,0295,0000,미네하우스2,전세,28.6300,202608,19,"24,500",0,3,2017,무학로6길 17,202609~202809,신규,-,,,연립다세대
합정,3296,서울특별시 마포구 합정동,438-19,0438,0019,영진르네상스빌,월세,27.7200,202608,19,"2,000",70,4,2011,희우정로 32,202609~202809,신규,-,,,연립다세대
안암,3300,서울특별시 성북구 안암동5가,149-1,0149,0001,TheGoldCity,월세,28.2800,202608,19,"2,000",170,3,2022,개운사2길 9,202610~202712,신규,-,,,연립다세대
역삼,3305,서울특별시 강남구 역삼동,827-72,0827,0072,해오름빌,월세,14.4000,202608,19,500,78,4,2013,강남대로78길 33-3,202609~202709,신규,-,,,연립다세대
성수,3308,서울특별시 성동구 성수동1가,468-4,0468,0004,(468-4),전세,53.5300,202608,19,"28,000",0,2,2007,둘레3길 6-15,202611~202811,신규,-,,,연립다세대
성수,3309,서울특별시 성동구 성수동1가,13-101,0013,0101,(13-101),전세,18.0500,202608,19,"13,700",0,4,2012,상원12길 4,202608~202808,신규,-,,,연립다세대
건대입구,3311,서울특별시 광진구 구의동,43-4,0043,0004,써미트빌,월세,48.0900,202608,19,"34,000",50,3,2017,자양로44나길 16,202610~202810,신규,-,,,연립다세대
건대입구,3312,서울특별시 광진구 구의동,47-25,0047,0025,해바라기빌라,월세,40.5000,202608,19,"17,000",60,2,2002,자양로46길 19,202609~202809,갱신,-,"17,000",40,연립다세대
역삼,3315,서울특별시 강남구 역삼동,648-1,0648,0001,강남IBC오피스텔,월세,22.6400,202608,19,"1,000",102,9,1987,테헤란로7길 8,202609~202709,신규,-,,,연립다세대
신림,3319,서울특별시 관악구 신림동,1450-44,1450,0044,브라운캐슬,전세,42.8300,202608,19,"28,000",0,3,2015,봉천로4길 19,202608~202808,갱신,-,"28,000",0,연립다세대
합정,3337,서울특별시 마포구 합정동,375-22,0375,0022,한올빌라C,전세,33.4600,202608,19,"17,000",0,2,1990,양화진길 15-2,202609~202809,갱신,사용,"17,000",0,연립다세대
건대입구,3344,서울특별시 광진구 화양동,16-56,0016,0056,始皇,월세,17.1600,202608,19,"3,000",50,2,2011,군자로5길 18-14,202608~202808,신규,-,,,연립다세대
건대입구,3345,서울특별시 광진구 화양동,42-31,0042,0031,선우빌,월세,14.0400,202608,19,"10,000",25,5,2012,동일로24길 6,202608~202808,갱신,사용,"10,000",25,연립다세대
합정,3357,서울특별시 마포구 합정동,389-19,0389,0019,미성드림빌,전세,53.2500,202608,19,"32,000",0,4,2003,양화로1길 58,202610~202810,신규,-,,,연립다세대
신림,3362,서울특별시 관악구 신림동,1628-68,1628,0068,T&K신림Ⅴ,월세,56.3800,202608,19,"3,471",36,2,2026,문성로27길 9,202609~202811,신규,-,,,연립다세대
신림,3400,서울특별시 관악구 신림동,1628-68,1628,0068,T&K신림Ⅴ,월세,56.3800,202608,19,"3,506",36,4,2026,문성로27길 9,202609~202811,신규,-,,,연립다세대
신림,3401,서울특별시 관악구 신림동,597-58,0597,0058,브라운캐슬2차(597-58),전세,38.4100,202608,19,"25,000",0,2,2014,난우16길 57,202608~202808,신규,-,,,연립다세대
노원,3424,서울특별시 노원구 공릉동,567-12,0567,0012,파크빌(567-12),월세,11.8900,202608,19,300,40,5,2012,동일로182길 10,202609~202809,신규,-,,,연립다세대
노원,3425,서울특별시 노원구 공릉동,218,0218,0000,퍼즐주택(공릉),월세,35.4800,202608,19,"20,000",45,4,2018,공릉로46가길 29,202608~202808,신규,-,,,연립다세대
상도,3435,서울특별시 동작구 상도동,7-45,0007,0045,이노시티빌,월세,28.8800,202608,19,"4,580",9,4,2021,매봉로2길 16,202609~202808,갱신,-,"2,173",22,연립다세대
상도,3436,서울특별시 동작구 상도동,7-45,0007,0045,이노시티빌,월세,25.5400,202608,19,"3,906",8,2,2021,매봉로2길 16,202609~202808,갱신,-,"1,901",20,연립다세대
상도,3437,서울특별시 동작구 상도동,361-63,0361,0063,(361-63),월세,20.6800,202608,19,"9,950",15,1,2004,상도로15차길 8,202609~202809,신규,-,,,연립다세대
상도,3438,서울특별시 동작구 상도동,301-209,0301,0209,남양빌라(301-209),월세,48.9000,202608,19,"5,000",50,4,1994,국사봉10길 60,202609~202809,신규,-,,,연립다세대
상도,3439,서울특별시 동작구 상도동,301-209,0301,0209,남양빌라(301-209),월세,48.9000,202608,19,"5,000",50,4,1994,국사봉10길 60,202609~202809,신규,-,,,연립다세대
상도,3440,서울특별시 동작구 상도동,299-9,0299,0009,영신빌,월세,54.9900,202608,19,"3,000",100,2,2002,국사봉8길 51,202610~202810,신규,-,,,연립다세대
역삼,3451,서울특별시 강남구 역삼동,782,0782,0000,두산위브파빌리온역삼,월세,47.0710,202608,19,"3,000",350,5,2025,도곡로25길 18,202608~202808,신규,-,,,연립다세대
신림,3469,서울특별시 관악구 신림동,1628-68,1628,0068,T&K신림Ⅴ,월세,58.1400,202608,19,"3,542",37,5,2026,문성로27길 9,202609~202811,신규,-,,,연립다세대
사당,3471,서울특별시 동작구 사당동,1025-15,1025,0015,(1025-15),월세,43.3500,202608,19,"3,575",30,5,2023,동작대로9가길 34,202609~202808,갱신,-,300,48,연립다세대
사당,3472,서울특별시 동작구 사당동,1050-19,1050,0019,사당메이플,전세,29.9800,202608,19,"31,900",0,3,2021,남부순환로259가길 15-4,202608~202808,신규,-,,,연립다세대
사당,3475,서울특별시 동작구 사당동,314-12,0314,0012,스튜디오사당19,월세,25.9800,202608,19,"2,234",23,2,2021,사당로20나길 58-8,202609~202808,갱신,-,"2,234",23,연립다세대
사당,3476,서울특별시 동작구 사당동,419-132,0419,0132,옥스나드,월세,21.6900,202608,19,"1,000",74,3,2019,남부순환로267나길 5,202608~202808,신규,-,,,연립다세대
사당,3477,서울특별시 동작구 사당동,1025-19,1025,0019,감골,월세,42.1200,202608,19,500,50,5,2017,사당로26길 90,202608~202708,신규,-,,,연립다세대
사당,3478,서울특별시 동작구 사당동,446-38,0446,0038,(446-38),전세,30.1400,202608,19,"22,000",0,2,2012,남부순환로257가길 17,202610~202810,신규,-,,,연립다세대
사당,3523,서울특별시 동작구 사당동,233-16,0233,0016,(233-16),월세,51.0000,202608,19,"4,000",60,1,2001,사당로8나길 7,202609~202809,신규,-,,,연립다세대
역삼,3556,서울특별시 강남구 역삼동,774-30,0774,0030,(774-30),월세,29.4400,202608,19,"1,000",92,2,2001,언주로69길 20,202609~202709,신규,-,,,연립다세대
건대입구,3557,서울특별시 광진구 자양동,16-15,0016,0015,플레이스자양2차,월세,29.3500,202608,19,"2,000",150,6,2026,아차산로24길 24-4,202608~202808,신규,-,,,연립다세대
건대입구,3558,서울특별시 광진구 자양동,643-11,0643,0011,한강달빛채,월세,59.3000,202608,19,"30,000",100,3,2019,뚝섬로54길 65,202608~202808,신규,-,,,연립다세대
건대입구,3559,서울특별시 광진구 자양동,643-11,0643,0011,한강달빛채,월세,59.3000,202608,19,"30,000",100,3,2019,뚝섬로54길 65,202608~202808,신규,-,,,연립다세대
길음,3561,서울특별시 성북구 길음동,1192,1192,0000,비전타운,전세,29.2000,202608,19,"13,000",0,3,2011,삼양로9길 19,202609~202809,갱신,사용,"13,000",0,연립다세대
건대입구,3565,서울특별시 광진구 자양동,649-4,0649,0004,정호(649-4),전세,18.5300,202608,19,"12,000",0,3,2003,뚝섬로52나길 38,202609~202809,신규,-,,,연립다세대
회기,3566,서울특별시 동대문구 회기동,77-7,0077,0007,네스트스위트,월세,22.0900,202608,19,100,51,12,2019,이문로 17,202608~202812,신규,-,,,연립다세대
신림,3568,서울특별시 관악구 신림동,1628-68,1628,0068,T&K신림Ⅴ,월세,59.1400,202608,19,"4,078",42,4,2026,문성로27길 9,202609~202811,신규,-,,,연립다세대
건대입구,3591,서울특별시 광진구 자양동,471-5,0471,0005,한양주택,전세,83.0600,202608,19,"28,000",0,1,1998,뚝섬로40길 53,202608~202808,갱신,-,"28,000",0,연립다세대
합정,3596,서울특별시 마포구 합정동,365-3,0365,0003,동남아트빌,전세,77.6600,202608,19,"43,000",0,4,1997,성지1길 32-31,202609~202809,갱신,사용,"41,000",10,연립다세대
신림,3597,서울특별시 관악구 신림동,1615-14,1615,0014,호거다은,월세,58.3800,202608,19,"3,375",35,2,2026,남부순환로168가길 24,202609~202811,신규,-,,,연립다세대
건대입구,3599,서울특별시 광진구 구의동,646-8,0646,0008,(646-8),월세,29.2400,202608,19,"27,500",20,3,2019,자양로23길 63,202609~202809,갱신,-,"24,500",20,연립다세대
신림,3600,서울특별시 관악구 신림동,1615-14,1615,0014,호거다은,월세,59.1200,202608,19,"6,075",63,4,2026,남부순환로168가길 24,202609~202811,신규,-,,,연립다세대
신림,3614,서울특별시 관악구 신림동,1615-14,1615,0014,호거다은,월세,58.7700,202608,19,"5,970",62,4,2026,남부순환로168가길 24,202609~202811,신규,-,,,연립다세대
역삼,3651,서울특별시 강남구 역삼동,781-33,0781,0033,현영가든빌라,전세,79.8600,202608,19,"45,100",0,2,1992,도곡로27길 26,202609~202702,갱신,-,"45,100",0,연립다세대
역삼,3667,서울특별시 강남구 역삼동,703-7,0703,0007,루트원레지던스,월세,16.1300,202608,19,"17,000",16,13,2012,언주로98길 36,202608~202808,신규,-,,,연립다세대
신림,3671,서울특별시 관악구 신림동,598-160,0598,0160,에코리움빌(598-160),월세,60.1800,202608,19,"5,826",60,5,2020,법원단지5길 36,202609~202811,신규,-,,,연립다세대
역삼,3687,서울특별시 강남구 역삼동,660-26,0660,0026,스카이빌,월세,26.8800,202608,18,"1,000",90,1,2001,논현로102길 29-3,202608~202708,신규,-,,,연립다세대
역삼,3688,서울특별시 강남구 역삼동,690-17,0690,0017,서준빌라,월세,38.4100,202608,18,"25,000",35,2,2000,언주로104길 12-10,202610~202810,신규,-,,,연립다세대
역삼,3689,서울특별시 강남구 역삼동,691,0691,0000,IT타워,월세,28.2400,202608,18,"1,000",100,3,2004,봉은사로48길 46,202608~202808,신규,-,,,연립다세대
역삼,3690,서울특별시 강남구 역삼동,783-20,0783,0020,이지빌라트,전세,44.6700,202608,18,"29,000",0,4,2002,도곡로37길 13,202610~202810,신규,-,,,연립다세대
역삼,3691,서울특별시 강남구 역삼동,791-20,0791,0020,피렌체빌,월세,32.5600,202608,18,"1,000",62,2,2002,논현로67길 16,202608~202708,갱신,-,"1,000",59,연립다세대
역삼,3692,서울특별시 강남구 역삼동,690-36,0690,0036,HAUSTEMC,전세,24.5400,202608,18,"19,800",0,4,2010,언주로100길 17,202610~202810,갱신,-,"19,800",0,연립다세대
역삼,3693,서울특별시 강남구 역삼동,656-5,0656,0005,역삼백년빌(656-5),월세,18.2900,202608,18,200,90,5,2011,봉은사로34길 29,202608~202611,신규,-,,,연립다세대
역삼,3694,서울특별시 강남구 역삼동,644-12,0644,0012,역삼동644-12공동주택,전세,28.9700,202608,18,"26,700",0,3,2014,테헤란로25길 9-4,202609~202809,갱신,-,"25,500",0,연립다세대
역삼,3695,서울특별시 강남구 역삼동,655-14,0655,0014,역삼위너스하임 가동,월세,26.1900,202608,18,"27,000",40,6,2017,논현로106길 37,202609~202809,신규,-,,,연립다세대
왕십리,3722,서울특별시 성동구 도선동,188,0188,0000,도선빌,월세,17.5600,202608,18,"2,000",70,5,2012,무학로4길 22,202608~202808,신규,-,,,연립다세대
왕십리,3723,서울특별시 성동구 도선동,188,0188,0000,도선빌,월세,17.5600,202608,18,"2,000",70,5,2012,무학로4길 22,-,-,-,,,연립다세대
건대입구,3729,서울특별시 광진구 구의동,21-8,0021,0008,삼성그린빌라(21-8),전세,73.0100,202608,18,"30,000",0,2,1996,영화사로16길 34,202610~202810,신규,-,,,연립다세대
건대입구,3730,서울특별시 광진구 구의동,223-3,0223,0003,성지빌라,월세,64.4400,202608,18,"22,000",60,1,1992,아차산로59길 51,202609~202809,신규,-,,,연립다세대
건대입구,3731,서울특별시 광진구 구의동,45-5,0045,0005,나경그린빌,월세,50.3000,202608,18,"27,500",15,1,2012,자양로44가길 22,202608~202808,갱신,사용,"27,000",15,연립다세대
건대입구,3732,서울특별시 광진구 구의동,616-21,0616,0021,대산파크빌(616-21),전세,50.3400,202608,18,"38,500",0,2,2015,자양로37길 20,202608~202808,갱신,-,"35,500",0,연립다세대
건대입구,3733,서울특별시 광진구 구의동,638-3,0638,0003,더엘,월세,42.6400,202608,18,"3,438",35,4,2023,광나루로30가길 16-6,202609~202808,갱신,-,"3,438",35,연립다세대
건대입구,3734,서울특별시 광진구 구의동,638-3,0638,0003,더엘,월세,26.7100,202608,18,100,28,5,2023,광나루로30가길 16-6,202609~202808,갱신,-,100,28,연립다세대
건대입구,3735,서울특별시 광진구 자양동,6-5,0006,0005,(6-5),월세,43.7700,202608,18,500,65,3,2002,아차산로30길 25-9,202608~202808,신규,-,,,연립다세대
건대입구,3736,서울특별시 광진구 자양동,799-3,0799,0003,자양그랑시아2,전세,26.6900,202608,18,"27,000",0,5,2018,자양번영로 78,202609~202809,신규,-,,,연립다세대
건대입구,3737,서울특별시 광진구 자양동,57-90,0057,0090,자양리치빌Ⅳ,전세,25.7700,202608,18,"28,000",0,3,2021,능동로3마길 10-3,202609~202809,신규,-,,,연립다세대
건대입구,3738,서울특별시 광진구 화양동,29-25,0029,0025,DM7화양,월세,14.0800,202608,18,"1,000",95,4,2025,능동로16길 12,202608~202708,신규,-,,,연립다세대
신설동,3739,서울특별시 동대문구 신설동,45-2,0045,0002,로얄팰리스,전세,47.1700,202608,18,"38,000",0,3,2018,한빛로 29,202608~202701,신규,-,,,연립다세대
수유,3771,서울특별시 강북구 수유동,469-11,0469,0011,낙원빌라(469-11),전세,45.2400,202608,18,"7,900",0,1,1991,인수봉로44길 9-6,202609~202809,신규,-,,,연립다세대
수유,3772,서울특별시 강북구 수유동,468-223,0468,0223,엔젤하우스3차,월세,44.6000,202608,18,"3,000",53,4,2008,인수봉로34길 12,202608~202808,갱신,사용,"3,000",50,연립다세대
수유,3773,서울특별시 강북구 수유동,469-250,0469,0250,창용아트빌,월세,31.5600,202608,18,"10,500",10,2,2008,덕릉로8길 30-3,202610~202810,신규,-,,,연립다세대
수유,3774,서울특별시 강북구 수유동,252-53,0252,0053,하이디파크,전세,55.2300,202608,18,"19,500",0,2,2016,노해로25길 28,202610~202810,갱신,사용,"19,500",0,연립다세대
수유,3775,서울특별시 강북구 수유동,698-8,0698,0008,The이도,전세,52.4400,202608,18,"21,500",0,2,2016,삼양로136길 34,202608~202808,갱신,사용,"21,000",0,연립다세대
수유,3776,서울특별시 강북구 수유동,313-6,0313,0006,홍원하이빌강북7,월세,26.4000,202608,18,"3,774",4,5,2021,삼양로119길 22,202609~202808,갱신,-,"1,568",16,연립다세대
수유,3777,서울특별시 강북구 수유동,291-59,0291,0059,홍원하이빌강북6,월세,25.5000,202608,18,"4,171",7,5,2021,인수봉로82길 26,202609~202808,갱신,-,210,29,연립다세대
수유,3778,서울특별시 강북구 수유동,291-59,0291,0059,홍원하이빌강북6,월세,21.4000,202608,18,"3,228",15,3,2021,인수봉로82길 26,202609~202808,갱신,-,"2,079",21,연립다세대
수유,3779,서울특별시 강북구 수유동,1-12,0001,0012,(1-12),월세,20.0000,202608,18,"1,000",70,2,2023,수유로21길 22,202608~202708,신규,-,,,연립다세대
수유,3780,서울특별시 강북구 수유동,486-2,0486,0002,삼흥연립,월세,84.0000,202608,18,"1,000",50,1,1984,삼양로77길 95,202608~202708,신규,-,,,연립다세대
노원,3796,서울특별시 노원구 상계동,1008-49,1008,0049,우진빌라,월세,57.4200,202608,18,"1,500",55,-1,1995,동일로238길 32,202609~202809,신규,-,,,연립다세대
노원,3797,서울특별시 노원구 상계동,404-17,0404,0017,(404-17),월세,15.8500,202608,18,500,40,2,2014,상계로17길 50,202608~202808,신규,-,,,연립다세대
신촌,3814,서울특별시 서대문구 창천동,70-26,0070,0026,(70-26),월세,89.4000,202608,18,"1,000",62,3,2004,신촌로9길 53-10,202608~202808,신규,-,,,연립다세대
신촌,3815,서울특별시 서대문구 창천동,129,0129,0000,언제나미소,월세,68.5100,202608,18,500,62,2,2009,신촌로7안길 54,202608~202708,신규,-,,,연립다세대
합정,3825,서울특별시 마포구 합정동,448-13,0448,0013,무지개빌라(448-13),전세,28.1400,202608,18,"18,000",0,2,1993,희우정로1길 63,202609~202809,신규,-,,,연립다세대
상도,3904,서울특별시 동작구 상도동,244-257,0244,0257,예일에버빌,전세,67.1300,202608,18,"19,290",0,2,2003,성대로19길 4,202608~202808,갱신,-,"5,000",49,연립다세대
상도,3905,서울특별시 동작구 상도동,17-57,0017,0057,금광휴먼씨티,월세,14.2800,202608,18,500,52,4,2011,만양로2길 6,202608~202708,신규,-,,,연립다세대
상도,3906,서울특별시 동작구 상도동,256-52,0256,0052,금강그린빌(256-52),월세,72.2700,202608,18,"21,000",60,3,2002,성대로6가길 11,202610~202810,신규,-,,,연립다세대
사당,3907,서울특별시 동작구 사당동,230-30,0230,0030,(230-30),전세,69.9600,202608,18,"30,000",0,4,2002,사당로8나길 2,202609~202809,신규,-,,,연립다세대
사당,3908,서울특별시 동작구 사당동,303-33,0303,0033,삼호빌라(303-33),전세,52.8900,202608,18,"24,000",0,1,1989,남부순환로255다길 28,202610~202810,신규,-,,,연립다세대
신림,3924,서울특별시 관악구 신림동,491-14,0491,0014,성신빌라,월세,54.2200,202608,18,"6,000",45,-1,1991,남부순환로157길 52,202610~202810,신규,-,,,연립다세대
신림,3925,서울특별시 관악구 신림동,532-28,0532,0028,율촌,월세,60.2700,202608,18,"1,000",105,1,1980,조원로 84,202608~202808,신규,-,,,연립다세대
신림,3926,서울특별시 관악구 신림동,10-519,0010,0519,신안빌라B,전세,70.5600,202608,18,"20,000",0,2,1991,신림로58가길 74,202610~202810,신규,-,,,연립다세대
신림,3927,서울특별시 관악구 신림동,1430-30,1430,0030,코코하우스,월세,29.4300,202608,18,"19,000",20,5,2012,신림동2길 15-3,202610~202810,신규,-,,,연립다세대
신림,3928,서울특별시 관악구 신림동,1661-14,1661,0014,은석하우스,월세,49.0000,202608,18,"2,000",60,2,2015,조원로2길 27,202608~202708,신규,-,,,연립다세대
신림,3929,서울특별시 관악구 신림동,1667-33,1667,0033,성경,월세,22.4400,202608,18,"3,000",60,4,2014,조원중앙로1길 47,202609~202809,신규,-,,,연립다세대
건대입구,4003,서울특별시 광진구 화양동,2-29,0002,0029,화양동2-29,월세,46.7400,202608,17,100,67,5,2025,군자로 8-5,202608~202702,신규,-,,,연립다세대
건대입구,4007,서울특별시 광진구 화양동,23-37,0023,0037,까사펠리즈화양,월세,26.8900,202608,17,500,220,10,2025,광나루로12길 20,202608~202610,신규,-,,,연립다세대
사당,4011,서울특별시 동작구 사당동,202-3,0202,0003,(202-3),전세,46.7700,202608,17,"25,500",0,3,2002,사당로2차길 5-8,202610~202810,신규,-,,,연립다세대
사당,4012,서울특별시 동작구 사당동,316-174,0316,0174,(316-174),월세,25.9200,202608,17,"3,000",60,4,2012,사당로20사길 16,202609~202809,신규,-,,,연립다세대
수유,4018,서울특별시 강북구 수유동,291-108,0291,0108,은행빌라(291-108),월세,54.0100,202608,17,0,100,5,2015,삼양로123가길 3,202608~202808,신규,-,,,연립다세대
성수,4022,서울특별시 성동구 성수동1가,374-1,0374,0001,상록연립,월세,60.9300,202608,17,"3,000",80,1,1978,둘레9가길 23,202609~202809,갱신,-,"3,000",76,연립다세대
성수,4023,서울특별시 성동구 성수동1가,160-1,0160,0001,동현빌라,월세,24.5900,202608,17,"1,500",80,3,2006,둘레1길 12-30,202608~202808,신규,-,,,연립다세대
건대입구,4047,서울특별시 광진구 화양동,12-24,0012,0024,(12-24),월세,18.8700,202608,17,"1,000",52,2,2011,아차산로33길 67-12,202608~202808,신규,-,,,연립다세대
신촌,4061,서울특별시 서대문구 창천동,68-51,0068,0051,티파니,월세,18.3700,202608,17,200,70,3,2013,신촌로7길 50-7,202608~202701,신규,-,,,연립다세대
안암,4064,서울특별시 성북구 안암동5가,9-16,0009,0016,탑하우스,전세,17.1200,202608,17,"9,500",0,2,2011,개운사길 60-42,202608~202808,신규,-,,,연립다세대
역삼,4065,서울특별시 강남구 역삼동,633-27,0633,0027,국기원빌라,월세,169.0200,202608,17,"1,000",150,1,1992,논현로97길 57,202608~202708,신규,-,,,연립다세대
역삼,4066,서울특별시 강남구 역삼동,695-21,0695,0021,뉴현대빌라,전세,53.7200,202608,17,"38,000",0,4,1997,테헤란로55길 46,202611~202711,신규,-,,,연립다세대
신림,4070,서울특별시 관악구 신림동,1626-1,1626,0001,소산하이츠맨션,월세,39.5300,202608,17,"12,000",30,2,1995,문성로 194,202609~202801,신규,-,,,연립다세대
신림,4076,서울특별시 관악구 신림동,661-46,0661,0046,푸름네이쳐빌(661-46),전세,28.1300,202608,17,"15,000",0,4,2016,난곡로12길 2-5,202609~202809,신규,-,,,연립다세대
신림,4078,서울특별시 관악구 신림동,631-31,0631,0031,한신위너스,월세,29.7300,202608,17,"24,900",30,3,2022,난곡로34다길 18,202610~202810,갱신,-,"24,190",30,연립다세대
건대입구,4088,서울특별시 광진구 구의동,254-42,0254,0042,뉴현대빌라(254-42),전세,49.9200,202608,17,"25,000",0,3,1995,자양로 161-7,202609~202809,갱신,-,"24,000",0,연립다세대
건대입구,4089,서울특별시 광진구 구의동,257-28,0257,0028,채움하우스(257-28),월세,25.6200,202608,17,"14,000",23,3,2018,아차산로53길 38-14,202609~202809,갱신,사용,"17,000",7,연립다세대
건대입구,4090,서울특별시 광진구 구의동,69-11,0069,0011,69-11,전세,59.5700,202608,17,"40,000",0,3,2022,광나루로35길 41-3,202608~202808,신규,-,,,연립다세대
건대입구,4091,서울특별시 광진구 자양동,669-10,0669,0010,(669-10),월세,71.8800,202608,17,"30,000",25,2,2004,자양로3가길 36,202609~202809,갱신,-,"27,000",0,연립다세대
건대입구,4092,서울특별시 광진구 자양동,611-36,0611,0036,어반캐슬(611-36),전세,39.2300,202608,17,"26,000",0,2,2016,아차산로40길 72,202609~202803,갱신,-,"25,000",0,연립다세대
건대입구,4093,서울특별시 광진구 자양동,611-36,0611,0036,어반캐슬(611-36),전세,39.2300,202608,17,"26,000",0,2,2016,아차산로40길 72,202609~202803,갱신,-,"25,000",0,연립다세대
건대입구,4094,서울특별시 광진구 자양동,588-11,0588,0011,뚝섬리버빌3차,전세,28.3300,202608,17,"29,050",0,2,2019,자양번영로3나길 34,202610~202810,신규,-,,,연립다세대
건대입구,4097,서울특별시 광진구 자양동,803-4,0803,0004,"진연빌(A,B동)",전세,29.9400,202608,17,"33,000",0,2,2020,자양번영로10길 14,202609~202809,갱신,-,"29,600",0,연립다세대
건대입구,4098,서울특별시 광진구 구의동,79-3,0079,0003,동남그린빌라,월세,57.2100,202608,17,"25,000",50,3,1997,자양로39길 11,202609~202809,신규,-,,,연립다세대
합정,4120,서울특별시 마포구 합정동,378-14,0378,0014,VALUEDEVELOPMENT,월세,25.5600,202608,17,"24,400",14,3,2016,양화진2길 21-6,202608~202808,갱신,-,"24,400",10,연립다세대
상도,4133,서울특별시 동작구 상도동,279-164,0279,0164,새롬아트빌,월세,65.2200,202608,17,"22,000",27,2,2008,성대로6마길 8-14,202609~202809,갱신,-,"22,000",20,연립다세대
상도,4134,서울특별시 동작구 상도동,244-238,0244,0238,믿음빌,전세,21.0000,202608,17,"10,000",0,5,2016,성대로21길 5,202608~202808,신규,-,,,연립다세대
상도,4135,서울특별시 동작구 상도동,54-26,0054,0026,브이업빌딩,월세,15.5600,202608,17,"1,000",70,2,2017,상도로47바길 48,202608~202708,신규,-,,,연립다세대
신촌,4145,서울특별시 서대문구 창천동,4-34,0004,0034,신촌빌라3차,월세,51.0400,202608,17,"1,000",90,2,1991,연세로2나길 69,202608~202808,신규,-,,,연립다세대
홍대,4146,서울특별시 마포구 동교동,187-2,0187,0002,시대빌라,월세,71.6400,202608,17,"20,000",30,3,2000,신촌로10길 20,202609~202809,신규,-,,,연립다세대
신촌,4159,서울특별시 서대문구 창천동,229,0229,0000,신촌빌리지,월세,46.1100,202608,16,"35,000",20,5,2014,신촌로7안길 41,-,-,-,,,연립다세대
노원,4162,서울특별시 노원구 월계동,411-15,0411,0015,제이앤제이하우스,월세,16.1600,202608,16,"3,000",32,5,2012,석계로13길 40,202608~202708,갱신,-,"3,000",30,연립다세대
성수,4164,서울특별시 성동구 성수동2가,299-52,0299,0052,양지주택,전세,67.5600,202608,16,"37,000",0,4,2002,광나루로2길 21,202610~202810,신규,-,,,연립다세대
신림,4170,서울특별시 관악구 신림동,10-215,0010,0215,다솜빌라,월세,21.2800,202608,16,"1,000",65,4,2004,남부순환로184가길 11,202608~202808,신규,-,,,연립다세대
신림,4171,서울특별시 관악구 신림동,412-456,0412,0456,(412-456),전세,48.8200,202608,16,"20,000",0,2,1993,문성로40길 4,202608~202808,신규,-,,,연립다세대
신림,4174,서울특별시 관악구 신림동,98-202,0098,0202,수정(98-202),월세,38.8200,202608,16,"2,000",65,1,1991,복은10길 10,202609~202809,신규,-,,,연립다세대
건대입구,4180,서울특별시 광진구 자양동,605-31,0605,0031,동궁빌라,월세,45.5200,202608,16,"5,000",27,-1,1992,자양번영로4길 59-2,202609~202809,갱신,-,"5,000",27,연립다세대
신촌,4188,서울특별시 서대문구 창천동,418,0418,0000,오즈빌,월세,14.5700,202608,16,500,34,2,2011,연희로2안길 7-25,202608~202708,신규,-,,,연립다세대
합정,4199,서울특별시 마포구 합정동,434-35,0434,0035,현대빌라(434-35),월세,35.0000,202608,16,"3,000",90,1,1990,월드컵로7길 75,202608~202808,신규,-,,,연립다세대
상도,4213,서울특별시 동작구 상도동,56-60,0056,0060,56-60,월세,29.3100,202608,15,"2,000",96,1,2015,상도로45길 51-8,202608~202802,신규,-,,,연립다세대
상도,4214,서울특별시 동작구 상도동,496-18,0496,0018,무경하우스,월세,18.9600,202608,15,"3,000",60,3,2016,상도로 392-12,202608~202808,신규,-,,,연립다세대
상도,4215,서울특별시 동작구 상도동,238-5,0238,0005,더클래식,전세,29.8800,202608,15,"36,000",0,3,2023,성대로21다길 1,202610~202810,신규,-,,,연립다세대
합정,4233,서울특별시 마포구 합정동,398-10,0398,0010,일성아트빌,전세,32.1400,202608,15,"36,000",0,3,2022,희우정로3길 7-7,202610~202810,신규,-,,,연립다세대
사당,4238,서울특별시 동작구 사당동,268-17,0268,0017,현대빌라트A,전세,66.4400,202608,15,"33,600",0,4,2002,사당로16가길 34-4,202609~202809,갱신,사용,"33,600",0,연립다세대
사당,4239,서울특별시 동작구 사당동,275-11,0275,0011,신성하우스,전세,24.5000,202608,15,"28,000",0,5,2022,사당로16다길 15,202610~202810,신규,-,,,연립다세대
왕십리,4241,서울특별시 성동구 행당동,1-55,0001,0055,(1-55),월세,73.3400,202608,15,"5,000",52,4,2003,마조로9길 12-5,202611~202811,신규,-,,,연립다세대
성수,4246,서울특별시 성동구 성수동1가,98-2,0098,0002,(98-2),전세,19.7600,202608,15,"17,000",0,2,1993,성덕정3길 6-30,202608~202808,갱신,사용,"17,000",0,연립다세대
수유,4251,서울특별시 강북구 수유동,703-6,0703,0006,석주빌라,월세,41.7500,202608,15,"10,000",10,3,1993,노해로33다길 23,202608~202808,신규,-,,,연립다세대
성수,4277,서울특별시 성동구 성수동2가,321-107,0321,0107,르하임성수,월세,14.0900,202608,15,"1,200",132,9,2022,연무장길 50-1,202609~202709,갱신,-,"1,200",126,연립다세대
합정,4293,서울특별시 마포구 합정동,426-4,0426,0004,한울빌리지,월세,13.6800,202608,15,"1,000",58,2,2011,월드컵로7길 19,202608~202808,갱신,-,"1,000",55,연립다세대
노원,4294,서울특별시 노원구 상계동,1098-1,1098,0001,스위트리아,전세,33.9300,202608,15,"21,000",0,6,2017,동일로241가길 52,202610~202810,갱신,사용,"20,000",0,연립다세대
건대입구,4310,서울특별시 광진구 화양동,19-8,0019,0008,리더스,월세,64.7000,202608,15,"1,000",70,5,2020,광나루로14길 21,202608~202802,신규,-,,,연립다세대
건대입구,4311,서울특별시 광진구 화양동,31-19,0031,0019,하늘빛하우스(31-19),월세,18.0000,202608,15,"1,000",63,2,2015,아차산로21길 98-3,202608~202808,신규,-,,,연립다세대
건대입구,4314,서울특별시 광진구 화양동,31-71,0031,0071,(31-71),월세,23.2000,202608,15,"13,000",20,2,2008,동일로26길 21,202609~202809,신규,-,,,연립다세대
건대입구,4315,서울특별시 광진구 화양동,15-71,0015,0071,(15-71),월세,46.7400,202608,15,"2,000",55,3,2002,군자로5길 7-5,202608~202808,갱신,-,"2,000",50,연립다세대
합정,4318,서울특별시 마포구 합정동,450-31,0450,0031,(450-31),전세,52.5600,202608,15,"15,000",0,3,1986,희우정로7길 28,202609~202809,신규,-,,,연립다세대
건대입구,4319,서울특별시 광진구 구의동,211-17,0211,0017,"화이트빌(A,B동)",전세,72.9100,202608,15,"38,850",0,3,2002,광나루로52길 46,202609~202809,갱신,사용,"37,000",0,연립다세대
건대입구,4320,서울특별시 광진구 구의동,669,0669,0000,에버그린,월세,26.0600,202608,15,"27,800",5,4,2019,자양로46길 6,202610~202810,신규,-,,,연립다세대
건대입구,4321,서울특별시 광진구 구의동,248-67,0248,0067,청연빌,전세,29.2400,202608,15,"23,000",0,4,2021,자양로26길 38-12,202608~202808,신규,-,,,연립다세대
신림,4348,서울특별시 관악구 신림동,10-424,0010,0424,동문타운A,월세,33.4600,202608,15,"12,000",5,4,1995,남부순환로200가길 34,202609~202809,신규,-,,,연립다세대
신림,4349,서울특별시 관악구 신림동,656-1,0656,0001,프레스티지빌,월세,29.9500,202608,15,"18,600",15,4,2012,난곡로16길 3,202610~202810,신규,-,,,연립다세대
신림,4350,서울특별시 관악구 신림동,520-26,0520,0026,좋은사람좋은집,월세,27.7200,202608,15,500,49,4,2016,조원로21길 10,202608~202808,신규,-,,,연립다세대
신림,4352,서울특별시 관악구 신림동,530-2,0530,0002,메리트엠타워,월세,12.6000,202608,15,"10,000",38,9,2019,난곡로 327-1,202610~202810,신규,-,,,연립다세대
건대입구,4368,서울특별시 광진구 자양동,839-1,0839,0001,839-1,월세,11.5200,202608,15,500,60,3,2012,동일로18가길 18,202608~202808,신규,-,,,연립다세대
건대입구,4369,서울특별시 광진구 자양동,553-5,0553,0005,가은빌,월세,21.7300,202608,15,"1,000",69,2,2015,능동로7길 38,202608~202807,신규,-,,,연립다세대
건대입구,4370,서울특별시 광진구 자양동,617-39,0617,0039,그레이스빌,월세,28.6000,202608,15,"15,000",24,3,2017,자양로13다길 8,202609~202809,신규,-,,,연립다세대
건대입구,4371,서울특별시 광진구 자양동,617-39,0617,0039,그레이스빌,월세,28.6000,202608,15,"15,000",24,3,2017,자양로13다길 8,202609~202809,신규,-,,,연립다세대
건대입구,4372,서울특별시 광진구 자양동,227-113,0227,0113,경성홈타운(227-113),전세,44.0800,202608,15,"39,933",0,3,2017,자양번영로11길 10,202611~202811,신규,-,,,연립다세대
홍대,4409,서울특별시 마포구 서교동,474-18,0474,0018,삼정빌라,전세,55.5100,202608,15,"26,250",0,4,2002,동교로13길 28-5,202609~202809,갱신,-,"26,250",0,연립다세대
안암,4470,서울특별시 성북구 안암동2가,160-7,0160,0007,(160-7),월세,21.2200,202608,15,"1,000",56,5,2013,고려대로14길 12,202608~202708,갱신,-,"1,000",54,연립다세대
상도,4481,서울특별시 동작구 상도동,126-10,0126,0010,숭실빌라,월세,76.7400,202608,15,"10,000",57,1,1984,상도로68길 1-4,202609~202809,갱신,-,"10,000",53,연립다세대
상도,4482,서울특별시 동작구 상도동,7-182,0007,0182,케이디아이빌C동,전세,55.9600,202608,15,"17,000",0,3,2007,매봉로2길 11,202608~202808,갱신,-,"14,500",0,연립다세대
상도,4483,서울특별시 동작구 상도동,54-33,0054,0033,제이아트빌,월세,21.7600,202608,15,"1,000",51,3,2012,상도로47바길 45,202608~202708,신규,-,,,연립다세대
역삼,4485,서울특별시 강남구 역삼동,633-4,0633,0004,DreamVille,월세,28.2100,202608,14,120,85,2,2002,테헤란로13길 47-5,202608~202611,신규,-,,,연립다세대
수유,4490,서울특별시 강북구 수유동,254-24,0254,0024,라온빌(254-24),월세,54.5500,202608,14,"10,000",80,3,2021,노해로21길 85,202608~202708,신규,-,,,연립다세대
수유,4491,서울특별시 강북구 수유동,286-26,0286,0026,삼성빌라(286-26),월세,28.2600,202608,14,"9,900",15,5,2010,삼양로123길 6-9,202609~202809,신규,-,,,연립다세대
수유,4492,서울특별시 강북구 수유동,130-153,0130,0153,황지클래스16차,월세,61.5200,202608,14,"15,000",60,4,2007,노해로9나길 4,202610~202810,신규,-,,,연립다세대
신촌,4493,서울특별시 서대문구 창천동,4-115,0004,0115,YonEStudio,월세,12.4700,202608,14,"1,000",68,2,2011,연세로2다길 31,202608~202708,신규,-,,,연립다세대
신촌,4498,서울특별시 서대문구 창천동,232,0232,0000,창천율도국인104동,전세,23.0400,202608,14,"12,180",0,4,2007,신촌로3나길 7-15,202609~202809,신규,-,,,연립다세대
신촌,4502,서울특별시 서대문구 창천동,144-2,0144,0002,율도국인(304동),월세,59.9400,202608,14,"1,000",85,2,2007,신촌로3나길 7-27,202608~202708,신규,-,,,연립다세대
역삼,4503,서울특별시 강남구 역삼동,673-5,0673,0005,예원아트빌라,월세,49.5800,202608,14,"1,000",140,3,2001,언주로97길 27-13,202609~202709,신규,-,,,연립다세대
역삼,4504,서울특별시 강남구 역삼동,749-11,0749,0011,(749-11),월세,44.4000,202608,14,"2,000",99,4,2002,역삼로15길 8,202609~202809,신규,-,,,연립다세대
역삼,4512,서울특별시 강남구 역삼동,663-2,0663,0002,663-2,월세,35.8200,202608,14,"1,000",230,4,2017,논현로102길 40,202608~202708,신규,-,,,연립다세대
역삼,4513,서울특별시 강남구 역삼동,648-1,0648,0001,강남IBC오피스텔,월세,23.2100,202608,14,"1,000",97,13,1987,테헤란로7길 8,202609~202709,신규,-,,,연립다세대
홍대,4519,서울특별시 마포구 서교동,477-18,0477,0018,토티빌,전세,29.3400,202608,14,"22,000",0,3,2009,월드컵로12길 50,202609~202809,갱신,-,"21,940",0,연립다세대
왕십리,4608,서울특별시 성동구 도선동,181,0181,0000,대호빌딩,월세,60.2800,202608,14,"22,000",10,5,2004,무학로6길 36-2,202609~202809,신규,-,,,연립다세대
왕십리,4614,서울특별시 성동구 행당동,1-72,0001,0072,(1-72),월세,89.9800,202608,14,500,55,3,2004,마조로9길 8-3,202608~202808,신규,-,,,연립다세대
성수,4617,서울특별시 성동구 성수동1가,656-1824,0656,1824,현대골드타운2동,전세,51.6400,202608,14,"42,000",0,1,1992,왕십리로6길 30,202610~202810,갱신,사용,"40,000",0,연립다세대
성수,4631,서울특별시 성동구 성수동2가,299-149,0299,0149,(299-149),전세,17.2000,202608,14,"15,000",0,4,2014,광나루로4길 17,202609~202809,신규,-,,,연립다세대
건대입구,4653,서울특별시 광진구 구의동,251-14,0251,0014,동부연립,전세,73.1600,202608,14,"30,000",0,1,1978,아차산로49길 103,202609~202809,신규,-,,,연립다세대
건대입구,4654,서울특별시 광진구 구의동,59-21,0059,0021,한두리빌라,전세,73.7800,202608,14,"33,600",0,2,2006,자양로42길 33,202609~202809,갱신,사용,"32,000",0,연립다세대
건대입구,4655,서울특별시 광진구 구의동,206-20,0206,0020,(206-20),전세,17.7700,202608,14,"11,000",0,3,2011,아차산로65길 26-4,202609~202809,신규,-,,,연립다세대
건대입구,4656,서울특별시 광진구 구의동,669,0669,0000,에버그린,월세,21.3600,202608,14,"23,600",20,2,2019,자양로46길 8,202610~202810,신규,-,,,연립다세대
건대입구,4657,서울특별시 광진구 구의동,210-69,0210,0069,크로마하우스VIII,월세,39.6400,202608,14,"28,500",29,2,2020,아차산로59길 24,202610~202810,신규,-,,,연립다세대
건대입구,4676,서울특별시 광진구 자양동,595-6,0595,0006,서림골드빌라,월세,61.3400,202608,14,"3,000",152,1,1991,자양번영로2길 59-12,202609~202809,신규,-,,,연립다세대
건대입구,4677,서울특별시 광진구 자양동,840-25,0840,0025,이오빌,전세,14.7300,202608,14,"12,000",0,2,2011,동일로18길 40-6,202609~202809,신규,-,,,연립다세대
건대입구,4678,서울특별시 광진구 자양동,857,0857,0000,도시엔,월세,13.2300,202608,14,"3,000",35,3,2011,동일로18길 36,202608~202611,신규,-,,,연립다세대
건대입구,4679,서울특별시 광진구 자양동,647-22,0647,0022,성우하이츠,월세,29.2100,202608,14,"22,200",20,4,2015,뚝섬로52마길 43,202609~202809,갱신,사용,"22,400",15,연립다세대
건대입구,4680,서울특별시 광진구 자양동,647-22,0647,0022,성우하이츠,월세,29.2100,202608,14,"22,200",20,4,2015,뚝섬로52마길 43,202609~202809,갱신,사용,"22,400",15,연립다세대
건대입구,4681,서울특별시 광진구 자양동,803-3,0803,0003,기성펠리체5차,전세,23.5200,202608,14,"22,000",0,3,2019,자양번영로10길 12,202609~202809,신규,-,,,연립다세대
건대입구,4682,서울특별시 광진구 자양동,57-97,0057,0097,랜드마크Ⅱ,월세,22.1100,202608,14,"30,000",10,6,2022,능동로3마길 10-6,202610~202810,신규,-,,,연립다세대
신림,4685,서울특별시 관악구 신림동,510-20,0510,0020,T&K신림Ⅲ,월세,29.2700,202608,14,"1,084",31,4,2023,남부순환로151길 34,202609~202808,갱신,-,"2,711",28,연립다세대
신림,4686,서울특별시 관악구 신림동,1678-37,1678,0037,관악드림빌,전세,40.2200,202608,14,"23,000",0,3,2014,법원단지16길 28,202608~202808,신규,-,,,연립다세대
신림,4687,서울특별시 관악구 신림동,102-60,0102,0060,(102-60),전세,16.6000,202608,14,"7,500",0,1,2010,복은8길 20,202609~202809,신규,-,,,연립다세대
신림,4688,서울특별시 관악구 신림동,610-159,0610,0159,부림파크빌라,월세,42.4800,202608,14,"12,000",15,4,1995,법원단지28길 4,202610~202810,신규,-,,,연립다세대
신림,4689,서울특별시 관악구 신림동,598-63,0598,0063,미림빌리지B,전세,49.3800,202608,14,"13,700",0,2,1992,법원단지5가길 71,202610~202810,신규,-,,,연립다세대
신림,4690,서울특별시 관악구 신림동,234-46,0234,0046,대학빌리지B동,월세,54.5400,202608,14,300,46,-1,1993,신림로7나길 11,202608~202708,신규,-,,,연립다세대
건대입구,4691,서울특별시 광진구 화양동,101-3,0101,0003,(101-3),월세,14.6300,202608,14,"1,000",65,4,2012,군자로6길 41,202608~202808,신규,-,,,연립다세대
건대입구,4692,서울특별시 광진구 화양동,109-4,0109,0004,예그리나Ⅰ,월세,12.0400,202608,14,"8,400",2,5,2013,군자로6길 27,202609~202809,갱신,-,"8,400",0,연립다세대
건대입구,4693,서울특별시 광진구 화양동,31-43,0031,0043,31-43,월세,16.9800,202608,14,500,60,4,2013,아차산로23길 79,202609~202809,신규,-,,,연립다세대
건대입구,4698,서울특별시 광진구 화양동,32-9,0032,0009,(32-9),월세,20.1000,202608,14,"13,000",10,2,2015,능동로13길 100,202609~202809,갱신,사용,"13,000",8,연립다세대
사당,4711,서울특별시 동작구 사당동,1033-11,1033,0011,제이파크빌,월세,36.4100,202608,14,"4,100",100,5,2017,남부순환로271길 59,202610~202810,신규,-,,,연립다세대
사당,4712,서울특별시 동작구 사당동,316-189,0316,0189,리안빌리지,월세,60.1400,202608,14,"3,000",120,4,2010,사당로20사길 13-1,202608~202903,신규,-,,,연립다세대
사당,4713,서울특별시 동작구 사당동,224-77,0224,0077,명궁,전세,72.8900,202608,14,"40,000",0,4,2003,사당로16다길 102-8,202608~202808,신규,-,,,연립다세대
사당,4714,서울특별시 동작구 사당동,175-50,0175,0050,(175-50),전세,42.8800,202608,14,"10,000",0,-1,1986,사당로23아길 8,202608~202808,갱신,-,"10,000",0,연립다세대
상도,4720,서울특별시 동작구 상도동,356-2,0356,0002,샹그릴라,전세,58.8600,202608,14,"34,500",0,2,2016,상도로17길 28,202610~202810,신규,-,,,연립다세대
상도,4721,서울특별시 동작구 상도동,279-91,0279,0091,제일하이츠빌라,전세,60.7100,202608,14,"22,000",0,3,1992,성대로6가길 89,202608~202808,신규,-,,,연립다세대
상도,4722,서울특별시 동작구 상도동,7-81,0007,0081,(7-81),월세,43.4200,202608,14,"13,000",35,1,1986,매봉로4가길 19,202609~202809,신규,-,,,연립다세대
공덕,4734,서울특별시 마포구 공덕동,117-41,0117,0041,(117-41)연리빌리지,전세,42.4200,202608,14,"31,500",0,2,2007,마포대로14길 29,202609~202809,갱신,사용,"30,000",0,연립다세대
홍대,4738,서울특별시 마포구 서교동,455-5,0455,0005,파크빌(455-5),전세,19.6500,202608,14,"13,500",0,3,2010,월드컵북로7길 64,202609~202809,신규,-,,,연립다세대
합정,4739,서울특별시 마포구 합정동,361-9,0361,0009,삼호빌라,전세,33.1100,202608,14,"20,000",0,1,1988,독막로4길 35,202608~202705,갱신,-,"20,000",0,연립다세대
합정,4740,서울특별시 마포구 합정동,391-2,0391,0002,고려빌라트,월세,126.6100,202608,14,55,55,2,1992,포은로2가길 29,202608~202612,신규,-,,,연립다세대
합정,4761,서울특별시 마포구 합정동,451-11,0451,0011,합정어반힐,전세,24.3800,202608,14,"30,000",0,3,2020,희우정로7길 31,202609~202809,갱신,-,"27,000",0,연립다세대
안암,4781,서울특별시 성북구 안암동1가,105-1,0105,0001,가람JS빌,월세,29.8200,202608,14,"5,500",95,6,2017,고려대로7라길 8,202611~202811,신규,-,,,연립다세대
노원,4782,서울특별시 노원구 월계동,465-33,0465,0033,월계그린빌1,전세,41.0800,202608,14,"13,000",0,1,2003,광운로7길 5-8,202610~202810,갱신,-,"9,000",15,연립다세대
노원,4783,서울특별시 노원구 월계동,376-5,0376,0005,임오하이츠빌라,전세,60.5100,202608,14,"21,700",0,4,1993,광운로19가길 13,202610~202809,신규,-,,,연립다세대
길음,4799,서울특별시 성북구 길음동,488-24,0488,0024,(488-24),월세,15.9300,202608,14,"1,000",55,3,2012,도봉로3길 22-7,202608~202708,신규,-,,,연립다세대
길음,4800,서울특별시 성북구 길음동,1191,1191,0000,반석빌,전세,59.9600,202608,14,"32,000",0,5,2013,삼양로9길 21,202610~202810,신규,-,,,연립다세대
사당,4811,서울특별시 동작구 사당동,180-1,0180,0001,180-1,월세,42.2300,202608,13,"3,308",34,2,2022,사당로23길 278,202608~202811,신규,-,,,연립다세대
사당,4812,서울특별시 동작구 사당동,91-154,0091,0154,(91-154),전세,50.3400,202608,13,"42,100",0,4,2020,동작대로31길 42,202609~202809,신규,-,,,연립다세대
사당,4813,서울특별시 동작구 사당동,419-115,0419,0115,(419-115),전세,17.9500,202608,13,"13,600",0,1,2014,남부순환로267길 12-1,202609~202809,신규,-,,,연립다세대
사당,4814,서울특별시 동작구 사당동,1005-22,1005,0022,삼원빌라,전세,32.1600,202608,13,"15,750",0,2,2003,동작대로19길 17,202608~202808,갱신,사용,"15,000",0,연립다세대
사당,4815,서울특별시 동작구 사당동,64-41,0064,0041,선흥별장원룸,월세,53.3500,202608,13,"1,000",40,2,1997,동작대로33길 109,202610~202810,신규,-,,,연립다세대
상도,4841,서울특별시 동작구 상도동,202-235,0202,0235,금강그린빌(202-235),전세,38.0700,202608,13,"22,000",0,4,2014,성대로 186,202611~202811,신규,-,,,연립다세대
상도,4842,서울특별시 동작구 상도동,183-31,0183,0031,그린캐슬(183-31),월세,12.4800,202608,13,"1,000",88,7,2012,상도로26가길 19,202609~202809,신규,-,,,연립다세대
상도,4843,서울특별시 동작구 상도동,183-31,0183,0031,그린캐슬(183-31),월세,12.4800,202608,13,"1,000",88,7,2012,상도로26가길 19,202609~202809,신규,-,,,연립다세대
상도,4844,서울특별시 동작구 상도동,356-65,0356,0065,원림아트빌(356-65),전세,66.1100,202608,13,"29,000",0,3,2002,상도로15사길 35,202608~202808,갱신,-,"22,800",0,연립다세대
상도,4845,서울특별시 동작구 상도동,299-154,0299,0154,천수빌라D동,전세,34.9200,202608,13,"12,000",0,-1,1992,국사봉12길 32-1,202608~202808,갱신,사용,"12,000",0,연립다세대
역삼,4905,서울특별시 강남구 역삼동,789-22,0789,0022,월드쉐르빌2,월세,74.0100,202608,13,"3,000",142,6,2002,논현로71길 36,202609~202809,신규,-,,,연립다세대
합정,4906,서울특별시 마포구 합정동,74-25,0074,0025,강변타운(74-25),전세,35.3100,202608,13,"23,900",0,2,1989,토정로4길 51,202609~202809,갱신,-,"23,900",0,연립다세대
합정,4907,서울특별시 마포구 합정동,377-34,0377,0034,합정리치빌,전세,29.9500,202608,13,"37,500",0,5,2021,양화진4길 15-8,202611~202811,갱신,-,"37,500",0,연립다세대
역삼,4908,서울특별시 강남구 역삼동,834-56,0834,0056,늘푸른집,전세,29.2000,202608,13,"25,000",0,4,2010,역삼로14길 10-4,202608~202808,신규,-,,,연립다세대
역삼,4909,서울특별시 강남구 역삼동,827-72,0827,0072,해오름빌,월세,30.3600,202608,13,"5,000",115,6,2013,강남대로78길 33-3,202608~202808,신규,-,,,연립다세대
노원,4980,서울특별시 노원구 중계동,107-40,0107,0040,오띠모빌,월세,43.4200,202608,13,"13,000",30,2,2013,중계로16길 33,202609~202809,신규,-,,,연립다세대
신촌,4984,서울특별시 서대문구 대현동,90-58,0090,0058,(90-58),월세,18.9800,202608,13,"2,000",72,8,2015,이화여대1길 38,202608~202708,갱신,-,"2,000",68,연립다세대
노원,4985,서울특별시 노원구 상계동,136-33,0136,0033,베스트하우스(136-33),월세,55.9300,202608,13,"17,092",19,3,2019,한글비석로24마길 75,202608~202812,신규,-,,,연립다세대
노원,4986,서울특별시 노원구 상계동,72-119,0072,0119,베스트하우스,월세,47.7300,202608,13,"11,568",13,3,2019, ,202608~202812,신규,-,,,연립다세대
신촌,4987,서울특별시 서대문구 대현동,90-42,0090,0042,이대다올노블리움2차(에이동),월세,22.1000,202608,13,"1,000",110,8,2018,이화여대1길 30,202608~202708,신규,-,,,연립다세대
역삼,4995,서울특별시 강남구 역삼동,778-18,0778,0018,J&Jvill,전세,36.5200,202608,13,"29,000",0,3,2015,언주로69길 23-3,202610~202810,갱신,-,"28,000",0,연립다세대
홍대,5012,서울특별시 마포구 상수동,86-43,0086,0043,(86-43),월세,38.5600,202608,13,"2,000",100,3,1991,와우산로14길 18,202609~202809,신규,-,,,연립다세대
건대입구,5014,서울특별시 광진구 자양동,219-3,0219,0003,서원빌리지,월세,18.8500,202608,13,"20,000",29,6,2020,아차산로46가길 31,202609~202809,신규,-,,,연립다세대
건대입구,5015,서울특별시 광진구 자양동,603-28,0603,0028,(603-28),전세,39.6900,202608,13,"24,000",0,2,2008,뚝섬로46길 19-5,202609~202809,신규,-,,,연립다세대
건대입구,5016,서울특별시 광진구 자양동,584-9,0584,0009,현대하이츠빌라,월세,52.4400,202608,13,"14,000",70,2,1990,자양번영로3가길 13,202610~202810,신규,-,,,연립다세대
노원,5032,서울특별시 노원구 공릉동,566-22,0566,0022,이안빌라,월세,29.9700,202608,13,"5,000",69,5,2016,동일로180길 33,202611~202811,신규,-,,,연립다세대
신림,5037,서울특별시 관악구 신림동,1439-24,1439,0024,(1439-24),전세,15.0800,202608,13,"18,800",0,5,2020,관천로16길 50,202609~202809,갱신,-,"18,800",0,연립다세대
신림,5038,서울특별시 관악구 신림동,468-1,0468,0001,(468-1),월세,26.8900,202608,13,"18,000",21,6,2014,조원로 170,202610~202810,신규,-,,,연립다세대
신림,5039,서울특별시 관악구 신림동,1505-3,1505,0003,향원빌라(1505-3),월세,46.5500,202608,13,"22,000",10,1,2008,남부순환로200가길 33,202610~202810,신규,-,,,연립다세대
신림,5040,서울특별시 관악구 신림동,10-584,0010,0584,(10-584),월세,65.1500,202608,13,"1,000",53,4,2006,남부순환로194길 10,202609~202809,신규,-,,,연립다세대
신림,5041,서울특별시 관악구 신림동,103-234,0103,0234,태화그린빌라,월세,52.4100,202608,13,"1,000",170,2,1992,서림7길 76,202608~202808,신규,-,,,연립다세대
신림,5042,서울특별시 관악구 신림동,409-107,0409,0107,전원하이츠가동,전세,43.0200,202608,13,"15,000",0,4,1991,서원6길 3,202608~202808,신규,-,,,연립다세대
건대입구,5043,서울특별시 광진구 화양동,15-29,0015,0029,(15-29),전세,21.9300,202608,13,"14,500",0,2,2009,군자로3길 20,202609~202809,갱신,사용,"13,860",0,연립다세대
건대입구,5044,서울특별시 광진구 화양동,17-53,0017,0053,IRIS,월세,19.5200,202608,13,"13,000",6,2,2012,동일로28길 49-10,202611~202811,신규,-,,,연립다세대
건대입구,5056,서울특별시 광진구 화양동,17-47,0017,0047,17-47,월세,19.8300,202608,13,"2,000",58,6,2015,군자로7길 2-5,202608~202808,신규,-,,,연립다세대
수유,5058,서울특별시 강북구 수유동,573-34,0573,0034,푸른솔,전세,17.5800,202608,13,"5,000",0,2,2013,삼양로139길 40,202609~202809,신규,-,,,연립다세대
건대입구,5067,서울특별시 광진구 구의동,77-5,0077,0005,구의리베르떼,월세,17.6100,202608,13,"25,000",13,5,2026,자양로41길 21,202609~202809,신규,-,,,연립다세대
건대입구,5068,서울특별시 광진구 구의동,226-19,0226,0019,우림빌라,전세,45.4200,202608,13,"10,500",0,-1,1996,자양로30길 83,202608~202808,갱신,-,"10,500",0,연립다세대
성수,5124,서울특별시 성동구 성수동1가,656-1252,0656,1252,덕조빌딩,월세,15.6200,202608,13,"2,000",66,5,2013,왕십리로14길 11,202608~202808,신규,-,,,연립다세대
왕십리,5132,서울특별시 성동구 행당동,302-1,0302,0001,에비뉴힐,전세,46.6500,202608,13,"38,500",0,2,2019,왕십리로21마길 21,202610~202810,갱신,-,"36,750",0,연립다세대
노원,5136,서울특별시 노원구 월계동,402-26,0402,0026,(402-26),전세,43.8100,202608,13,"6,500",0,-1,1994,광운로7길 21,202608~202808,신규,-,,,연립다세대
노원,5137,서울특별시 노원구 월계동,271-10,0271,0010,(271-10),전세,46.0500,202608,13,"13,000",0,2,1976,초안산로2길 94-3,202609~202809,신규,-,,,연립다세대
합정,5142,서울특별시 마포구 합정동,433-33,0433,0033,진흥빌(433-33),전세,27.9800,202608,12,"20,234",0,3,2010,동교로 44-9,202610~202810,갱신,사용,"19,270",0,연립다세대
신촌,5146,서울특별시 서대문구 대현동,90-50,0090,0050,애스턴빌,월세,22.2400,202608,12,"1,000",98,7,2020,이화여대1길 34,202608~202708,신규,-,,,연립다세대
노원,5207,서울특별시 노원구 상계동,1118-18,1118,0018,(1118-18),월세,12.5000,202608,12,500,35,2,2013,동일로237가길 56,202608~202808,신규,-,,,연립다세대
노원,5208,서울특별시 노원구 공릉동,218,0218,0000,퍼즐주택(공릉),월세,35.4800,202608,12,"20,000",45,3,2018,공릉로46가길 29,202609~202809,신규,-,,,연립다세대
노원,5209,서울특별시 노원구 공릉동,218,0218,0000,퍼즐주택(공릉),월세,36.4600,202608,12,"3,000",130,5,2018,공릉로46가길 29,202608~202808,신규,-,,,연립다세대
노원,5210,서울특별시 노원구 공릉동,644-40,0644,0040,팰리스가,월세,27.6700,202608,12,"3,000",90,5,2014,공릉로 104-9,202609~202809,신규,-,,,연립다세대
노원,5211,서울특별시 노원구 공릉동,584-6,0584,0006,공감대House,전세,12.6200,202608,12,"6,500",0,2,2012,동일로178길 29-13,202609~202902,신규,-,,,연립다세대
수유,5228,서울특별시 강북구 수유동,130-48,0130,0048,에코하우스다울18,월세,45.3000,202608,12,"4,675",48,4,2024,노해로9길 65-9,202608~202810,신규,-,,,연립다세대
수유,5230,서울특별시 강북구 수유동,715-4,0715,0004,스위트빌,전세,48.0700,202608,12,"22,300",0,3,2019,노해로33길 34-11,202609~202809,신규,-,,,연립다세대
수유,5231,서울특별시 강북구 수유동,441-60,0441,0060,그랜드캐슬,전세,29.8300,202608,12,"13,986",0,4,2014,인수봉로51길 4,202608~202808,갱신,-,"13,986",0,연립다세대
수유,5232,서울특별시 강북구 수유동,410-340,0410,0340,우리빌(410-340),월세,28.7100,202608,12,"1,255",10,2,2013,인수봉로 203,202608~202810,신규,-,,,연립다세대
안암,5270,서울특별시 성북구 안암동5가,149-1,0149,0001,TheGoldCity,월세,28.1900,202608,12,"2,000",170,3,2022,개운사2길 9,202608~202707,신규,-,,,연립다세대
안암,5271,서울특별시 성북구 안암동2가,30,0030,0000,해든,월세,23.3900,202608,12,"1,000",49,3,2012,고려대로11길 23,202608~202808,신규,-,,,연립다세대
상도,5316,서울특별시 동작구 상도동,121-128,0121,0128,(121-128),월세,28.9800,202608,12,"3,000",42,3,2000,상도로67길 12-20,202609~202709,신규,-,,,연립다세대
상도,5317,서울특별시 동작구 상도동,134-262,0134,0262,(134-262),월세,39.7500,202608,12,"18,123",22,2,2003,상도로66길 26,202608~202808,갱신,-,"17,000",27,연립다세대
상도,5318,서울특별시 동작구 상도동,279-379,0279,0379,세정빌라,월세,50.8000,202608,12,"13,000",5,-1,1992,성대로16길 74,202609~202809,신규,-,,,연립다세대
상도,5319,서울특별시 동작구 상도동,156-19,0156,0019,마르마,월세,17.2600,202608,12,"13,000",15,3,2012,상도로30길 78,-,-,-,,,연립다세대
상도,5320,서울특별시 동작구 상도동,496-18,0496,0018,무경하우스,월세,16.8900,202608,12,"11,000",20,4,2016,상도로 392-12,202609~202809,신규,-,,,연립다세대
상도,5321,서울특별시 동작구 상도동,244-252,0244,0252,미소가A동(244-252),전세,29.9400,202608,12,"26,000",0,2,2018,성대로17길 7,202609~202809,신규,-,,,연립다세대
상도,5322,서울특별시 동작구 상도동,246-18,0246,0018,상도동하이빌,월세,42.3000,202608,12,"4,000",70,5,2003,성대로1길 14,202609~202809,갱신,사용,"4,000",55,연립다세대
회기,5324,서울특별시 동대문구 회기동,102-187,0102,0187,(102-187),월세,12.8100,202608,12,500,35,1,2012,회기로12다길 33,202608~202708,신규,-,,,연립다세대
사당,5325,서울특별시 동작구 사당동,64-104,0064,0104,(64-104),월세,62.8400,202608,12,"27,000",15,1,2002,동작대로33바길 6-12,202610~202810,신규,-,,,연립다세대
사당,5326,서울특별시 동작구 사당동,300-23,0300,0023,성원빌라,전세,56.5400,202608,12,"26,000",0,4,1994,사당로16사길 36,202609~202809,신규,-,,,연립다세대
사당,5327,서울특별시 동작구 사당동,141-109,0141,0109,삼성(141-109),월세,93.3000,202608,12,"15,000",90,4,1993,사당로29다길 20,202608~202808,갱신,사용,"15,000",90,연립다세대
사당,5328,서울특별시 동작구 사당동,449-27,0449,0027,미래하이빌(449-27),전세,55.2100,202608,12,"25,000",0,5,2018,남부순환로255나길 6,202608~202808,갱신,사용,"25,000",0,연립다세대
사당,5329,서울특별시 동작구 사당동,449-27,0449,0027,미래하이빌(449-27),전세,55.2100,202608,12,"25,000",0,5,2018,남부순환로255나길 6,202608~202808,갱신,-,"25,000",0,연립다세대
건대입구,5342,서울특별시 광진구 화양동,106,0106,0000,(106-0),월세,24.0400,202608,12,"1,000",68,5,2014,군자로6길 40,202608~202808,갱신,사용,"1,000",65,연립다세대
신림,5343,서울특별시 관악구 신림동,306-68,0306,0068,관악파크빌,월세,53.7300,202608,12,"4,000",85,2,2004,호암로18나길 38,202609~202809,신규,-,,,연립다세대
신림,5344,서울특별시 관악구 신림동,646-138,0646,0138,(646-138),전세,39.8700,202608,12,"11,500",0,1,1993,난곡로26마길 6,202608~202702,갱신,-,"13,000",0,연립다세대
신림,5345,서울특별시 관악구 신림동,1563-9,1563,0009,동성맨션,월세,63.6900,202608,12,"5,000",80,-1,1997,미성7길 38,202609~202809,신규,-,,,연립다세대
신림,5346,서울특별시 관악구 신림동,563-27,0563,0027,오주하우스,월세,15.1600,202608,12,"2,000",20,3,2012,조원중앙로2길 81,202609~202709,갱신,-,"2,000",19,연립다세대
신림,5347,서울특별시 관악구 신림동,412-185,0412,0185,DaehoVill,월세,29.3700,202608,12,"16,000",4,2,2016,문성로38가길 14,202609~202809,갱신,-,"16,000",0,연립다세대
신림,5348,서울특별시 관악구 신림동,530-1,0530,0001,신대방노블루체,월세,25.2200,202608,12,"23,000",20,16,2019,난곡로 331,202609~202809,신규,-,,,연립다세대
신림,5349,서울특별시 관악구 신림동,613-1,0613,0001,드림타운,전세,26.9000,202608,12,"25,000",0,6,2020,법원단지2길 14,-,-,-,,,연립다세대
신림,5350,서울특별시 관악구 신림동,1668-29,1668,0029,체나콜빌,월세,29.9300,202608,12,"3,000",114,2,2021,조원중앙로1길 19,202608~202808,신규,-,,,연립다세대
신림,5351,서울특별시 관악구 신림동,11-23,0011,0023,더베리타스,전세,24.5900,202608,12,"29,400",0,4,2022,남부순환로182길 4-7,202608~202808,신규,-,,,연립다세대
신림,5352,서울특별시 관악구 신림동,1429-45,1429,0045,TOV,월세,24.2000,202608,12,"24,000",40,5,2023,신림로73길 15-6,202609~202809,갱신,-,"24,000",40,연립다세대
신림,5353,서울특별시 관악구 신림동,103-190,0103,0190,동영빌,월세,29.8000,202608,12,769,22,5,2023,서림11가길 9-7,202608~202811,신규,-,,,연립다세대
건대입구,5354,서울특별시 광진구 자양동,231-64,0231,0064,와이위드미,전세,55.1900,202608,12,"47,250",0,3,2024,아차산로44길 13-20,202609~202809,갱신,사용,"45,000",0,연립다세대
건대입구,5355,서울특별시 광진구 자양동,589-16,0589,0016,한양팰리스(589-16),월세,49.7700,202608,12,"30,000",50,3,2017,자양강변길 269,202610~202810,갱신,사용,"30,000",45,연립다세대
건대입구,5356,서울특별시 광진구 자양동,639-22,0639,0022,에비앙하우스,월세,25.5000,202608,12,"25,000",10,5,2016,뚝섬로52다길 14-8,202611~202811,신규,-,,,연립다세대
건대입구,5357,서울특별시 광진구 자양동,646-14,0646,0014,신성쉐르빌(646-14),월세,52.4800,202608,12,"5,000",83,4,2010,뚝섬로52라길 66,202609~202809,신규,-,,,연립다세대
건대입구,5358,서울특별시 광진구 자양동,639-36,0639,0036,스타리버빌,월세,40.1300,202608,12,"20,000",35,3,2008,뚝섬로54길 42,202609~202809,신규,-,,,연립다세대
건대입구,5359,서울특별시 광진구 자양동,646,0646,0000,(646-0),전세,27.0900,202608,12,"15,750",0,2,2007,뚝섬로52라길 50,202608~202808,갱신,사용,"15,000",0,연립다세대
건대입구,5360,서울특별시 광진구 자양동,52-104,0052,0104,(52-104),월세,23.3700,202608,12,"1,000",63,4,2004,동일로4길 56-2,202609~202809,신규,-,,,연립다세대
건대입구,5367,서울특별시 광진구 구의동,69-1,0069,0001,제이캐슬,월세,41.8500,202608,12,"44,000",20,6,2020,자양로 232,202611~202811,갱신,-,"44,000",0,연립다세대
건대입구,5368,서울특별시 광진구 구의동,646-8,0646,0008,(646-8),월세,19.6000,202608,12,"15,900",15,3,2019,자양로23길 63,202609~202809,갱신,-,"15,000",15,연립다세대
건대입구,5369,서울특별시 광진구 구의동,257-13,0257,0013,돌체,월세,21.0000,202608,12,"2,000",44,5,2011,아차산로53길 24,202608~202808,신규,-,,,연립다세대
건대입구,5370,서울특별시 광진구 구의동,37-9,0037,0009,아차산빌라,월세,75.4500,202608,12,"20,000",70,4,2003,자양로44길 114-8,202610~202810,신규,-,,,연립다세대
왕십리,5399,서울특별시 성동구 행당동,311-7,0311,0007,로마네스크,전세,29.3600,202608,12,"26,400",0,2,2016,행당로11길 14,202609~202809,갱신,사용,"25,350",0,연립다세대
왕십리,5400,서울특별시 성동구 행당동,1-72,0001,0072,(1-72),월세,89.9800,202608,12,500,60,3,2004,마조로9길 8-3,202608~202808,신규,-,,,연립다세대
역삼,5484,서울특별시 강남구 역삼동,780-11,0780,0011,집앤사파시앙스,전세,23.1400,202608,12,"35,000",0,2,2026,언주로67길 21,202609~202809,신규,-,,,연립다세대
역삼,5485,서울특별시 강남구 역삼동,780-11,0780,0011,집앤사파시앙스,전세,23.1400,202608,12,"35,000",0,2,2026,언주로67길 21,202609~202809,신규,-,,,연립다세대
역삼,5486,서울특별시 강남구 역삼동,834-36,0834,0036,힐스테이트6,월세,29.9100,202608,12,"3,000",120,3,2015,역삼로10길 13,202609~202809,신규,-,,,연립다세대
역삼,5487,서울특별시 강남구 역삼동,774-15,0774,0015,그레이스빌(774-15),월세,15.5900,202608,12,"2,000",61,3,2013,언주로71길 25,202608~202708,신규,-,,,연립다세대
역삼,5488,서울특별시 강남구 역삼동,835-61,0835,0061,글로리아스위트,월세,32.0200,202608,12,"1,000",120,3,2004,논현로63길 66,202608~202808,신규,-,,,연립다세대
역삼,5489,서울특별시 강남구 역삼동,794-34,0794,0034,(794-34),월세,27.9200,202608,12,"1,000",87,4,2003,도곡로17길 24-3,202609~202809,신규,-,,,연립다세대
역삼,5490,서울특별시 강남구 역삼동,774-22,0774,0022,(774-22),월세,71.6700,202608,12,"2,000",65,2,2002,언주로71길 19-6,202609~202709,신규,-,,,연립다세대
역삼,5491,서울특별시 강남구 역삼동,771-16,0771,0016,네오아키빌,월세,72.4400,202608,12,"52,000",13,5,2002,언주로71길 28,202608~202808,갱신,사용,"52,000",0,연립다세대
역삼,5492,서울특별시 강남구 역삼동,690-12,0690,0012,에벤에셀,월세,75.4600,202608,12,"2,000",250,3,2003,봉은사로48길 44-18,202608~202708,신규,-,,,연립다세대
역삼,5493,서울특별시 강남구 역삼동,655-19,0655,0019,행복한빌라,월세,49.1000,202608,12,"30,000",61,4,2002,논현로106길 47,202609~202811,갱신,-,"28,000",0,연립다세대
역삼,5494,서울특별시 강남구 역삼동,655-19,0655,0019,행복한빌라,월세,49.1000,202608,12,"30,000",61,4,2002,논현로106길 47,202609~202811,갱신,-,"28,000",60,연립다세대
공덕,5501,서울특별시 마포구 공덕동,21-3,0021,0003,(21-3),전세,22.2300,202608,12,"25,700",0,3,2021,만리재옛길 68,202609~202809,갱신,-,"24,500",0,연립다세대
홍대,5516,서울특별시 마포구 서교동,342-22,0342,0022,NextVille,월세,30.7800,202608,12,"1,000",75,1,2002,와우산로29가길 74-1,202608~202808,신규,-,,,연립다세대
홍대,5517,서울특별시 마포구 서교동,342-22,0342,0022,NextVille,월세,30.7800,202608,12,"1,000",75,1,2002,와우산로29가길 74-1,202608~202808,신규,-,,,연립다세대
홍대,5518,서울특별시 마포구 서교동,449-21,0449,0021,동궁빌라,월세,28.3900,202608,12,"24,000",5,3,2012,동교로19길 52,202608~202808,갱신,-,"23,000",5,연립다세대
상도,5519,서울특별시 동작구 상도동,356-230,0356,0230,원형,월세,69.9800,202608,11,"23,000",50,5,2003,상도로15마길 9,202611~202811,신규,-,,,연립다세대
합정,5520,서울특별시 마포구 합정동,453-13,0453,0013,이에스한강포레B,전세,29.8500,202608,11,"34,000",0,2,2024,희우정로5길 26,202609~202809,갱신,-,"34,000",0,연립다세대
합정,5521,서울특별시 마포구 합정동,451-11,0451,0011,합정어반힐,전세,18.7700,202608,11,"21,000",0,5,2020,희우정로7길 31,202609~202809,갱신,사용,"20,000",0,연립다세대
합정,5522,서울특별시 마포구 합정동,378-14,0378,0014,VALUEDEVELOPMENT,월세,25.5600,202608,11,"22,500",25,2,2016,양화진2길 21-6,202609~202809,갱신,사용,"21,500",25,연립다세대
건대입구,5523,서울특별시 광진구 자양동,471-5,0471,0005,한양주택,전세,83.5900,202608,11,"37,000",0,1,1998,뚝섬로40길 53,202609~202809,갱신,-,"30,450",0,연립다세대
상도,5524,서울특별시 동작구 상도동,126-43,0126,0043,대명빌라,전세,52.8600,202608,11,"19,000",0,2,1993,상도로68가길 4,202610~202810,신규,-,,,연립다세대
건대입구,5527,서울특별시 광진구 자양동,588-26,0588,0026,효성하이츠빌라,전세,40.7600,202608,11,"20,000",0,2,1991,자양번영로3나길 38,202608~202808,갱신,-,"18,000",0,연립다세대
건대입구,5534,서울특별시 광진구 자양동,651-1,0651,0001,경성빌라,월세,43.4700,202608,11,"5,000",105,4,2008,뚝섬로54길 17,202609~202809,갱신,-,"5,000",100,연립다세대
건대입구,5535,서울특별시 광진구 자양동,678-4,0678,0004,(678-4),전세,57.9000,202608,11,"20,000",0,4,2009,뚝섬로58길 21,202609~202809,갱신,-,"20,000",0,연립다세대
건대입구,5536,서울특별시 광진구 자양동,52-200,0052,0200,랜드마크,월세,30.1200,202608,11,"24,000",10,4,2016,뚝섬로24길 6,202610~202809,신규,-,,,연립다세대
노원,5539,서울특별시 노원구 상계동,341-5,0341,0005,(341-5),월세,18.4300,202608,11,"1,000",64,6,2013,상계로 84,202608~202708,신규,-,,,연립다세대
노원,5540,서울특별시 노원구 상계동,133,0133,0000,이풍경힐탑,월세,50.8700,202608,11,617,36,6,2018,수락산로8길 13,202608~202812,신규,-,,,연립다세대
노원,5541,서울특별시 노원구 상계동,1048-20,1048,0020,해밀2동,월세,52.0500,202608,11,"1,691",40,5,2019,동일로237나길 17,202608~202812,신규,-,,,연립다세대
역삼,5542,서울특별시 강남구 역삼동,681-39,0681,0039,동우코아,월세,23.4000,202608,11,"1,000",68,2,1998,선릉로107길 26,202608~202808,신규,-,,,연립다세대
역삼,5543,서울특별시 강남구 역삼동,681-39,0681,0039,동우코아,월세,23.4000,202608,11,"1,000",69,2,1998,선릉로107길 26,202608~202808,신규,-,,,연립다세대
노원,5544,서울특별시 노원구 중계동,168-9,0168,0009,한신월드타운(168-9),월세,64.5200,202608,11,"5,000",110,5,2011,덕릉로82길 61,202610~202810,신규,-,,,연립다세대
역삼,5545,서울특별시 강남구 역삼동,697-17,0697,0017,역삼빌라트(697-17),월세,76.8500,202608,11,"20,000",119,4,2000,테헤란로53길 15-13,202609~202809,신규,-,,,연립다세대
신촌,5546,서울특별시 서대문구 대현동,150,0150,0000,이대역마에스트로,월세,12.0100,202608,11,"1,000",70,3,2012,이화여대2나길 11,202608~202708,신규,-,,,연립다세대
역삼,5549,서울특별시 강남구 역삼동,690-10,0690,0010,(690-10),월세,34.8100,202608,11,"1,000",125,2,2013,봉은사로44길 59,202608~202708,신규,-,,,연립다세대
역삼,5550,서울특별시 강남구 역삼동,703-6,0703,0006,케이타워역삼오피스텔,월세,16.9400,202608,11,"1,000",90,3,2014,언주로98길 32,202608~202708,신규,-,,,연립다세대
역삼,5551,서울특별시 강남구 역삼동,774-40,0774,0040,역삼더하임,월세,24.9900,202608,11,"30,000",48,4,2020,역삼로38길 19,202609~202809,신규,-,,,연립다세대
홍대,5566,서울특별시 마포구 서교동,467-4,0467,0004,(467-4),월세,25.3900,202608,11,"1,000",52,3,2002,동교로15길 4,202609~202809,신규,-,,,연립다세대
길음,5571,서울특별시 성북구 길음동,1218,1218,0000,1218-0,전세,18.3300,202608,11,"8,900",0,4,2007,삼양로9길 9-15,202609~202809,신규,-,,,연립다세대
성수,5582,서울특별시 성동구 성수동1가,16-46,0016,0046,미성아트빌D,전세,43.4400,202608,11,"39,000",0,4,2003,뚝섬로5길 35,202608~202808,신규,-,,,연립다세대
성수,5584,서울특별시 성동구 성수동1가,330-1,0330,0001,(330-1),월세,21.1700,202608,11,"1,000",45,2,2006,둘레9가길 24,202610~202810,신규,-,,,연립다세대
성수,5591,서울특별시 성동구 성수동1가,301,0301,0000,리버그린,월세,67.2200,202608,11,"5,500",150,3,2006,성덕정길 63-18,202609~202809,신규,-,,,연립다세대
홍대,5611,서울특별시 마포구 서교동,380-8,0380,0008,사이언스밸리,월세,29.9700,202608,11,"27,000",5,2,2012,양화로7안길 26,202608~202808,갱신,-,"27,000",0,연립다세대
왕십리,5659,서울특별시 성동구 행당동,1-36,0001,0036,(1-36),월세,83.4700,202608,11,"1,000",65,2,2005,마조로9길 16-6,202608~202808,신규,-,,,연립다세대
왕십리,5660,서울특별시 성동구 행당동,19-79,0019,0079,삼인베스트빌,월세,52.2100,202608,11,0,31,1,2003,마조로1길 20,202608~203108,신규,-,,,연립다세대
신림,5688,서울특별시 관악구 신림동,1423-22,1423,0022,K-VIEWTOWERⅢ,월세,17.3900,202608,11,"1,000",105,5,2024,봉천로12길 71,202608~202708,신규,-,,,연립다세대
신림,5689,서울특별시 관악구 신림동,510-20,0510,0020,T&K신림Ⅲ,월세,54.2900,202608,11,"7,486",10,5,2023,남부순환로151길 34,202609~202808,갱신,-,100,52,연립다세대
신림,5692,서울특별시 관악구 신림동,530-2,0530,0002,메리트엠타워,월세,12.6000,202608,11,"10,000",25,8,2019,난곡로 327-1,202609~202809,신규,-,,,연립다세대
신림,5693,서울특별시 관악구 신림동,1432-151,1432,0151,원오피스텔(1432-151),전세,19.9900,202608,11,"9,500",0,5,2002,신림동5길 17,202610~202810,신규,-,,,연립다세대
신림,5694,서울특별시 관악구 신림동,1708-2,1708,0002,한림102동,월세,59.1200,202608,11,"21,000",30,5,2001,봉천로2길 13,202610~202810,신규,-,,,연립다세대
신림,5695,서울특별시 관악구 신림동,685-210,0685,0210,중앙타운A동B동,월세,55.1000,202608,11,"13,000",15,4,1997,난곡로11길 31,202609~202809,신규,-,,,연립다세대
신림,5696,서울특별시 관악구 신림동,412-96,0412,0096,황제빌라F,전세,35.8800,202608,11,"8,000",0,1,1990,문성로38길 51-16,202609~202809,신규,-,,,연립다세대
건대입구,5706,서울특별시 광진구 화양동,121-9,0121,0009,더퍼스트,전세,22.1800,202608,11,"27,000",0,7,2022,능동로19길 49,202608~202808,신규,-,,,연립다세대
성수,5711,서울특별시 성동구 성수동2가,700-2,0700,0002,성수빌라(700-2),전세,42.3000,202608,11,"18,900",0,1,1996,성수이로2길 16,202610~202810,신규,-,,,연립다세대
성수,5712,서울특별시 성동구 성수동2가,700-2,0700,0002,성수빌라(700-2),전세,42.3000,202608,11,"18,900",0,1,1996,성수이로2길 16,202610~202810,신규,-,,,연립다세대
신설동,5729,서울특별시 동대문구 신설동,6,0006,0000,캐슬루체,전세,34.6700,202608,11,"35,000",0,6,2023,왕산로7길 23,202608~202708,신규,-,,,연립다세대
건대입구,5759,서울특별시 광진구 구의동,45-25,0045,0025,신흥아트빌,월세,64.1500,202608,11,"27,000",20,1,2002,자양로44나길 39,202609~202809,신규,-,,,연립다세대
건대입구,5762,서울특별시 광진구 구의동,231-16,0231,0016,(231-16),전세,29.9200,202608,11,"21,000",0,3,2014,자양로30길 73-3,202609~202809,갱신,-,"20,000",0,연립다세대
수유,5795,서울특별시 강북구 수유동,130-48,0130,0048,에코하우스다울18,월세,45.7300,202608,11,"4,738",49,4,2024,노해로9길 65-9,202608~202810,신규,-,,,연립다세대
수유,5796,서울특별시 강북구 수유동,169-16,0169,0016,옐로우트리(yellowtree),전세,45.8300,202608,11,"33,200",0,5,2022,도봉로99길 25-16,202609~202809,신규,-,,,연립다세대
수유,5797,서울특별시 강북구 수유동,50-56,0050,0056,아림,월세,18.4800,202608,11,500,60,5,2012,삼양로80나길 70,202608~202808,신규,-,,,연립다세대
수유,5809,서울특별시 강북구 수유동,521-50,0521,0050,삼각산드림빌,월세,14.1000,202608,11,500,55,2,2010,인수봉로 239,202608~202708,신규,-,,,연립다세대
사당,5844,서울특별시 동작구 사당동,303-171,0303,0171,신성빌라,월세,61.4100,202608,11,"5,000",93,4,2007,사당로16길 149,202609~202809,신규,-,,,연립다세대
사당,5845,서울특별시 동작구 사당동,303-171,0303,0171,신성빌라,월세,61.4100,202608,11,"5,000",93,4,2007,사당로16길 149,202609~202809,신규,-,,,연립다세대
사당,5846,서울특별시 동작구 사당동,419-101,0419,0101,메종슈에뜨101,월세,28.3500,202608,11,"4,000",45,2,2016,남부순환로269길 50,202608~202808,신규,-,,,연립다세대
사당,5851,서울특별시 동작구 사당동,316-253,0316,0253,동현재,월세,36.8400,202608,11,"4,000",76,1,2012,사당로20바길 24,202608~202808,갱신,-,"4,000",75,연립다세대
역삼,5852,서울특별시 강남구 역삼동,655-19,0655,0019,행복한빌라,월세,49.1000,202608,11,"30,000",61,4,2002,논현로106길 47,202609~202811,신규,-,,,연립다세대
사당,5853,서울특별시 동작구 사당동,192-6,0192,0006,리츠빌,전세,59.5300,202608,11,"35,000",0,4,2008,사당로2가길 133,202609~202809,신규,-,,,연립다세대
사당,5854,서울특별시 동작구 사당동,77-50,0077,0050,(77-50),월세,35.9700,202608,11,"1,000",55,2,2001,동작대로33길 33,202608~202808,신규,-,,,연립다세대
회기,5864,서울특별시 동대문구 회기동,16-36,0016,0036,(16-36),월세,12.2850,202608,11,"1,000",52,3,2013,회기로19길 23,202608~202808,신규,-,,,연립다세대
흑석,5866,서울특별시 동작구 흑석동,186-72,0186,0072,흑석빌리지,월세,56.5900,202608,11,"3,000",77,4,2017,흑석로13마길 41,202608~202902,신규,-,,,연립다세대
홍대,5873,서울특별시 마포구 서교동,395-182,0395,0182,문리빙,월세,48.5400,202608,11,"6,000",65,3,2002,양화로8길 17-24,202609~202809,갱신,사용,"6,000",65,연립다세대
상도,5880,서울특별시 동작구 상도동,279-470,0279,0470,안다하우스,전세,45.3400,202608,11,"22,000",0,4,2015,성대로16길 33-2,202609~202809,갱신,사용,"22,000",0,연립다세대
상도,5881,서울특별시 동작구 상도동,236-9,0236,0009,강남빌(236-9),월세,51.2800,202608,11,"5,000",100,2,2014,성대로25길 4-8,202608~202808,신규,-,,,연립다세대
상도,5882,서울특별시 동작구 상도동,256-6,0256,0006,휴먼넥스빌(256-6),전세,37.9400,202608,11,"23,500",0,3,2013,성대로6길 27-9,202608~202808,갱신,-,"24,800",0,연립다세대
상도,5883,서울특별시 동작구 상도동,256-6,0256,0006,휴먼넥스빌(256-6),전세,37.9400,202608,11,"23,500",0,3,2013,성대로6길 27-9,202608~202808,갱신,-,"24,800",0,연립다세대
상도,5884,서울특별시 동작구 상도동,299-17,0299,0017,우현캐슬,전세,33.4800,202608,11,"28,000",0,2,2013,국사봉12길 8-1,202608~202808,신규,-,,,연립다세대
상도,5896,서울특별시 동작구 상도동,356-230,0356,0230,원형,월세,69.9800,202608,11,"23,000",50,5,2003,상도로15마길 9,202611~202811,신규,-,,,연립다세대
성수,5898,서울특별시 성동구 성수동1가,685-1,0685,0001,(685-1),전세,28.5000,202608,10,"23,000",0,3,2003,왕십리로11길 9,202610~202810,신규,-,,,연립다세대
성수,5899,서울특별시 성동구 성수동1가,685-260,0685,0260,신성연립,월세,81.2200,202608,10,"20,000",92,2,1978,서울숲4길 8,202609~202808,갱신,-,"20,000",84,연립다세대
성수,5900,서울특별시 성동구 성수동1가,13-101,0013,0101,(13-101),전세,22.1000,202608,10,"16,500",0,5,2012,상원12길 4,202609~202809,신규,-,,,연립다세대
성수,5901,서울특별시 성동구 성수동1가,13-101,0013,0101,(13-101),전세,22.1000,202608,10,"16,500",0,5,2012,상원12길 4,202608~202808,신규,-,,,연립다세대
안암,5920,서울특별시 성북구 안암동5가,12-4,0012,0004,하우재,월세,25.2400,202608,10,"3,000",130,2,2022,개운사길 60-21,202608~202702,신규,-,,,연립다세대
노원,5940,서울특별시 노원구 월계동,292-62,0292,0062,태광빌라,전세,49.0800,202608,10,"20,000",0,2,1989,월계로 338-8,202612~202811,신규,-,,,연립다세대
노원,5963,서울특별시 노원구 공릉동,107-121,0107,0121,묵당,월세,84.7000,202608,10,"1,000",45,2,2009,화랑로51가길 11-20,202608~202802,신규,-,,,연립다세대
노원,5964,서울특별시 노원구 공릉동,609-55,0609,0055,(609-55),월세,21.0900,202608,10,"1,000",62,2,2012,동일로173길 36,202609~202809,신규,-,,,연립다세대
노원,5965,서울특별시 노원구 공릉동,395-4,0395,0004,에덴빌라,월세,27.0900,202608,10,"2,000",60,5,2012,동일로190길 21,202608~202708,신규,-,,,연립다세대
수유,5973,서울특별시 강북구 수유동,468-235,0468,0235,샤이어빌,전세,42.0000,202608,10,"22,680",0,2,2020,인수봉로32길 25,202609~202809,갱신,-,"24,000",0,연립다세대
수유,5974,서울특별시 강북구 수유동,468-235,0468,0235,샤이어빌,전세,42.0000,202608,10,"22,680",0,2,2020,인수봉로32길 25,202609~202809,갱신,-,"24,000",0,연립다세대
수유,5975,서울특별시 강북구 수유동,508-103,0508,0103,오크빌리지,전세,56.7100,202608,10,"22,700",0,2,2016,인수봉로51길 42,202608~202808,갱신,-,"22,700",0,연립다세대
수유,5976,서울특별시 강북구 수유동,472-134,0472,0134,한솔에코빌B동,전세,29.7900,202608,10,"15,000",0,2,2015,인수봉로42길 26,202609~202809,신규,-,,,연립다세대
수유,5977,서울특별시 강북구 수유동,472-197,0472,0197,거유주택,월세,43.7800,202608,10,"3,000",60,2,1995,수유로 17,202609~202809,신규,-,,,연립다세대
수유,5980,서울특별시 강북구 수유동,125-7,0125,0007,해민하이츠빌라(가동),월세,34.7000,202608,10,"9,000",23,4,1994,삼양로92길 29,202610~202810,갱신,사용,"8,800",21,연립다세대
역삼,5981,서울특별시 강남구 역삼동,661-5,0661,0005,학수빌,월세,28.0400,202608,10,"13,900",30,3,2011,봉은사로38길 34,202610~202810,갱신,-,"12,900",30,연립다세대
합정,5990,서울특별시 마포구 합정동,358-26,0358,0026,신화그린빌라1,전세,48.0500,202608,10,"28,000",0,2,1993,토정로5길 23,202609~202809,신규,-,,,연립다세대
노원,5992,서울특별시 노원구 상계동,77-2,0077,0002,제일빌라,월세,49.0700,202608,10,"2,000",28,2,1992,덕릉로122길 9-3,202608~202808,신규,-,,,연립다세대
노원,5993,서울특별시 노원구 상계동,136-6,0136,0006,그린씨티빌,월세,33.5200,202608,10,"16,500",15,4,2009,한글비석로24마길 101,202610~202810,신규,-,,,연립다세대
노원,5994,서울특별시 노원구 상계동,404-8,0404,0008,용진쉐르빌,월세,36.3400,202608,10,"3,000",80,4,2010,한글비석로47길 99,202609~202809,신규,-,,,연립다세대
노원,5995,서울특별시 노원구 상계동,1019-69,1019,0069,호연빌리지,월세,29.9800,202608,10,"3,000",34,5,2010,동일로230나길 19,202610~202810,신규,-,,,연립다세대
노원,5996,서울특별시 노원구 상계동,367-11,0367,0011,카사밀라,월세,14.2300,202608,10,"1,000",52,3,2013,상계로 97-4,202608~202708,신규,-,,,연립다세대
역삼,6004,서울특별시 강남구 역삼동,794-34,0794,0034,(794-34),월세,31.8900,202608,10,"18,700",8,4,2003,도곡로17길 24-3,202608~202808,갱신,사용,"18,700",4,연립다세대
역삼,6016,서울특별시 강남구 역삼동,747-12,0747,0012,현대하이츠(747-12),월세,52.0800,202608,10,"20,000",100,3,1988,역삼로23길 10,202609~202809,신규,-,,,연립다세대
역삼,6017,서울특별시 강남구 역삼동,745-36,0745,0036,역삼빌라A(745-36),월세,34.9500,202608,10,"8,000",50,-1,1988,역삼로19길 33,202608~202808,신규,-,,,연립다세대
역삼,6018,서울특별시 강남구 역삼동,725-68,0725,0068,제이하우스,월세,26.6600,202608,10,"15,000",19,2,2000,역삼로25길 34,202608~202708,신규,-,,,연립다세대
역삼,6030,서울특별시 강남구 역삼동,660-6,0660,0006,금정빌라,전세,59.9300,202608,10,"27,000",0,3,2001,언주로103길 49,202609~202809,신규,-,,,연립다세대
상도,6075,서울특별시 동작구 상도동,214-92,0214,0092,(214-92),월세,70.1100,202608,10,"3,000",100,-1,1996,양녕로20길 52,202608~202808,신규,-,,,연립다세대
상도,6076,서울특별시 동작구 상도동,285-9,0285,0009,성종,전세,68.0400,202608,10,"30,000",0,3,2010,국사봉길 163,202612~202812,신규,-,,,연립다세대
상도,6077,서울특별시 동작구 상도동,17-56,0017,0056,위너스힐,월세,12.6300,202608,10,"2,000",43,2,2011,만양로2길 8,202608~202808,신규,-,,,연립다세대
상도,6078,서울특별시 동작구 상도동,214-350,0214,0350,쉐어하우스,월세,12.9600,202608,10,"8,400",5,3,2012,양녕로26나길 23,202611~202811,갱신,-,"8,400",5,연립다세대
상도,6079,서울특별시 동작구 상도동,378-2,0378,0002,심쿵,월세,31.1400,202608,10,576,21,5,2018,국사봉1길 209,202609~202810,신규,-,,,연립다세대
상도,6080,서울특별시 동작구 상도동,378-2,0378,0002,심쿵,월세,31.1400,202608,10,"1,440",19,5,2018,국사봉1길 209,202609~202810,신규,-,,,연립다세대
상도,6081,서울특별시 동작구 상도동,378-2,0378,0002,심쿵,월세,42.9100,202608,10,"2,025",26,3,2018,국사봉1길 209,202609~202810,신규,-,,,연립다세대
사당,6100,서울특별시 동작구 사당동,178-5,0178,0005,성락힐타운,전세,42.5700,202608,10,"17,000",0,1,1986,사당로27길 245,202610~202810,신규,-,,,연립다세대
사당,6101,서울특별시 동작구 사당동,180-85,0180,0085,선영가동,전세,40.4700,202608,10,"13,000",0,-1,1988,사당로23길 247,202609~202809,신규,-,,,연립다세대
사당,6102,서울특별시 동작구 사당동,437-44,0437,0044,더하우스9차,전세,62.1900,202608,10,"43,000",0,3,2008,남부순환로265길 64,202608~202808,갱신,-,"40,000",0,연립다세대
사당,6103,서울특별시 동작구 사당동,446-38,0446,0038,(446-38),전세,22.1500,202608,10,"15,000",0,2,2012,남부순환로257가길 17,202608~202808,신규,-,,,연립다세대
홍대,6136,서울특별시 마포구 서교동,381-38,0381,0038,(381-38),월세,29.2300,202608,10,"15,000",47,3,2019,월드컵로8길 40-9,202609~202809,신규,-,,,연립다세대
홍대,6176,서울특별시 마포구 서교동,380-8,0380,0008,사이언스밸리,월세,45.9900,202608,10,"27,000",5,4,2012,양화로7안길 26,202608~202808,갱신,-,"27,000",0,연립다세대
홍대,6177,서울특별시 마포구 서교동,451-14,0451,0014,진흥푸르지오(451-14),월세,84.3000,202608,10,"1,000",100,4,2008,월드컵북로5길 54-18,202608~202808,신규,-,,,연립다세대
홍대,6179,서울특별시 마포구 서교동,333-44,0333,0044,WhiteVille,월세,20.6800,202608,10,"2,000",64,2,2002,와우산로29마길 15-6,202608~202808,신규,-,,,연립다세대
홍대,6180,서울특별시 마포구 동교동,200-19,0200,0019,오비브하우스,월세,46.8000,202608,10,"5,500",70,4,2002,동교로25길 14,202608~202808,신규,-,,,연립다세대
신림,6194,서울특별시 관악구 신림동,409-291,0409,0291,동방주택8차1동,월세,36.8300,202608,10,"7,300",15,-1,1990,서원7길 15,202609~202809,갱신,-,"7,300",15,연립다세대
신림,6195,서울특별시 관악구 신림동,598-83,0598,0083,대흥빌라,월세,41.6400,202608,10,"11,400",20,1,1996,법원단지5길 85,202609~202809,신규,-,,,연립다세대
신림,6196,서울특별시 관악구 신림동,409-308,0409,0308,하니빌,월세,44.4300,202608,10,"1,000",60,4,2002,서원4길 6,202608~202808,신규,-,,,연립다세대
신림,6197,서울특별시 관악구 신림동,464-13,0464,0013,우현빌,전세,49.9600,202608,10,"29,000",0,3,2014,관천로11길 33,202608~202805,신규,-,,,연립다세대
건대입구,6205,서울특별시 광진구 화양동,46-16,0046,0016,샤인빌,월세,20.3200,202608,10,"7,000",50,3,2008,아차산로25길 28,202608~202808,신규,-,,,연립다세대
공덕,6215,서울특별시 마포구 공덕동,242-58,0242,0058,신흥연립가동,전세,65.4900,202608,10,"30,450",0,2,1977,만리재옛길 25,202609~202809,갱신,사용,"29,000",0,연립다세대
건대입구,6216,서울특별시 광진구 자양동,16-39,0016,0039,(16-39),전세,21.0300,202608,10,"30,000",0,6,2026,아차산로22길 17-6,202608~202808,신규,-,,,연립다세대
건대입구,6217,서울특별시 광진구 자양동,800-9,0800,0009,그린빌,전세,52.1100,202608,10,"31,500",0,2,2007,자양번영로10길 5-6,202609~202809,신규,-,,,연립다세대
건대입구,6218,서울특별시 광진구 자양동,13-50,0013,0050,(13-50),월세,46.6200,202608,10,"3,000",140,4,2007,아차산로24길 7,202608~202808,신규,-,,,연립다세대
건대입구,6272,서울특별시 광진구 구의동,251-26,0251,0026,광진팰리스,월세,15.1900,202608,10,60,31,9,2019,자양로 144-1,202608~202812,신규,-,,,연립다세대
건대입구,6273,서울특별시 광진구 구의동,242-120,0242,0120,(242-120),월세,17.4400,202608,10,"2,000",48,2,2013,자양로18길 67-9,202608~202808,신규,-,,,연립다세대
왕십리,6274,서울특별시 성동구 행당동,1-55,0001,0055,(1-55),월세,40.2500,202608,10,"1,000",60,3,2003,마조로9길 12-5,202608~202808,신규,-,,,연립다세대
왕십리,6281,서울특별시 성동구 행당동,304-21,0304,0021,행당리치빌,월세,16.1700,202608,10,"2,000",65,4,2015,행당로9길 20-25,202608~202808,신규,-,,,연립다세대
왕십리,6282,서울특별시 성동구 행당동,302-22,0302,0022,아트빌라,전세,29.6100,202608,10,"21,500",0,3,2015,왕십리로21마길 3-16,202609~202809,갱신,사용,"20,500",0,연립다세대
왕십리,6283,서울특별시 성동구 행당동,292-5,0292,0005,리앤리빌행당,전세,28.6900,202608,10,"34,000",0,4,2023,왕십리로21가길 8,202610~202810,신규,-,,,연립다세대
사당,6306,서울특별시 동작구 사당동,220-26,0220,0026,다다미디어(220-26),월세,38.3000,202608,09,"6,000",75,3,2002,사당로9다길 12,202609~202809,신규,-,,,연립다세대
사당,6307,서울특별시 동작구 사당동,62-3,0062,0003,(62-3),월세,50.6600,202608,09,0,50,3,2006,동작대로35가길 87,202608~202808,신규,-,,,연립다세대
사당,6308,서울특별시 동작구 사당동,183-39,0183,0039,가온빌,전세,29.8400,202608,09,"26,250",0,2,2019,사당로2아길 14-9,202608~202808,신규,-,,,연립다세대
사당,6309,서울특별시 동작구 사당동,183-39,0183,0039,가온빌,전세,29.8400,202608,09,"26,250",0,2,2019,사당로2아길 14-9,202608~202808,갱신,-,"25,000",0,연립다세대
홍대,6315,서울특별시 마포구 서교동,342-12,0342,0012,오즈빌딩,월세,37.1700,202608,09,"2,000",110,5,1996,와우산로23길 14,202608~202808,신규,-,,,연립다세대
역삼,6317,서울특별시 강남구 역삼동,796,0796,0000,(796-0),전세,27.0000,202608,09,"13,900",0,3,2001,논현로67길 17,202609~202809,갱신,사용,"13,900",0,연립다세대
수유,6321,서울특별시 강북구 수유동,169-4,0169,0004,행루즈,월세,25.6300,202608,09,"10,500",29,2,2012,도봉로97길 22,202608~202808,신규,-,,,연립다세대
수유,6322,서울특별시 강북구 수유동,335-13,0335,0013,현대베스트빌(가동),월세,41.3000,202608,09,"2,000",60,5,2008,삼양로112길 9-7,202608~202808,신규,-,,,연립다세대
건대입구,6333,서울특별시 광진구 자양동,57-131,0057,0131,팰리스빌자양3,전세,19.5400,202608,09,"18,000",0,2,2021,뚝섬로24길 68,202610~202810,신규,-,,,연립다세대
건대입구,6338,서울특별시 광진구 자양동,57-131,0057,0131,팰리스빌자양3,전세,19.5400,202608,09,"18,000",0,2,2021,뚝섬로24길 68,202610~202810,신규,-,,,연립다세대
상도,6339,서울특별시 동작구 상도동,126-5,0126,0005,백촌타운,월세,68.1500,202608,09,"3,000",70,3,1983,상도로68길 15,202608~202808,갱신,-,"2,000",55,연립다세대
안암,6349,서울특별시 성북구 안암동5가,12-166,0012,0166,(12-166),월세,14.1300,202608,09,"1,000",75,3,2012,고려대로27길 52-9,202608~202708,신규,-,,,연립다세대
신림,6358,서울특별시 관악구 신림동,1421-31,1421,0031,(1421-31),전세,15.1800,202608,09,"10,000",0,9,2015,신림로66길 28,202609~202809,신규,-,,,연립다세대
신림,6359,서울특별시 관악구 신림동,613-13,0613,0013,은연재,월세,15.5600,202608,09,"1,000",50,7,2013,난우2길 9,202608~202708,신규,-,,,연립다세대
신림,6362,서울특별시 관악구 신림동,646-261,0646,0261,신한(646-261),전세,35.7500,202608,09,"10,000",0,1,1992,난곡로26길 95-19,202609~202809,신규,-,,,연립다세대
회기,6392,서울특별시 동대문구 회기동,60-89,0060,0089,(60-89),월세,13.5200,202608,08,"2,000",55,1,2013,경희대로1나길 3,202608~202708,신규,-,,,연립다세대
사당,6402,서울특별시 동작구 사당동,278-116,0278,0116,진영파크빌가동,전세,53.9800,202608,08,"25,000",0,3,2004,사당로16마길 37,202608~202808,갱신,-,"22,000",0,연립다세대
사당,6403,서울특별시 동작구 사당동,427-17,0427,0017,은탁아트빌,월세,52.6500,202608,08,"9,000",64,5,2006,동작대로11가길 19,202610~202810,신규,-,,,연립다세대
사당,6404,서울특별시 동작구 사당동,429-6,0429,0006,에벤에셀,월세,46.6800,202608,08,"25,000",49,4,2013,동작대로11가길 8,202611~202810,신규,-,,,연립다세대
사당,6405,서울특별시 동작구 사당동,217-7,0217,0007,가온누리,월세,11.6200,202608,08,"3,000",50,5,2014,사당로 178,202608~202808,신규,-,,,연립다세대
사당,6406,서울특별시 동작구 사당동,91-158,0091,0158,(91-158),전세,29.6900,202608,08,"34,000",0,2,2022, ,202609~202809,신규,-,,,연립다세대
청량리,6419,서울특별시 동대문구 청량리동,61-188,0061,0188,중앙빌라,월세,52.5200,202608,08,"20,000",15,1,1997,제기로33길 7-8,202609~202809,신규,-,,,연립다세대
수유,6421,서울특별시 강북구 수유동,709-25,0709,0025,명진주택C,전세,50.1500,202608,08,"25,000",0,2,2022,한천로170길 97,202610~202810,신규,-,,,연립다세대
수유,6422,서울특별시 강북구 수유동,270-19,0270,0019,아산피렌체(270-19),월세,28.9800,202608,08,"3,500",110,4,2019,한천로166길 26-4,202608~202808,신규,-,,,연립다세대
수유,6423,서울특별시 강북구 수유동,401-30,0401,0030,시즌빌라,월세,29.6400,202608,08,"1,000",80,4,2013,삼양로88가길 12-2,202610~202810,신규,-,,,연립다세대
노원,6451,서울특별시 노원구 공릉동,506-29,0506,0029,(506-29),월세,12.0700,202608,08,"2,000",37,2,2011,동일로186길 76,202608~202802,신규,-,,,연립다세대
안암,6517,서울특별시 성북구 안암동5가,12-166,0012,0166,(12-166),월세,14.1300,202608,08,"1,000",70,4,2012,고려대로27길 52-9,202608~202708,신규,-,,,연립다세대
안암,6521,서울특별시 성북구 안암동5가,102-67,0102,0067,영산빌딩,월세,16.9200,202608,08,"1,000",60,3,2013,고려대로22길 15,202608~202708,신규,-,,,연립다세대
성수,6524,서울특별시 성동구 성수동2가,299-247,0299,0247,대보빌라(B동),전세,57.7900,202608,08,"25,400",0,3,1994,광나루로4길 7-1,202608~202808,갱신,-,"23,100",0,연립다세대
성수,6533,서울특별시 성동구 성수동2가,269-236,0269,0236,정안맨션6차,전세,54.0000,202608,08,"36,000",0,2,1985,뚝섬로17길 15,202609~202809,신규,-,,,연립다세대
노원,6534,서울특별시 노원구 월계동,400-1,0400,0001,MAIBAUM,월세,12.0900,202608,08,"1,000",40,2,2011,광운로7길 10-7,202608~202708,신규,-,,,연립다세대
노원,6535,서울특별시 노원구 월계동,400-1,0400,0001,MAIBAUM,월세,12.0700,202608,08,"1,000",39,3,2011,광운로7길 10-7,202608~202708,신규,-,,,연립다세대
성수,6537,서울특별시 성동구 성수동2가,216-23,0216,0023,강변빌라트,월세,71.0100,202608,08,"2,000",93,2,2003,둘레길 141,202609~202709,신규,-,,,연립다세대
신림,6558,서울특별시 관악구 신림동,120-13,0120,0013,(120-13),월세,49.2900,202608,08,800,65,-1,1986,서림6길 34-5,202608~202808,신규,-,,,연립다세대
신림,6559,서울특별시 관악구 신림동,1629-96,1629,0096,동산빌라,전세,31.3200,202608,08,"8,600",0,-1,1993,문성로30길 21-4,202610~202810,신규,-,,,연립다세대
신림,6560,서울특별시 관악구 신림동,1457-12,1457,0012,파인빌,월세,26.2100,202608,08,"21,000",8,3,2014,봉천로4길 64-5,202610~202810,신규,-,,,연립다세대
신림,6561,서울특별시 관악구 신림동,626-37,0626,0037,초이스빌(626-37),월세,36.5900,202608,08,"23,000",20,2,2014,난곡로34길 55-3,202609~202909,갱신,-,"23,000",0,연립다세대
신림,6562,서울특별시 관악구 신림동,1664-25,1664,0025,1664-25,월세,14.4200,202608,08,"1,000",63,3,2015,시흥대로160길 26,202608~202708,신규,-,,,연립다세대
신림,6563,서울특별시 관악구 신림동,1432-151,1432,0151,원오피스텔(1432-151),월세,29.3400,202608,08,"13,000",15,6,2002,신림동5길 17,202609~202809,신규,-,,,연립다세대
신림,6564,서울특별시 관악구 신림동,563-20,0563,0020,알펜하우스(563-20),월세,49.9150,202608,08,"10,000",120,6,2017,남부순환로141가길 29,202609~202809,신규,-,,,연립다세대
신림,6565,서울특별시 관악구 신림동,1412-3,1412,0003,자이오피스텔,월세,12.2600,202608,08,"3,000",71,9,2021,남부순환로 1641,202608~202808,신규,-,,,연립다세대
신림,6566,서울특별시 관악구 신림동,1427-15,1427,0015,AugustTower,월세,13.8300,202608,08,"19,000",5,8,2021,봉천로12길 17,202609~202809,신규,-,,,연립다세대
신림,6567,서울특별시 관악구 신림동,537-32,0537,0032,아리아빌딩,월세,18.2300,202608,08,"20,700",13,14,2025,조원로18길 30,202609~202809,신규,-,,,연립다세대
노원,6574,서울특별시 노원구 월계동,911-8,0911,0008,운강빌라,월세,43.0300,202608,08,"1,000",50,3,1992,덕릉로60길 184-5,202608~202808,신규,-,,,연립다세대
건대입구,6576,서울특별시 광진구 구의동,231-60,0231,0060,대명캐슬2차,전세,59.2600,202608,08,"50,000",0,2,2022,구의로11길 28,202609~202809,갱신,사용,"50,000",0,연립다세대
홍대,6580,서울특별시 마포구 서교동,346-27,0346,0027,(346-27),월세,20.1400,202608,08,"1,000",105,2,2002,홍익로2길 35,202608~202808,신규,-,,,연립다세대
건대입구,6585,서울특별시 광진구 구의동,226-2,0226,0002,KS홈타운,월세,46.6600,202608,08,"33,000",10,6,2016,구의로 65,202609~202809,갱신,-,"33,000",0,연립다세대
건대입구,6595,서울특별시 광진구 화양동,121-9,0121,0009,더퍼스트,월세,12.2000,202608,08,"1,000",71,5,2022,능동로19길 49,202608~202808,신규,-,,,연립다세대
건대입구,6596,서울특별시 광진구 화양동,35-68,0035,0068,해오름,월세,14.3000,202608,08,"1,000",31,3,2012,아차산로25길 74-12,202608~202807,신규,-,,,연립다세대
건대입구,6597,서울특별시 광진구 화양동,16-56,0016,0056,始皇,월세,17.1600,202608,08,"5,000",40,3,2011,군자로5길 18-14,202608~202808,신규,-,,,연립다세대
왕십리,6618,서울특별시 성동구 행당동,19-78,0019,0078,우미아이에스빌,월세,84.6700,202608,08,"1,000",60,4,2003,마조로1길 22,202608~202808,신규,-,,,연립다세대
성수,6622,서울특별시 성동구 성수동1가,656-127,0656,0127,(656-127),전세,49.6700,202608,08,"30,000",0,2,2008,성수일로3길 12-2,202609~202809,갱신,사용,"30,000",0,연립다세대
건대입구,6624,서울특별시 광진구 자양동,227-297,0227,0297,브랙핸즈Ⅴ,전세,23.3700,202608,08,"19,800",0,3,2018,자양번영로11길 19-11,202609~202809,신규,-,,,연립다세대
건대입구,6625,서울특별시 광진구 자양동,677-12,0677,0012,첼시하우스,전세,27.7000,202608,08,"21,670",0,2,2018,자양로3길 10,202608~202808,갱신,-,"21,670",0,연립다세대
건대입구,6628,서울특별시 광진구 자양동,589-7,0589,0007,한양팰리스(589-7),전세,27.0800,202608,08,"32,000",0,6,2017,자양번영로3나길 35,202610~202809,신규,-,,,연립다세대
건대입구,6629,서울특별시 광진구 자양동,203-23,0203,0023,뚝섬리버빌2차(B동),월세,40.5000,202608,08,"30,000",27,3,2016,동일로2길 20,202610~202810,갱신,사용,"30,000",20,연립다세대
건대입구,6630,서울특별시 광진구 자양동,218-38,0218,0038,네모하우스(218-38),전세,41.3100,202608,08,"31,000",0,4,2014,아차산로46가길 6,202608~202808,갱신,-,"28,500",0,연립다세대
건대입구,6631,서울특별시 광진구 자양동,605-23,0605,0023,605-23,전세,17.7100,202608,08,"12,000",0,5,2014,뚝섬로50길 21,202609~202809,신규,-,,,연립다세대
건대입구,6636,서울특별시 광진구 자양동,9-2,0009,0002,로데빌,월세,18.8700,202608,08,"1,000",93,2,2012,아차산로30길 20-8,202608~202808,신규,-,,,연립다세대
건대입구,6637,서울특별시 광진구 자양동,632-29,0632,0029,신성쉐르빌,전세,55.4000,202608,08,"37,000",0,2,2007,뚝섬로55길 38,202608~202808,갱신,-,"37,000",0,연립다세대
건대입구,6638,서울특별시 광진구 자양동,6-6,0006,0006,(6-6),월세,19.5000,202608,08,"1,000",55,4,2003,아차산로30길 25-5,202608~202808,신규,-,,,연립다세대
건대입구,6642,서울특별시 광진구 자양동,646-12,0646,0012,마이빌6-BEST,월세,41.7600,202608,08,"3,000",74,3,2003,뚝섬로52라길 62-5,202609~202809,갱신,사용,"3,000",70,연립다세대
역삼,6644,서울특별시 강남구 역삼동,781-18,0781,0018,하우징허브,전세,27.7400,202608,08,"37,485",0,3,2018,논현로68길 30,202608~202808,갱신,-,"37,485",0,연립다세대
역삼,6645,서울특별시 강남구 역삼동,781-18,0781,0018,하우징허브,전세,27.7400,202608,08,"37,300",0,3,2018,논현로68길 30,202608~202808,갱신,-,"37,485",0,연립다세대
역삼,6646,서울특별시 강남구 역삼동,774-10,0774,0010,리치웰,월세,25.4700,202608,08,"27,000",30,2,2017,언주로69길 28,202609~202809,신규,-,,,연립다세대
역삼,6668,서울특별시 강남구 역삼동,784-13,0784,0013,동우빌딩,월세,12.7200,202608,08,"1,000",69,4,2012,도곡로37길 16,202608~202708,갱신,사용,"1,000",66,연립다세대
역삼,6669,서울특별시 강남구 역삼동,657-4,0657,0004,레스빌,전세,24.7200,202608,08,"20,000",0,3,2001,논현로106길 16,202609~202809,갱신,-,"20,000",0,연립다세대
길음,6676,서울특별시 성북구 길음동,1236,1236,0000,리츠팰리스,월세,38.1100,202608,08,"1,000",90,4,2012,삼양로9길 5-18,202609~202809,신규,-,,,연립다세대
신촌,6699,서울특별시 서대문구 창천동,4-114,0004,0114,(4-114),월세,12.0400,202608,08,500,62,2,2011,연세로2다길 37,202608~202708,신규,-,,,연립다세대
합정,6703,서울특별시 마포구 합정동,376-22,0376,0022,한빌리지,월세,32.8000,202608,08,"3,500",80,-1,1997,양화진길 57,202608~202808,신규,-,,,연립다세대
노원,6705,서울특별시 노원구 상계동,349-15,0349,0015,(349-15),월세,16.8200,202608,08,500,45,5,2014,상계로7길 15-23,202608~202708,신규,-,,,연립다세대
노원,6706,서울특별시 노원구 상계동,1087-26,1087,0026,부림빌라A,월세,63.4400,202608,08,"10,000",15,-1,1997,동일로237바길 14,202609~202809,신규,-,,,연립다세대
노원,6707,서울특별시 노원구 상계동,169-412,0169,0412,진석빌라,월세,42.6800,202608,08,"1,000",41,-1,1992,한글비석로23길 8-3,202608~202808,신규,-,,,연립다세대
노원,6708,서울특별시 노원구 상계동,135-103,0135,0103,신한신빌라5동,월세,35.5000,202608,08,"10,000",30,4,1991,한글비석로44가길 25,202609~202809,신규,-,,,연립다세대
합정,6721,서울특별시 마포구 합정동,376-24,0376,0024,두산빌라,전세,30.5200,202608,08,"20,000",0,2,1990,토정로 9,202608~202808,신규,-,,,연립다세대
합정,6722,서울특별시 마포구 합정동,446-1,0446,0001,강변르네상스나동,전세,29.9400,202608,08,"22,000",0,4,2010,희우정로 33-21,202611~202811,신규,-,,,연립다세대
상도,6723,서울특별시 동작구 상도동,22-43,0022,0043,스카이빌,월세,56.7000,202608,08,"30,000",6,3,2002,만양로1길 18,202610~202810,갱신,사용,"30,000",0,연립다세대
상도,6724,서울특별시 동작구 상도동,55-102,0055,0102,(55-102),전세,36.6800,202608,08,"16,100",0,2,1995,상도로47사길 6,202609~202809,신규,-,,,연립다세대
상도,6725,서울특별시 동작구 상도동,55-102,0055,0102,(55-102),전세,36.6800,202608,08,"16,100",0,2,1995,상도로47사길 6,202609~202809,신규,-,,,연립다세대
상도,6726,서울특별시 동작구 상도동,208-37,0208,0037,우리주택,전세,74.5100,202608,08,"34,000",0,4,2003,양녕로27길 18,202609~202809,신규,-,,,연립다세대
상도,6727,서울특별시 동작구 상도동,244-164,0244,0164,신안하이츠빌라,전세,40.2100,202608,08,"21,000",0,2,1994,성대로17길 23,202610~202810,신규,-,,,연립다세대
상도,6728,서울특별시 동작구 상도동,290-57,0290,0057,장승시티빌,월세,80.5200,202608,08,"34,000",5,3,2001,성대로6가길 72,202609~202809,갱신,-,"31,700",0,연립다세대
상도,6729,서울특별시 동작구 상도동,242-92,0242,0092,해피하우스(242-92),월세,14.2300,202608,08,"3,000",48,3,2013,성대로5길 40-2,202608~202808,갱신,사용,"3,000",45,연립다세대
상도,6730,서울특별시 동작구 상도동,214-54,0214,0054,더포레스트2차,전세,43.4900,202608,08,"25,000",0,2,2016,양녕로22다길 17,202611~202811,신규,-,,,연립다세대
상도,6731,서울특별시 동작구 상도동,279-397,0279,0397,강호빌리지,월세,42.9400,202608,08,"24,000",10,4,2017,성대로12가길 72,202609~202809,신규,-,,,연립다세대
상도,6732,서울특별시 동작구 상도동,183-28,0183,0028,그린시티,전세,11.3100,202608,08,"12,140",0,8,2018,상도로26가길 9,202609~202809,신규,-,,,연립다세대
상도,6733,서울특별시 동작구 상도동,201-133,0201,0133,카렌시아A동,전세,34.7400,202608,08,"27,300",0,1,2022,성대로39길 21,202608~202808,갱신,-,"26,000",0,연립다세대
합정,6737,서울특별시 마포구 합정동,437-30,0437,0030,샤인빌,월세,19.2000,202608,08,"2,000",65,5,2011,포은로2가길 22,202608~202808,신규,-,,,연립다세대
수유,6770,서울특별시 강북구 수유동,468-282,0468,0282,삼성그린타운(468-282),월세,35.1000,202608,08,"2,000",70,2,1995,인수봉로37길 10,202610~202810,신규,-,,,연립다세대
건대입구,6779,서울특별시 광진구 구의동,70-5,0070,0005,동서화운트빌(70-5),전세,45.9300,202608,07,"37,000",0,4,2016,천호대로134길 46,202610~202810,신규,-,,,연립다세대
수유,6789,서울특별시 강북구 수유동,708-1,0708,0001,광명빌라(708-1),월세,31.0200,202608,07,"1,000",50,-1,1994,노해로33길 78-12,202608~202808,신규,-,,,연립다세대
수유,6792,서울특별시 강북구 수유동,558-56,0558,0056,진주빌라(C),월세,42.1200,202608,07,"10,400",10,3,1992,인수봉로81길 8,202609~202809,신규,-,,,연립다세대
수유,6793,서울특별시 강북구 수유동,223-18,0223,0018,레전드빌(223-18),전세,55.9400,202608,07,"26,000",0,3,2003,노해로8길 9-3,202610~202810,갱신,-,"24,000",0,연립다세대
상도,6817,서울특별시 동작구 상도동,201-2,0201,0002,상도로얄맨션,월세,33.5100,202608,07,"15,300",12,1,2003,장승배기로5길 9,202609~202809,신규,-,,,연립다세대
상도,6818,서울특별시 동작구 상도동,244-351,0244,0351,인성주택가동,전세,33.0500,202608,07,"13,500",0,1,1986,성대로19길 20-1,202609~202809,신규,-,,,연립다세대
상도,6820,서울특별시 동작구 상도동,258,0258,0000,신양빌라,전세,56.8800,202608,07,"30,000",0,1,1989,성대로11길 17,202609~202809,신규,-,,,연립다세대
상도,6823,서울특별시 동작구 상도동,469-4,0469,0004,(469-4),전세,20.6100,202608,07,"10,500",0,2,2003,상도로50길 9-5,202608~202808,신규,-,,,연립다세대
성수,6828,서울특별시 성동구 성수동1가,35-2,0035,0002,서울숲(35-2),월세,79.3200,202608,07,"3,400",88,3,2007,뚝섬로4길 6,202609~202808,갱신,사용,"3,400",84,연립다세대
상도,6832,서울특별시 동작구 상도동,469-4,0469,0004,(469-4),전세,20.6100,202608,07,"10,500",0,2,2003,상도로50길 9-5,202608~202808,신규,-,,,연립다세대
상도,6835,서울특별시 동작구 상도동,469-4,0469,0004,(469-4),전세,20.6100,202608,07,"10,500",0,2,2003,상도로50길 9-5,202608~202808,신규,-,,,연립다세대
상도,6858,서울특별시 동작구 상도동,277-1,0277,0001,우현파크빌,전세,37.7400,202608,07,"23,601",0,3,2014,성대로12길 28,202608~202808,갱신,사용,"22,601",0,연립다세대
상도,6860,서울특별시 동작구 상도동,210-252,0210,0252,대일빌라(210-252외),월세,41.5700,202608,07,"24,000",30,3,2015,양녕로25나길 14,202609~202809,신규,-,,,연립다세대
역삼,6871,서울특별시 강남구 역삼동,745-24,0745,0024,마이플레이스,전세,27.7800,202608,07,"33,000",0,2,2018,논현로75길 24,202610~202810,신규,-,,,연립다세대
역삼,6875,서울특별시 강남구 역삼동,780-35,0780,0035,쉐누빌,월세,59.7100,202608,07,"55,000",7,3,2018,언주로65길 24,202608~202808,갱신,사용,"54,000",0,연립다세대
노원,6877,서울특별시 노원구 공릉동,208-26,0208,0026,현대가든빌라가동,전세,85.5300,202608,07,"20,000",0,3,1986,공릉로48길 9,202609~202809,신규,-,,,연립다세대
역삼,6879,서울특별시 강남구 역삼동,656-5,0656,0005,역삼백년빌(656-5),월세,27.0400,202608,07,200,90,4,2011,봉은사로34길 29,202608~202611,신규,-,,,연립다세대
역삼,6880,서울특별시 강남구 역삼동,729-29,0729,0029,(729-29),월세,34.3200,202608,07,140,140,3,2002,언주로75길 28-1,202608~202611,신규,-,,,연립다세대
상도,6892,서울특별시 동작구 상도동,54-26,0054,0026,브이업빌딩,월세,14.0300,202608,07,"1,000",67,4,2017,상도로47바길 48,202608~202708,신규,-,,,연립다세대
노원,6920,서울특별시 노원구 월계동,376-78,0376,0078,임오하이츠빌라A동,월세,43.2600,202608,07,"3,000",80,3,1993,광운로19가길 11-2,202608~202808,신규,-,,,연립다세대
신촌,6926,서울특별시 서대문구 창천동,383,0383,0000,(383-0),월세,23.5900,202608,07,"1,000",61,2,2002,연희로2길 45,202608~202708,신규,-,,,연립다세대
역삼,6977,서울특별시 강남구 역삼동,662-3,0662,0003,역삼빌라트(662-3),월세,29.8900,202608,07,120,120,4,2002,테헤란로39길 64,202608~202611,신규,-,,,연립다세대
안암,6981,서울특별시 성북구 안암동5가,15-55,0015,0055,큰소나무,월세,12.7200,202608,07,"2,000",70,5,2012,고려대로27길 27,202608~202708,신규,-,,,연립다세대
건대입구,6995,서울특별시 광진구 자양동,632-32,0632,0032,자양바로지음,전세,20.9000,202608,07,"28,000",0,4,2026,뚝섬로57길 47,202609~202809,신규,-,,,연립다세대
건대입구,7017,서울특별시 광진구 자양동,632-32,0632,0032,자양바로지음,전세,24.9900,202608,07,"30,000",0,3,2026,뚝섬로57길 47,202609~202809,신규,-,,,연립다세대
건대입구,7018,서울특별시 광진구 자양동,227-112,0227,0112,동화홈타운(227-112),전세,43.1600,202608,07,"44,000",0,7,2018,자양번영로11길 12,202609~202809,신규,-,,,연립다세대
건대입구,7024,서울특별시 광진구 자양동,229-1,0229,0001,이수섬,전세,40.3700,202608,07,"33,000",0,4,2016,아차산로44길 41,202610~202810,신규,-,,,연립다세대
건대입구,7026,서울특별시 광진구 자양동,775-7,0775,0007,낙원빌리지,전세,56.4800,202608,07,"25,000",0,5,2010,자양로19길 47,202608~202808,신규,-,,,연립다세대
성수,7030,서울특별시 성동구 성수동2가,289-162,0289,0162,대명아트빌,전세,27.3100,202608,07,"25,780",0,2,2020,광나루로 248-26,202609~202809,갱신,사용,"24,780",0,연립다세대
성수,7031,서울특별시 성동구 성수동2가,321-45,0321,0045,(321-45),월세,15.1800,202608,07,"12,000",4,4,2012,성수이로7가길 19-10,202609~202809,신규,-,,,연립다세대
성수,7035,서울특별시 성동구 성수동1가,656-572,0656,0572,성수리치빌A동,월세,16.9000,202608,07,"4,000",55,4,2016,뚝섬로1가길 29,202608~202808,신규,-,,,연립다세대
사당,7038,서울특별시 동작구 사당동,1047-9,1047,0009,봄빛하우스,월세,29.3200,202608,07,"13,000",6,3,2013,남부순환로265나길 3-1,202609~202809,신규,-,,,연립다세대
사당,7040,서울특별시 동작구 사당동,1047-9,1047,0009,봄빛하우스,월세,29.3200,202608,07,"13,000",6,3,2013,남부순환로265나길 3-1,202609~202809,신규,-,,,연립다세대
사당,7041,서울특별시 동작구 사당동,1039-18,1039,0018,신영움트빌,월세,42.9200,202608,07,"2,000",84,2,2002,남부순환로269가길 12,202609~202809,신규,-,,,연립다세대
성수,7043,서울특별시 성동구 성수동1가,656-399,0656,0399,프라임27A,전세,29.9200,202608,07,"23,000",0,5,2015,왕십리로10길 11,202608~202808,신규,-,,,연립다세대
사당,7053,서울특별시 동작구 사당동,1038-37,1038,0037,경운빌라,월세,71.1300,202608,07,"14,000",99,2,1986,동작대로7길 64,202608~202808,갱신,-,"14,000",95,연립다세대
신림,7058,서울특별시 관악구 신림동,102-24,0102,0024,(102-24),전세,57.5500,202608,07,"18,000",0,1,2002,복은8길 28,202609~202809,신규,-,,,연립다세대
신림,7059,서울특별시 관악구 신림동,598-44,0598,0044,운서빌라트4,월세,60.1400,202608,07,"18,000",20,2,2001,법원단지5다길 31,202610~202810,갱신,사용,"18,000",0,연립다세대
신림,7060,서울특별시 관악구 신림동,610-292,0610,0292,청림주택,월세,73.9900,202608,07,"22,000",20,4,1997,법원단지길 158-8,202610~202810,신규,-,,,연립다세대
신림,7061,서울특별시 관악구 신림동,704-44,0704,0044,동현아트빌(704-44),전세,24.6100,202608,07,"12,000",0,5,2012,난곡로 179-6,202608~202808,갱신,-,"12,000",0,연립다세대
신림,7062,서울특별시 관악구 신림동,244-23,0244,0023,성산원룸,월세,12.9200,202608,07,300,48,3,2012,대학7길 47-8,202608~202702,신규,-,,,연립다세대
신림,7063,서울특별시 관악구 신림동,532-20,0532,0020,상록하우스,월세,39.4000,202608,07,"3,000",120,4,2013,조원로18길 11,202608~202808,신규,-,,,연립다세대
신림,7064,서울특별시 관악구 신림동,103-207,0103,0207,좋은집,월세,12.4000,202608,07,"1,000",40,4,2014,신림로 70,202608~202708,신규,-,,,연립다세대
신림,7065,서울특별시 관악구 신림동,489-17,0489,0017,이도파크빌,월세,45.2100,202608,07,"3,348",35,4,2023,남부순환로159길 35,202609~202808,갱신,-,"3,348",35,연립다세대
합정,7080,서울특별시 마포구 합정동,74-25,0074,0025,강변타운(74-25),전세,35.3100,202608,07,"23,900",0,2,1989,토정로4길 51,202609~202809,갱신,-,"23,900",0,연립다세대
역삼,7087,서울특별시 강남구 역삼동,780-11,0780,0011,집앤사파시앙스,전세,25.1900,202608,07,"40,000",0,5,2026,언주로67길 21,202608~202808,신규,-,,,연립다세대
역삼,7088,서울특별시 강남구 역삼동,782,0782,0000,두산위브파빌리온역삼,월세,56.0910,202608,07,"5,000",460,6,2025,도곡로25길 18,202608~202808,신규,-,,,연립다세대
역삼,7089,서울특별시 강남구 역삼동,664-1,0664,0001,더힐스,전세,27.4500,202608,07,"45,000",0,5,2021,언주로99길 29,202609~202808,신규,-,,,연립다세대
합정,7094,서울특별시 마포구 합정동,434-15,0434,0015,원스빌,전세,17.0500,202608,07,"13,000",0,2,2011,월드컵로7길 87-4,202609~202808,신규,-,,,연립다세대
합정,7095,서울특별시 마포구 합정동,453-1,0453,0001,태원빌라,월세,60.0200,202608,07,"20,000",12,4,2010,동교로8길 26,202610~202810,신규,-,,,연립다세대
합정,7096,서울특별시 마포구 합정동,430-3,0430,0003,두레주택,월세,56.4200,202608,07,"30,000",10,4,2001,월드컵로7안길 19,202609~202809,신규,-,,,연립다세대
합정,7097,서울특별시 마포구 합정동,361-9,0361,0009,삼호빌라,전세,33.1100,202608,07,"20,000",0,1,1988,독막로4길 35,202608~202707,갱신,-,"20,000",0,연립다세대
성수,7101,서울특별시 성동구 성수동1가,656-399,0656,0399,프라임27A,전세,29.9200,202608,07,"23,000",0,5,2015,왕십리로10길 11,202608~202808,신규,-,,,연립다세대
건대입구,7114,서울특별시 광진구 구의동,210-92,0210,0092,아이빌B,전세,43.7000,202608,07,"30,000",0,2,2017,아차산로59길 26-3,202609~202809,신규,-,,,연립다세대
노원,7132,서울특별시 노원구 월계동,392-45,0392,0045,에이플러스빌,전세,21.4500,202608,06,"7,000",0,3,2016,광운로13길 23,202608~202802,신규,-,,,연립다세대
노원,7133,서울특별시 노원구 월계동,392-45,0392,0045,에이플러스빌,전세,21.4500,202608,06,"7,000",0,3,2016,광운로13길 23,202608~202802,신규,-,,,연립다세대
노원,7136,서울특별시 노원구 월계동,390-10,0390,0010,시원하림스위트,월세,29.9300,202608,06,"16,000",10,3,2018,광운로17길 13,202608~202808,신규,-,,,연립다세대
노원,7141,서울특별시 노원구 공릉동,503-9,0503,0009,(503-9),월세,13.3200,202608,06,300,33,4,2013,동일로186길 53-8,202608~202708,신규,-,,,연립다세대
노원,7142,서울특별시 노원구 공릉동,513-22,0513,0022,힐링하우스,월세,13.8300,202608,06,"1,000",40,5,2013,동일로186길 26,202608~202708,신규,-,,,연립다세대
노원,7143,서울특별시 노원구 공릉동,375-8,0375,0008,(375-8),월세,16.7700,202608,06,547,24,3,2021,동일로192가길 35,202608~202808,갱신,-,531,23,연립다세대
노원,7144,서울특별시 노원구 공릉동,270-66,0270,0066,스위트휴,월세,29.7600,202608,06,100,23,5,2024,노원로1길 86,202608~202810,신규,-,,,연립다세대
노원,7155,서울특별시 노원구 상계동,158-1,0158,0001,유성빌라E동,월세,36.1000,202608,06,"12,000",20,1,1991,한글비석로24가길 50,202610~202810,신규,-,,,연립다세대
노원,7156,서울특별시 노원구 상계동,1118-16,1118,0016,수락래미안,월세,14.9600,202608,06,"3,000",35,4,2011,동일로239가길 6,202608~202808,신규,-,,,연립다세대
노원,7157,서울특별시 노원구 상계동,71-42,0071,0042,한진빌라,월세,43.0800,202608,06,"17,000",10,1,1996,덕릉로130길 13,202609~202809,신규,-,,,연립다세대
상도,7180,서울특별시 동작구 상도동,2-10,0002,0010,거봉빌라,전세,93.8200,202608,06,"37,800",0,2,1998,만양로2길 58,202610~202810,갱신,사용,"36,000",0,연립다세대
상도,7181,서울특별시 동작구 상도동,28-3,0028,0003,그린하트빌,월세,57.0000,202608,06,"25,000",20,2,2003,상도로34가길 25,202610~202810,신규,-,,,연립다세대
상도,7182,서울특별시 동작구 상도동,56-52,0056,0052,은혜빌라(56-52),월세,48.7100,202608,06,"15,000",40,1,1993,상도로47길 56-4,202609~202809,신규,-,,,연립다세대
상도,7183,서울특별시 동작구 상도동,264-205,0264,0205,성림하이츠,월세,30.3300,202608,06,"10,000",30,1,1991,성대로 92,202609~202809,갱신,-,"2,000",60,연립다세대
상도,7184,서울특별시 동작구 상도동,264-205,0264,0205,성림하이츠,월세,30.3300,202608,06,"10,000",30,1,1991,성대로 92,202609~202809,갱신,-,"2,000",60,연립다세대
상도,7185,서울특별시 동작구 상도동,264-205,0264,0205,성림하이츠,월세,30.3300,202608,06,"10,000",30,1,1991,성대로 92,202609~202809,갱신,-,"2,000",60,연립다세대
상도,7186,서울특별시 동작구 상도동,203-29,0203,0029,노블레스,월세,33.2200,202608,06,"11,300",65,4,2018,양녕로29길 22,202608~202708,갱신,-,"11,300",65,연립다세대
상도,7187,서울특별시 동작구 상도동,203-29,0203,0029,노블레스,월세,33.2200,202608,06,"11,300",65,4,2018,양녕로29길 22,202608~202708,갱신,-,"11,300",65,연립다세대
역삼,7188,서울특별시 강남구 역삼동,704-43,0704,0043,RAUM,월세,19.4400,202608,06,"12,600",15,3,2012,테헤란로47길 19,202609~202809,신규,-,,,연립다세대
역삼,7189,서울특별시 강남구 역삼동,697-21,0697,0021,서전빌,월세,31.0300,202608,06,"3,000",100,2,2004,선릉로103길 21-20,202608~202808,신규,-,,,연립다세대
사당,7198,서울특별시 동작구 사당동,300-104,0300,0104,새문빌라트(300-104),전세,53.5900,202608,06,"18,900",0,5,2003,사당로16사길 52,202608~202808,갱신,사용,"18,000",0,연립다세대
사당,7199,서울특별시 동작구 사당동,180-19,0180,0019,선영나동,전세,41.3900,202608,06,"10,000",0,-1,1988,사당로23길 247-3,202608~202808,갱신,-,"7,000",30,연립다세대
사당,7200,서울특별시 동작구 사당동,1048-12,1048,0012,대도하이츠빌라(1048-12),전세,57.0300,202608,06,"24,000",0,1,1993,남부순환로257가길 10,202608~202610,갱신,-,"24,000",0,연립다세대
사당,7201,서울특별시 동작구 사당동,1048-12,1048,0012,대도하이츠빌라(1048-12),전세,57.0300,202608,06,"24,000",0,1,1993,남부순환로257가길 10,202608~202610,갱신,-,"24,000",0,연립다세대
사당,7202,서울특별시 동작구 사당동,1048-12,1048,0012,대도하이츠빌라(1048-12),전세,57.0300,202608,06,"26,800",0,1,1993,남부순환로257가길 10,202610~202810,신규,-,,,연립다세대
사당,7203,서울특별시 동작구 사당동,241-35,0241,0035,마인하우스,월세,59.4500,202608,06,"40,000",20,2,2018,사당로10가길 4,202609~202809,갱신,-,"42,000",0,연립다세대
신림,7234,서울특별시 관악구 신림동,10-436,0010,0436,동산빌라(10-436),월세,36.4500,202608,06,"13,000",55,3,1993,남부순환로194길 31-3,202609~202809,신규,-,,,연립다세대
신림,7235,서울특별시 관악구 신림동,90-152,0090,0152,한양아트빌리지,월세,37.5400,202608,06,"12,400",15,2,1993,신림로50길 17-17,202608~202808,신규,-,,,연립다세대
신림,7236,서울특별시 관악구 신림동,409-207,0409,0207,신림파크빌라가동,월세,30.4200,202608,06,"9,360",2,2,1992,서원6길 15,202609~202809,신규,-,,,연립다세대
신림,7237,서울특별시 관악구 신림동,610-143,0610,0143,신안빌라(610-143),월세,41.3500,202608,06,"15,000",20,3,1993,법원단지9길 48,202609~202809,신규,-,,,연립다세대
신림,7238,서울특별시 관악구 신림동,610-242,0610,0242,장미빌라(610-242),월세,35.8200,202608,06,"10,800",20,4,1993,법원단지10길 56,202609~202809,신규,-,,,연립다세대
신림,7239,서울특별시 관악구 신림동,611-92,0611,0092,우석빌라13차,월세,35.5800,202608,06,"12,000",20,4,1995,법원단지길 77,202609~202809,신규,-,,,연립다세대
신림,7240,서울특별시 관악구 신림동,667-13,0667,0013,현대빌라트,월세,65.8800,202608,06,"14,500",35,2,2000,난곡로 90-17,202610~202810,신규,-,,,연립다세대
신림,7241,서울특별시 관악구 신림동,619-51,0619,0051,소노펠리체I,전세,29.9200,202608,06,"17,600",0,4,2012,난곡로34가길 7,202609~202809,신규,-,,,연립다세대
신림,7242,서울특별시 관악구 신림동,1461-7,1461,0007,가윤,월세,14.0100,202608,06,"1,000",46,8,2017,관천로12길 28-6,202609~202709,신규,-,,,연립다세대
신림,7243,서울특별시 관악구 신림동,654-9,0654,0009,펠리체빌리지,전세,33.7500,202608,06,"21,500",0,6,2018,난곡로24길 64,202608~202808,갱신,-,"20,000",0,연립다세대
건대입구,7247,서울특별시 광진구 화양동,1-1,0001,0001,퍼스트하우스,월세,15.0000,202608,06,"3,000",55,2,2014,능동로15길 19,202608~202808,신규,-,,,연립다세대
건대입구,7248,서울특별시 광진구 화양동,46-46,0046,0046,(46-46),월세,16.7200,202608,06,500,63,2,2010,아차산로27길 5,202609~202809,신규,-,,,연립다세대
건대입구,7249,서울특별시 광진구 화양동,132-31,0132,0031,(132-31),전세,78.6600,202608,06,"14,000",0,1,1996,능동로17길 53,202609~202809,신규,-,,,연립다세대
공덕,7251,서울특별시 마포구 공덕동,17-67,0017,0067,헤이븐오피스텔,월세,16.5570,202608,06,"1,000",66,17,2020,만리재로 99,202609~202709,신규,-,,,연립다세대
건대입구,7252,서울특별시 광진구 자양동,621-56,0621,0056,송림하우스,전세,29.9700,202608,06,"25,200",0,2,2017,자양로13나길 32-8,202609~202809,신규,-,,,연립다세대
건대입구,7253,서울특별시 광진구 자양동,621-56,0621,0056,송림하우스,전세,29.9700,202608,06,"25,200",0,2,2017,자양로13나길 32-8,202609~202809,신규,-,,,연립다세대
건대입구,7254,서울특별시 광진구 자양동,57-140,0057,0140,57-140,월세,14.7200,202608,06,"1,000",60,5,2017,뚝섬로24길 71,202610~202810,신규,-,,,연립다세대
건대입구,7259,서울특별시 광진구 자양동,653-16,0653,0016,준빌리지,월세,29.9800,202608,06,"25,000",25,4,2016,뚝섬로 649-5,202609~202809,갱신,사용,"25,000",20,연립다세대
건대입구,7260,서울특별시 광진구 자양동,687-3,0687,0003,동일빌,월세,26.8900,202608,06,"13,000",22,2,2016,자양로4길 44,202609~202809,갱신,사용,"13,000",19,연립다세대
건대입구,7261,서울특별시 광진구 자양동,663-28,0663,0028,자양동빌라,월세,79.8000,202608,06,"32,370",6,2,2004,자양로5길 51-5,202608~202808,갱신,-,"32,370",0,연립다세대
건대입구,7262,서울특별시 광진구 자양동,640-5,0640,0005,(640-5),월세,106.5900,202608,06,"1,000",40,3,2002,뚝섬로52마길 7,202609~202809,신규,-,,,연립다세대
건대입구,7279,서울특별시 광진구 구의동,70-16,0070,0016,광명하우스,전세,28.4500,202608,06,"21,000",0,2,2019,천호대로134길 52,202609~202809,갱신,사용,"20,000",0,연립다세대
건대입구,7280,서울특별시 광진구 구의동,587-84,0587,0084,동서울ART빌라,전세,83.6400,202608,06,"45,000",0,2,1992,구의강변로 59,202608~202808,신규,-,,,연립다세대
건대입구,7281,서울특별시 광진구 구의동,70-23,0070,0023,(70-23),전세,42.6500,202608,06,"15,400",0,2,2002,천호대로134길 38,202610~202810,신규,-,,,연립다세대
건대입구,7282,서울특별시 광진구 구의동,47-20,0047,0020,(47-20),월세,24.9400,202608,06,"2,000",44,2,2002,자양로46길 7,202610~202810,신규,-,,,연립다세대
합정,7287,서울특별시 마포구 합정동,436-19,0436,0019,젤라빌리지,전세,49.6800,202608,06,"30,000",0,3,1992,포은로2가길 13,202609~202809,신규,-,,,연립다세대
합정,7288,서울특별시 마포구 합정동,434-21,0434,0021,영성주택,전세,60.0000,202608,06,"18,900",0,-1,1997,포은로2길 17,202609~202809,신규,-,,,연립다세대
합정,7289,서울특별시 마포구 합정동,393-16,0393,0016,현대빌라,전세,58.7200,202608,06,"27,500",0,4,1995,월드컵로3길 65-3,202610~202810,갱신,-,"23,500",0,연립다세대
합정,7295,서울특별시 마포구 합정동,358-1,0358,0001,신화그린빌라2,월세,54.4300,202608,06,"6,000",100,1,1993,어울마당로1길 15,202610~202810,신규,-,,,연립다세대
성수,7312,서울특별시 성동구 성수동2가,289-162,0289,0162,대명아트빌,월세,28.6600,202608,06,"23,110",5,3,2020,광나루로 248-26,202609~202809,갱신,사용,"23,110",0,연립다세대
성수,7322,서울특별시 성동구 성수동1가,13-266,0013,0266,서울숲무지개,월세,18.0300,202608,06,"25,000",25,7,2023,상원6나길 30,202610~202810,신규,-,,,연립다세대
성수,7323,서울특별시 성동구 성수동1가,656-1805,0656,1805,영동주택3동,전세,36.5400,202608,06,"21,878",0,2,1990,왕십리로4가길 12,202609~202809,갱신,사용,"20,837",0,연립다세대
왕십리,7338,서울특별시 성동구 도선동,314,0314,0000,로젠빌,월세,14.1700,202608,06,"13,900",8,2,2012,왕십리로28가길 15,202609~202809,갱신,사용,"13,900",5,연립다세대
홍대,7419,서울특별시 마포구 상수동,322-7,0322,0007,(322-7),전세,19.9600,202608,06,"16,000",0,3,2008,와우산로7길 26,202609~202809,신규,-,,,연립다세대
신촌,7421,서울특별시 서대문구 창천동,4-121,0004,0121,(4-121),월세,11.4800,202608,06,300,45,3,1983,연세로2라길 13,202609~202709,신규,-,,,연립다세대
신촌,7422,서울특별시 서대문구 창천동,418,0418,0000,오즈빌,월세,13.8500,202608,06,500,65,3,2011,연희로2안길 7-25,202610~202710,신규,-,,,연립다세대
수유,7425,서울특별시 강북구 수유동,472-358,0472,0358,아가페하우스,월세,18.0800,202608,06,500,55,4,2017,삼양로81길 70,202608~202808,신규,-,,,연립다세대
수유,7426,서울특별시 강북구 수유동,433-9,0433,0009,한아름그린빌라,월세,51.8200,202608,06,"13,000",20,2,1996,인수봉로 197-30,202610~202810,갱신,-,"12,000",0,연립다세대
노원,7470,서울특별시 노원구 상계동,1017-1,1017,0001,양지쉐르빌,전세,59.7300,202608,05,"28,759",0,4,2020,동일로230나길 37,202608~202812,신규,-,,,연립다세대
수유,7473,서울특별시 강북구 수유동,130-29,0130,0029,설악빌라트12차,월세,49.4000,202608,05,"13,000",23,3,2003,수유로17나길 4-8,202608~202808,갱신,사용,"13,000",20,연립다세대
상도,7475,서울특별시 동작구 상도동,56-71,0056,0071,무지개빌라,전세,41.2700,202608,05,"8,400",0,-1,1992,상도로47나길 29,202609~202809,신규,-,,,연립다세대
수유,7476,서울특별시 강북구 수유동,435-24,0435,0024,은진하이빌(435-24),월세,63.6250,202608,05,"2,000",80,2,2008,인수봉로55길 10-9,202609~202809,신규,-,,,연립다세대
수유,7477,서울특별시 강북구 수유동,252-161,0252,0161,청호캐스빌,월세,39.7300,202608,05,"1,000",135,2,2012,노해로27길 53,202608~202808,신규,-,,,연립다세대
역삼,7480,서울특별시 강남구 역삼동,781-16,0781,0016,스타빌,월세,29.4000,202608,05,"1,000",95,4,2002,논현로68길 28,202608~202808,신규,-,,,연립다세대
노원,7481,서울특별시 노원구 상계동,1053,1053,0000,시온빌라트,전세,55.1900,202608,05,"25,953",0,2,2021,동일로237라길 19,202608~202812,신규,-,,,연립다세대
건대입구,7482,서울특별시 광진구 구의동,234-10,0234,0010,노블2,월세,45.4500,202608,05,"23,750",28,5,2015,자양로32길 15,202610~202810,갱신,-,"23,750",23,연립다세대
건대입구,7483,서울특별시 광진구 구의동,234-10,0234,0010,노블2,월세,45.4500,202608,05,"23,750",28,5,2015,자양로32길 15,202610~202810,갱신,사용,"23,750",23,연립다세대
노원,7492,서울특별시 노원구 상계동,1053,1053,0000,시온빌라트,전세,55.1900,202608,05,"25,953",0,2,2021,동일로237라길 19,202608~202812,신규,-,,,연립다세대
건대입구,7496,서울특별시 광진구 구의동,234-10,0234,0010,노블2,월세,45.4500,202608,05,"23,750",28,5,2015,자양로32길 15,202610~202810,갱신,사용,"23,750",23,연립다세대
건대입구,7497,서울특별시 광진구 구의동,642-3,0642,0003,구의동에코하임,월세,28.0700,202608,05,"3,000",105,4,2023,광나루로30다길 7,202608~202808,신규,-,,,연립다세대
역삼,7510,서울특별시 강남구 역삼동,781-24,0781,0024,(781-24),월세,29.2800,202608,05,"1,000",65,3,2003,도곡로33길 23,202608~202808,갱신,-,"1,000",62,연립다세대
상도,7513,서울특별시 동작구 상도동,283-187,0283,0187,청화빌라가동,월세,40.3000,202608,05,"14,800",10,1,1989,성대로6가길 155,202609~202809,신규,-,,,연립다세대
신림,7515,서울특별시 관악구 신림동,1531,1531,0000,유인빌딩,전세,25.9750,202608,05,"19,400",0,3,2019,호암로 592,202609~202809,신규,-,,,연립다세대
신림,7516,서울특별시 관악구 신림동,768-2,0768,0002,쌍용프라임(768-24),월세,35.0600,202608,05,500,20,2,2014,남부순환로142길 60,202608~202808,신규,-,,,연립다세대
신림,7517,서울특별시 관악구 신림동,464-3,0464,0003,목원,월세,16.2400,202608,05,"1,000",57,3,2013,남부순환로167길 5,202608~202808,신규,-,,,연립다세대
신림,7518,서울특별시 관악구 신림동,10-584,0010,0584,(10-584),월세,109.6600,202608,05,"2,000",58,1,2006,남부순환로194길 10,202609~202808,신규,-,,,연립다세대
신림,7519,서울특별시 관악구 신림동,1556-35,1556,0035,(1556-35),월세,43.8300,202608,05,"13,000",30,3,1993,호암로22가길 21,202609~202809,신규,-,,,연립다세대
상도,7526,서울특별시 동작구 상도동,290-56,0290,0056,현대빌라(290-56),전세,33.4500,202608,05,"13,000",0,2,1991,성대로6가길 71-1,202609~202808,신규,-,,,연립다세대
홍대,7537,서울특별시 마포구 동교동,147-40,0147,0040,(147-40),월세,45.8900,202608,05,"20,000",70,3,2001,양화로23길 4-7,202608~202808,신규,-,,,연립다세대
홍대,7539,서울특별시 마포구 동교동,147-40,0147,0040,(147-40),월세,45.8900,202608,05,"20,000",70,3,2001,양화로23길 4-7,202609~202809,신규,-,,,연립다세대
노원,7540,서울특별시 노원구 중계동,75-20,0075,0020,궁전빌라,전세,45.9300,202608,05,"11,990",0,4,1997,중계로14마길 5,202609~202809,신규,-,,,연립다세대
상도,7541,서울특별시 동작구 상도동,7-24,0007,0024,미성렉스빌,전세,73.8400,202608,05,"45,000",0,3,2008,매봉로2길 6,202609~202809,신규,-,,,연립다세대
역삼,7542,서울특별시 강남구 역삼동,778-13,0778,0013,더프라나역삼,전세,29.9700,202608,05,"37,900",0,2,2021,언주로69길 23-8,202608~202808,갱신,-,"37,900",0,연립다세대
역삼,7543,서울특별시 강남구 역삼동,794-23,0794,0023,마이플레이스(794-23),월세,43.0600,202608,05,"47,000",20,6,2019,도곡로17길 16,202608~202808,신규,-,,,연립다세대
합정,7546,서울특별시 마포구 합정동,453-15,0453,0015,한강에듀포레B동,월세,27.8000,202608,05,"7,000",137,3,2021,동교로8길 34,202609~202809,갱신,-,"7,000",130,연립다세대
역삼,7547,서울특별시 강남구 역삼동,698-26,0698,0026,더원스타빌,월세,29.6600,202608,05,"1,000",141,3,2017,테헤란로51길 47,202609~202709,신규,-,,,연립다세대
합정,7549,서울특별시 마포구 합정동,453-15,0453,0015,한강에듀포레B동,월세,27.8000,202608,05,"7,000",137,3,2021,동교로8길 34,202609~202809,갱신,-,"7,000",130,연립다세대
성수,7557,서울특별시 성동구 성수동2가,333-25,0333,0025,오렌지빌,전세,69.6600,202608,05,"23,000",0,3,2002,성덕정11길 7-1,202611~202811,갱신,-,"23,000",0,연립다세대
성수,7565,서울특별시 성동구 성수동2가,321-52,0321,0052,(321-52),월세,26.3400,202608,05,"7,500",59,2,2012,성수일로4가길 9-4,-,-,-,,,연립다세대
신촌,7570,서울특별시 서대문구 대현동,90-42,0090,0042,이대다올노블리움2차(에이동),월세,22.1000,202608,05,"1,000",110,7,2018,이화여대1길 30,202608~202708,신규,-,,,연립다세대
합정,7571,서울특별시 마포구 합정동,198-6,0198,0006,더하우스5차,월세,30.0600,202608,05,"19,000",20,2,2007,토정로 26-4,202609~202809,신규,-,,,연립다세대
합정,7575,서울특별시 마포구 합정동,458-2,0458,0002,청송빌라,전세,33.9900,202608,05,"19,000",0,1,1986,동교로8길 50,202609~202809,신규,-,,,연립다세대
신촌,7577,서울특별시 서대문구 창천동,100-127,0100,0127,(100-127),월세,14.7900,202608,05,"1,000",72,2,2018,신촌로7길 50-3,202608~202702,신규,-,,,연립다세대
신촌,7578,서울특별시 서대문구 창천동,90-55,0090,0055,(90-55),월세,12.8700,202608,05,"2,500",38,4,2011,신촌로7안길 83,202608~202708,신규,-,,,연립다세대
왕십리,7588,서울특별시 성동구 행당동,299-9,0299,0009,화원빌라트,전세,48.8400,202608,05,"24,255",0,3,1997,왕십리로21길 32-1,202609~202808,갱신,사용,"23,100",0,연립다세대
성수,7594,서울특별시 성동구 성수동1가,656-329,0656,0329,자양빌라,전세,67.3500,202608,05,"35,000",0,1,1987,왕십리로6길 34,202609~202809,신규,-,,,연립다세대
역삼,7595,서울특별시 강남구 역삼동,690-36,0690,0036,HAUSTEMC,월세,15.6900,202608,05,"2,000",42,4,2010,언주로100길 17,202608~202708,갱신,-,"2,000",39,연립다세대
역삼,7597,서울특별시 강남구 역삼동,723-22,0723,0022,초이스빌라(723-22),월세,35.6400,202608,05,"5,000",65,4,2002,테헤란로34길 33-5,202608~202808,신규,-,,,연립다세대
노원,7613,서울특별시 노원구 월계동,855-2,0855,0002,한성빌라,월세,32.8200,202608,05,"10,000",10,2,1988,덕릉로60길 298,202608~202808,신규,-,,,연립다세대
안암,7644,서울특별시 성북구 안암동5가,103-25,0103,0025,대륜빌딩,월세,14.0000,202608,05,"1,000",71,5,2019,고려대로26길 14,202608~202708,갱신,-,"1,000",68,연립다세대
안암,7645,서울특별시 성북구 안암동4가,15-5,0015,0005,MAIBAUM안암,월세,12.6800,202608,05,"2,500",29,2,2011,안암로5길 54-4,202608~202808,신규,-,,,연립다세대
안암,7647,서울특별시 성북구 안암동2가,68,0068,0000,화이트빌,월세,24.5700,202608,05,"5,000",85,3,2014, ,202608~202808,갱신,-,"5,000",81,연립다세대
합정,7662,서울특별시 마포구 합정동,360-22,0360,0022,동삼주택(360-22),전세,37.5900,202608,05,"15,000",0,-1,1988,독막로8길 34,202609~202809,신규,-,,,연립다세대
안암,7664,서울특별시 성북구 안암동1가,87-1,0087,0001,성종그린빌,월세,41.5000,202608,05,"10,000",60,2,2001,고려대로7길 56-10,202609~202808,신규,-,,,연립다세대
합정,7666,서울특별시 마포구 합정동,358-26,0358,0026,신화그린빌라1,전세,48.0500,202608,05,"28,000",0,2,1993,토정로5길 23,202610~202810,신규,-,,,연립다세대
홍대,7671,서울특별시 마포구 동교동,147-40,0147,0040,(147-40),월세,45.8900,202608,05,"20,000",70,3,2001,양화로23길 4-7,202608~202808,신규,-,,,연립다세대
건대입구,7684,서울특별시 광진구 자양동,663-18,0663,0018,파랑새빌라(663-18),월세,59.8300,202608,05,"13,000",76,5,2002,자양로5길 45-5,202609~202809,갱신,사용,"13,000",70,연립다세대
건대입구,7685,서울특별시 광진구 자양동,609-20,0609,0020,(609-20),월세,33.7800,202608,05,"6,000",49,2,2013,뚝섬로45길 5-2,202608~202808,갱신,-,"6,000",46,연립다세대
건대입구,7687,서울특별시 광진구 자양동,637-13,0637,0013,주명그린빌,전세,48.0300,202608,05,"36,300",0,3,2015,뚝섬로52나길 7,202608~202808,갱신,-,"34,600",0,연립다세대
건대입구,7688,서울특별시 광진구 자양동,52-89,0052,0089,미산빌8차,월세,16.4400,202608,05,"1,000",70,5,2021,능동로3나길 25,202608~202808,신규,-,,,연립다세대
건대입구,7689,서울특별시 광진구 자양동,16-39,0016,0039,(16-39),전세,28.3400,202608,05,"30,000",0,6,2026,아차산로22길 17-6,202609~202809,신규,-,,,연립다세대
홍대,7742,서울특별시 마포구 서교동,485-14,0485,0014,영진,월세,45.6200,202608,05,"1,000",75,2,1971,동교로12길 21,202609~202809,신규,-,,,연립다세대
홍대,7746,서울특별시 마포구 서교동,484-34,0484,0034,서교그린빌라,전세,57.4400,202608,05,"28,000",0,2,1996,동교로12안길 22,202609~202703,갱신,-,"31,000",0,연립다세대
노원,7761,서울특별시 노원구 공릉동,621-1,0621,0001,수정아트,월세,19.9500,202608,05,"5,500",16,3,2011,동일로174길 9-60,202609~202809,신규,-,,,연립다세대
노원,7762,서울특별시 노원구 공릉동,609-55,0609,0055,(609-55),월세,15.3400,202608,05,"1,000",60,2,2012,동일로173길 36,202608~202808,신규,-,,,연립다세대
노원,7763,서울특별시 노원구 공릉동,415-82,0415,0082,(415-82),월세,24.0000,202608,05,"1,000",50,3,2015,공릉로41가길 9,202608~202708,신규,-,,,연립다세대
성수,7766,서울특별시 성동구 성수동1가,685-251,0685,0251,다솜가,전세,33.9700,202608,05,"21,500",0,4,2001,서울숲6길 6,202608~202808,신규,-,,,연립다세대
성수,7775,서울특별시 성동구 성수동1가,685-251,0685,0251,다솜가,전세,33.9700,202608,05,"21,500",0,4,2001,서울숲6길 6,202608~202808,신규,-,,,연립다세대
역삼,7791,서울특별시 강남구 역삼동,661-13,0661,0013,리치빌,전세,27.7800,202608,05,"18,500",0,4,2003,언주로103길 19,202608~202808,신규,-,,,연립다세대
역삼,7792,서울특별시 강남구 역삼동,663-6,0663,0006,심산하우스,월세,33.0200,202608,05,150,90,-1,2002,논현로102길 42-1,202608~202611,신규,-,,,연립다세대
건대입구,7793,서울특별시 광진구 화양동,24-6,0024,0006,(24-6),전세,21.2800,202608,05,"8,925",0,5,2013,아차산로21길 105,202610~202810,신규,-,,,연립다세대
건대입구,7794,서울특별시 광진구 화양동,32-20,0032,0020,보나하임,월세,24.7200,202608,05,"1,000",62,5,2016,군자로7길 24,202609~202809,신규,-,,,연립다세대
사당,7798,서울특별시 동작구 사당동,309-30,0309,0030,화이트빌(309-30),월세,31.6700,202608,05,"20,000",40,3,2014,사당로22나길 81,202610~202810,신규,-,,,연립다세대
상도,7807,서울특별시 동작구 상도동,214-148,0214,0148,한강빌라,전세,32.8800,202608,04,"15,600",0,4,1992,양녕로22바길 1,202609~202809,신규,-,,,연립다세대
상도,7808,서울특별시 동작구 상도동,335-22,0335,0022,아진빌라,월세,68.2500,202608,04,"21,500",65,1,1997,상도로13나길 21,202609~202809,신규,-,,,연립다세대
상도,7813,서울특별시 동작구 상도동,256-192,0256,0192,그린피아빌(256-192),월세,49.4800,202608,04,"19,000",45,5,2007,성대로6가길 30,202610~202810,신규,-,,,연립다세대
상도,7814,서울특별시 동작구 상도동,507-3,0507,0003,제이플러스,월세,12.3950,202608,04,"1,000",52,4,2013,상도로61길 72,202608~202708,신규,-,,,연립다세대
상도,7815,서울특별시 동작구 상도동,283-41,0283,0041,해피하우스(283-41),전세,42.8500,202608,04,"29,300",0,4,2015,국사봉1길 170,202609~202809,갱신,-,"26,300",13,연립다세대
상도,7822,서울특별시 동작구 상도동,356-4,0356,0004,이에스하임8차,전세,46.1500,202608,04,"34,600",0,3,2018,상도로17길 14-2,202609~202809,갱신,사용,"34,600",0,연립다세대
상도,7823,서울특별시 동작구 상도동,227-1,0227,0001,대흥미소가29차(A동),전세,29.9000,202608,04,"24,570",0,4,2020,양녕로25길 60-15,202609~202809,갱신,-,"24,570",0,연립다세대
상도,7824,서울특별시 동작구 상도동,335-155,0335,0155,광채빌라,월세,31.1400,202608,04,"2,997",31,3,2024,상도로11길 10,202608~202810,신규,-,,,연립다세대
역삼,7862,서울특별시 강남구 역삼동,783-11,0783,0011,자인웰리움,전세,47.1600,202608,04,"45,000",0,5,2016,언주로65길 23,202610~202810,신규,-,,,연립다세대
역삼,7865,서울특별시 강남구 역삼동,690-42,0690,0042,아이힐2,전세,29.9700,202608,04,"31,000",0,3,2016,봉은사로48길 44-6,202609~202809,신규,-,,,연립다세대
역삼,7866,서울특별시 강남구 역삼동,690-42,0690,0042,아이힐2,월세,29.9000,202608,04,"30,000",10,2,2016,봉은사로48길 44-6,202609~202809,갱신,-,"28,800",10,연립다세대
역삼,7869,서울특별시 강남구 역삼동,780-46,0780,0046,역삼다산빌라,월세,12.8600,202608,04,"15,000",19,5,2016,도곡로33길 24,202610~202810,갱신,-,"15,000",16,연립다세대
역삼,7870,서울특별시 강남구 역삼동,660-27,0660,0027,더플레이스,월세,29.9500,202608,04,"3,000",187,2,2019,논현로102길 29,202608~202708,신규,-,,,연립다세대
역삼,7871,서울특별시 강남구 역삼동,798-1,0798,0001,더힐,월세,28.9600,202608,04,"43,000",10,3,2021,논현로63길 5,202610~202710,신규,-,,,연립다세대
사당,7874,서울특별시 동작구 사당동,419-1,0419,0001,(419-1),전세,31.8700,202608,04,"39,500",0,3,2018,남부순환로257가길 49,202610~202810,갱신,사용,"39,500",0,연립다세대
사당,7875,서울특별시 동작구 사당동,300-12,0300,0012,삼정,월세,50.5800,202608,04,"3,000",125,3,2013,사당로16자길 8,202609~202809,신규,-,,,연립다세대
사당,7876,서울특별시 동작구 사당동,281-1,0281,0001,은행하이츠빌라,월세,28.9100,202608,04,"1,000",75,3,1991,사당로14나길 2,202609~202809,신규,-,,,연립다세대
사당,7877,서울특별시 동작구 사당동,178-2,0178,0002,서안A,월세,62.4600,202608,04,500,30,2,1985,사당로23길 216-16,202608~202808,신규,-,,,연립다세대
건대입구,7879,서울특별시 광진구 구의동,20-13,0020,0013,청목리츠빌,월세,48.8000,202608,04,"11,000",58,3,2002,영화사로 90-1,202609~202809,갱신,사용,"11,000",53,연립다세대
건대입구,7894,서울특별시 광진구 구의동,649-7,0649,0007,다성파크빌리지,월세,47.0700,202608,04,"16,500",55,4,1996,광나루로30다길 10,202609~202809,신규,-,,,연립다세대
왕십리,7906,서울특별시 성동구 행당동,19-90,0019,0090,(19-90),월세,16.7200,202608,04,"8,000",35,3,2011,마조로3가길 7,202609~202809,신규,-,,,연립다세대
왕십리,7907,서울특별시 성동구 행당동,300-1,0300,0001,푸른마을,전세,75.4700,202608,04,"43,100",0,3,2002,왕십리로21길 36-1,202609~202809,갱신,-,"43,000",0,연립다세대
건대입구,7909,서울특별시 광진구 구의동,206-3,0206,0003,(206-3),월세,20.3800,202608,04,940,64,3,2012,아차산로65길 38,202608~202808,갱신,-,"1,000",61,연립다세대
건대입구,7910,서울특별시 광진구 구의동,257-40,0257,0040,자연S,월세,13.8400,202608,04,"2,500",38,3,2013,아차산로53길 51-10,202608~202808,신규,-,,,연립다세대
건대입구,7920,서울특별시 광진구 구의동,251-37,0251,0037,엘하우스,월세,28.6500,202608,04,"25,000",10,6,2018,자양로22길 3-1,202609~202809,신규,-,,,연립다세대
건대입구,7928,서울특별시 광진구 자양동,226-25,0226,0025,(226-25),전세,50.6600,202608,04,"27,500",0,1,1987,아차산로39길 43,202610~202810,신규,-,,,연립다세대
홍대,7931,서울특별시 마포구 서교동,449-21,0449,0021,동궁빌라,월세,28.3900,202608,04,"20,000",30,2,2012,동교로19길 52,202609~202809,신규,-,,,연립다세대
공덕,7932,서울특별시 마포구 공덕동,21-3,0021,0003,(21-3),월세,14.2500,202608,04,"12,000",7,2,2021,만리재옛길 68,202609~202809,신규,-,,,연립다세대
노원,7935,서울특별시 노원구 공릉동,421-21,0421,0021,엘림오피스,월세,22.3600,202608,04,"1,000",56,3,2012,공릉로46가길 9-6,202608~202708,신규,-,,,연립다세대
노원,7953,서울특별시 노원구 하계동,281,0281,0000,선경빌라,월세,84.9200,202608,04,"30,000",16,3,1995,공릉로 332,202608~202808,갱신,사용,"30,000",10,연립다세대
건대입구,7958,서울특별시 광진구 화양동,1-1,0001,0001,퍼스트하우스,월세,29.9800,202608,04,"3,000",50,2,2014,능동로15길 19,202608~202808,신규,-,,,연립다세대
건대입구,7959,서울특별시 광진구 화양동,32-2,0032,0002,모아빌,월세,29.4200,202608,04,500,60,3,2016,동일로28길 48,202608~202808,신규,-,,,연립다세대
건대입구,7960,서울특별시 광진구 화양동,20-30,0020,0030,(20-30),월세,15.0400,202608,04,"1,000",85,9,2021,동일로30길 16,202608~202808,신규,-,,,연립다세대
노원,7961,서울특별시 노원구 상계동,1096-8,1096,0008,리언하우스A,월세,66.3800,202608,04,"15,000",40,4,2005,동일로239다길 5,202609~202809,신규,-,,,연립다세대
수유,7974,서울특별시 강북구 수유동,130-65,0130,0065,연은팰리스(A동),월세,52.9600,202608,04,"3,000",80,4,2010,삼양로92길 1-40,202608~202808,갱신,-,"16,380",0,연립다세대
홍대,7982,서울특별시 마포구 서교동,438-5,0438,0005,트인빌(438-5),월세,29.9500,202608,04,"2,500",51,3,2003,성미산로6길 26,202610~202810,갱신,사용,"2,500",48,연립다세대
신림,7990,서울특별시 관악구 신림동,1668-29,1668,0029,체나콜빌,월세,29.6000,202608,04,"5,000",106,6,2021,조원중앙로1길 19,202608~202808,신규,-,,,연립다세대
신림,7991,서울특별시 관악구 신림동,530-2,0530,0002,메리트엠타워,월세,12.6000,202608,04,"10,000",28,9,2019,난곡로 327-1,202609~202809,신규,-,,,연립다세대
신림,7992,서울특별시 관악구 신림동,676-13,0676,0013,한나래A동,전세,52.1300,202608,04,"23,000",0,4,2017,난향2길 11,202608~202610,갱신,-,"23,000",0,연립다세대
신림,7993,서울특별시 관악구 신림동,511-27,0511,0027,센트레빌,월세,29.8300,202608,04,"19,500",40,4,2016,남부순환로151길 48,202609~202809,신규,-,,,연립다세대
신림,7994,서울특별시 관악구 신림동,1481-18,1481,0018,성창빌라,월세,47.6500,202608,04,"11,000",50,2,1991,난곡로63가길 22,202609~202809,갱신,-,"11,000",50,연립다세대
신림,7995,서울특별시 관악구 신림동,348-7,0348,0007,성덕빌라,전세,62.6400,202608,04,"23,000",0,3,1996,광신3길 19,202608~202808,신규,-,,,연립다세대
노원,8002,서울특별시 노원구 중계동,90-26,0090,0026,동신다가구(90-26),월세,47.2100,202608,04,"11,000",60,3,1995,중계로14바길 34-1,202609~202809,신규,-,,,연립다세대
신설동,8026,서울특별시 동대문구 신설동,45-2,0045,0002,로얄팰리스,전세,29.4200,202608,04,"25,000",0,5,2018,한빛로 29,202608~202610,갱신,사용,"25,000",0,연립다세대
노원,8036,서울특별시 노원구 월계동,392-45,0392,0045,에이플러스빌,월세,17.0500,202608,04,"1,000",40,4,2016,광운로13길 23,202608~202802,신규,-,,,연립다세대
노원,8037,서울특별시 노원구 월계동,402-55,0402,0055,태광B동(402-55),전세,54.6000,202608,04,"18,000",0,1,1989,광운로 39-1,202610~202710,신규,-,,,연립다세대
역삼,8046,서울특별시 강남구 역삼동,692-26,0692,0026,(692-26),월세,30.7800,202608,04,300,100,3,2001,테헤란로53길 63,202608~202611,신규,-,,,연립다세대
역삼,8048,서울특별시 강남구 역삼동,774-21,0774,0021,우림레스빌,전세,63.2100,202608,04,"42,000",0,2,2001,언주로71길 19-8,202608~202808,갱신,사용,"40,000",0,연립다세대
역삼,8049,서울특별시 강남구 역삼동,677-8,0677,0008,디엔에스리치빌,월세,19.1900,202608,04,"10,000",35,9,2013,테헤란로37길 13-8,202609~202809,신규,-,,,연립다세대
역삼,8050,서울특별시 강남구 역삼동,827-72,0827,0072,해오름빌,월세,14.4000,202608,04,500,78,3,2013,강남대로78길 33-3,202608~202708,신규,-,,,연립다세대
합정,8062,서울특별시 마포구 합정동,81-26,0081,0026,행복다세대주택,전세,42.6900,202608,04,"35,000",0,3,2018,토정로4길 22,202609~202809,신규,-,,,연립다세대
합정,8063,서울특별시 마포구 합정동,453-3,0453,0003,진성리버빌,월세,14.8200,202608,04,500,41,2,2010,희우정로7길 17,202608~202708,신규,-,,,연립다세대
역삼,8101,서울특별시 강남구 역삼동,778-7,0778,0007,제이원빌,월세,29.9800,202608,04,"27,300",13,3,2014,언주로67길 32,202609~202809,갱신,사용,"27,300",8,연립다세대
건대입구,8113,서울특별시 광진구 구의동,207-3,0207,0003,주함해븐빌B동,월세,74.9100,202608,03,"34,000",20,3,2008,아차산로65길 33,202610~202810,갱신,사용,"34,000",20,연립다세대
건대입구,8114,서울특별시 광진구 구의동,30-36,0030,0036,태영파크빌,월세,45.5400,202608,03,"24,000",20,3,2010,자양로 303-9,202610~202810,신규,-,,,연립다세대
건대입구,8115,서울특별시 광진구 구의동,587-56,0587,0056,ElimVill(587-56),월세,41.0000,202608,03,"25,000",25,2,2011,구의강변로3길 38,202609~202808,신규,-,,,연립다세대
왕십리,8116,서울특별시 성동구 행당동,302-1,0302,0001,에비뉴힐,전세,44.2200,202608,03,"38,000",0,4,2019,왕십리로21마길 21,202609~202809,신규,-,,,연립다세대
공덕,8149,서울특별시 마포구 신공덕동,6-3,0006,0003,신덕맨션,월세,80.0800,202608,03,"2,000",120,1,1981,만리재옛길 30,202608~202808,신규,-,,,연립다세대
공덕,8167,서울특별시 마포구 공덕동,112-6,0112,0006,피카소,전세,29.1200,202608,03,"26,000",0,3,2020,만리재옛4길 13,202610~202810,신규,-,,,연립다세대
합정,8168,서울특별시 마포구 합정동,433-33,0433,0033,진흥빌(433-33),월세,29.7900,202608,03,"2,000",85,3,2010,동교로 44-9,202609~202809,갱신,-,"2,000",69,연립다세대
합정,8169,서울특별시 마포구 합정동,386-10,0386,0010,영화빌라,전세,48.0400,202608,03,"30,000",0,3,1991,월드컵로5길 33-19,202608~202808,갱신,-,"30,000",0,연립다세대
건대입구,8176,서울특별시 광진구 화양동,20-33,0020,0033,예가,월세,22.4800,202608,03,"14,000",6,2,2011,광나루로14길 22,202609~202809,신규,-,,,연립다세대
건대입구,8177,서울특별시 광진구 화양동,35-68,0035,0068,해오름,월세,15.2400,202608,03,"1,000",47,2,2012,아차산로25길 74-12,202608~202808,신규,-,,,연립다세대
건대입구,8178,서울특별시 광진구 화양동,19-2,0019,0002,jw.cityvill1동,월세,13.0500,202608,03,"2,000",48,4,2013,광나루로16길 6,202608~202808,신규,-,,,연립다세대
건대입구,8179,서울특별시 광진구 화양동,37-30,0037,0030,Mamaison,월세,20.3600,202608,03,"3,000",43,5,2015,동일로26길 18,202608~202808,신규,-,,,연립다세대
건대입구,8181,서울특별시 광진구 화양동,23-37,0023,0037,까사펠리즈화양,월세,27.9900,202608,03,"5,000",170,12,2025,광나루로12길 20,202609~202709,신규,-,,,연립다세대
건대입구,8183,서울특별시 광진구 화양동,23-37,0023,0037,까사펠리즈화양,월세,27.9900,202608,03,"3,000",180,9,2025,광나루로12길 20,202608~202708,신규,-,,,연립다세대
신림,8206,서울특별시 관악구 신림동,11-23,0011,0023,더베리타스,월세,24.4500,202608,03,"5,000",130,6,2022,남부순환로182길 4-7,202608~202808,신규,-,,,연립다세대
신림,8207,서울특별시 관악구 신림동,1564-9,1564,0009,모닝힐(1564-9),전세,41.1500,202608,03,"26,000",0,5,2016,쑥고개로2가길 43,202609~202809,신규,-,,,연립다세대
신림,8208,서울특별시 관악구 신림동,526-4,0526,0004,풍양빌딩,월세,23.9350,202608,03,"5,000",32,5,2012,남부순환로151길 13,202610~202810,신규,-,,,연립다세대
신림,8209,서울특별시 관악구 신림동,255-179,0255,0179,현산푸른숲빌A동,전세,75.5600,202608,03,"20,000",0,4,2009,대학18길 41,202609~202809,신규,-,,,연립다세대
신림,8210,서울특별시 관악구 신림동,1680-12,1680,0012,행복이가득한집,월세,57.4200,202608,03,"22,000",50,2,2003,난곡로49길 3,202609~202809,신규,-,,,연립다세대
신림,8211,서울특별시 관악구 신림동,88-9,0088,0009,진우빌라,월세,23.5300,202608,03,500,31,4,2002,신림로56길 19-7,202608~202808,신규,-,,,연립다세대
역삼,8224,서울특별시 강남구 역삼동,690-29,0690,0029,아람빌,월세,44.2200,202608,03,"7,000",86,2,2001,봉은사로48길 32,202608~202808,신규,-,,,연립다세대
역삼,8227,서울특별시 강남구 역삼동,619,0619,0000,정암빌딩,월세,37.5600,202608,03,"1,000",85,3,1999,봉은사로6길 38,202608~202708,신규,-,,,연립다세대
역삼,8228,서울특별시 강남구 역삼동,725-43,0725,0043,베첼하우스,월세,21.9500,202608,03,400,182,2,2016,테헤란로32길 34,202608~202611,신규,-,,,연립다세대
홍대,8256,서울특별시 마포구 동교동,187-18,0187,0018,엘림빌라,월세,48.9100,202608,03,"20,000",30,2,1993,신촌로10길 16-11,202610~202809,신규,-,,,연립다세대
사당,8293,서울특별시 동작구 사당동,419-66,0419,0066,천조스테이,전세,11.3500,202608,03,"11,900",0,4,2021,남부순환로263길 29,202609~202809,신규,-,,,연립다세대
사당,8294,서울특별시 동작구 사당동,316-289,0316,0289,아크로하임A동,전세,52.2600,202608,03,"40,000",0,2,2018,사당로20나길 13,202609~202809,신규,-,,,연립다세대
사당,8295,서울특별시 동작구 사당동,241-46,0241,0046,세영베스트빌(241-46),전세,70.4600,202608,03,"37,000",0,5,2003,사당로10길 90,202608~202808,갱신,-,"33,000",0,연립다세대
사당,8296,서울특별시 동작구 사당동,175-64,0175,0064,복음,월세,51.5900,202608,03,"12,000",30,1,1990,사당로23사길 31,202609~202809,갱신,-,"12,000",20,연립다세대
상도,8320,서울특별시 동작구 상도동,159-223,0159,0223,상도힐,전세,27.7600,202608,03,"11,500",0,4,2017,양녕로36길 22,202608~202808,신규,-,,,연립다세대
상도,8321,서울특별시 동작구 상도동,33-6,0033,0006,드림캐슬(33-6),전세,51.3800,202608,03,"34,000",0,4,2016,상도로 258-5,202608~202803,갱신,-,"34,000",0,연립다세대
상도,8322,서울특별시 동작구 상도동,154-14,0154,0014,(154-14),월세,41.3200,202608,03,"1,000",95,2,2013,상도로34나길 13,202610~202810,신규,-,,,연립다세대
상도,8323,서울특별시 동작구 상도동,279-440,0279,0440,서강파미에,전세,65.2700,202608,03,"18,000",0,2,2009,성대로10길 89,202608~202808,신규,-,,,연립다세대
상도,8324,서울특별시 동작구 상도동,279-229,0279,0229,반석주택,월세,57.7000,202608,03,"12,000",20,1,1996,성대로14길 41,202609~202809,신규,-,,,연립다세대
상도,8325,서울특별시 동작구 상도동,264-173,0264,0173,대동그린빌,월세,75.4500,202608,03,"5,000",100,3,2002,성대로 93,202609~202809,신규,-,,,연립다세대
상도,8326,서울특별시 동작구 상도동,214-3,0214,0003,현대하이츠빌라(102동),월세,31.9800,202608,03,500,50,-1,1990,양녕로22바길 40,202608~202808,신규,-,,,연립다세대
신촌,8362,서울특별시 서대문구 창천동,461,0461,0000,(461-0),월세,14.8600,202608,03,"1,000",60,4,2011,연희로2안길 7-3,202608~202808,신규,-,,,연립다세대
홍대,8364,서울특별시 마포구 상수동,336-10,0336,0010,세종빌리지2,전세,38.2700,202608,03,"24,150",0,3,2008,와우산로3길 22,202608~202808,갱신,사용,"23,000",0,연립다세대
노원,8387,서울특별시 노원구 상계동,456-86,0456,0086,상계에스하임,월세,28.4300,202608,03,"3,394",8,5,2019,한글비석로47길 10,202609~202808,갱신,-,"3,394",8,연립다세대
노원,8388,서울특별시 노원구 상계동,135-33,0135,0033,그랜드빌,전세,38.6100,202608,03,"15,000",0,2,2013,한글비석로24라길 84-3,202608~202808,신규,-,,,연립다세대
노원,8390,서울특별시 노원구 상계동,1116-66,1116,0066,람스힐,월세,24.1900,202608,03,"1,000",66,2,2012,동일로242라길 22,202609~202809,신규,-,,,연립다세대
홍대,8396,서울특별시 마포구 서교동,385-3,0385,0003,블르밍빌,월세,27.2700,202608,03,"1,000",69,3,1995,양화로11길 38,202608~202808,신규,-,,,연립다세대
홍대,8397,서울특별시 마포구 서교동,380-31,0380,0031,서교빌라,월세,41.6400,202608,03,"2,000",170,1,1986,잔다리로7안길 41,202608~202808,신규,-,,,연립다세대
노원,8400,서울특별시 노원구 공릉동,503-9,0503,0009,(503-9),월세,12.7800,202608,03,300,32,1,2013,동일로186길 53-8,202608~202708,신규,-,,,연립다세대
성수,8436,서울특별시 성동구 성수동2가,289-244,0289,0244,럭스빌,월세,22.0500,202608,03,"2,500",47,5,2012,아차산로7길 16-8,202608~202808,신규,-,,,연립다세대
건대입구,8445,서울특별시 광진구 구의동,60-48,0060,0048,세광빌라,월세,37.8000,202608,02,"2,000",60,1,2001,천호대로136길 41,202608~202808,갱신,-,"1,000",70,연립다세대
공덕,8458,서울특별시 마포구 공덕동,113-20,0113,0020,(113-20),월세,33.0400,202608,02,0,50,2,2003,만리재옛길 54-8,202608~202609,신규,-,,,연립다세대
노원,8468,서울특별시 노원구 상계동,1118-21,1118,0021,성지상계빌라,전세,51.0600,202608,02,"14,990",0,3,1991,동일로237가길 46,202608~202808,신규,-,,,연립다세대
노원,8470,서울특별시 노원구 공릉동,362-28,0362,0028,362-28,월세,59.8400,202608,02,"2,014",26,2,2015,동일로196길 11,202609~202808,갱신,-,"2,014",26,연립다세대
홍대,8472,서울특별시 마포구 서교동,329-12,0329,0012,한일빌리지,전세,60.6500,202608,02,"30,400",0,1,1991,와우산로33길 36,202609~202809,갱신,사용,"29,000",0,연립다세대
건대입구,8474,서울특별시 광진구 자양동,16-39,0016,0039,(16-39),전세,24.8100,202608,02,"29,000",0,3,2026,아차산로22길 17-6,202608~202808,신규,-,,,연립다세대
수유,8476,서울특별시 강북구 수유동,482-35,0482,0035,보하티빌A동,월세,29.9100,202608,02,"5,000",100,5,2016,삼양로69길 12,202608~202808,갱신,-,"5,000",80,연립다세대
상도,8479,서울특별시 동작구 상도동,204-76,0204,0076,마노아재,월세,29.7300,202608,02,"5,000",72,3,2015,장승배기로10가길 60,202608~202808,신규,-,,,연립다세대
상도,8480,서울특별시 동작구 상도동,7-182,0007,0182,케이디아이빌C동,월세,29.9450,202608,02,"1,000",95,2,2007,매봉로2길 11,202608~202708,신규,-,,,연립다세대
노원,8483,서울특별시 노원구 공릉동,644-40,0644,0040,팰리스가,월세,18.2300,202608,02,"7,000",40,6,2014,공릉로 104-9,202608~202808,갱신,-,"6,000",40,연립다세대
신림,8486,서울특별시 관악구 신림동,1474-2,1474,0002,주원,월세,12.2500,202608,02,"1,000",43,5,2013,난곡로63길 8,202608~202808,신규,-,,,연립다세대
신림,8492,서울특별시 관악구 신림동,254-194,0254,0194,희하우스,월세,29.9000,202608,02,"1,000",80,1,2019,대학12길 48,202608~202808,신규,-,,,연립다세대
건대입구,8515,서울특별시 광진구 자양동,631-8,0631,0008,드림빌(631-8),월세,14.3800,202608,01,"1,000",67,3,2011,자양로13길 53,202608~202808,신규,-,,,연립다세대
건대입구,8516,서울특별시 광진구 자양동,683-20,0683,0020,우리랑하이빌,전세,36.9800,202608,01,"21,000",0,2,2003,자양로6길 45-1,202608~202808,갱신,사용,"21,000",0,연립다세대
신촌,8530,서울특별시 서대문구 창천동,90-46,0090,0046,연세힐하우스,월세,25.2700,202608,01,300,43,1,2011,신촌로7안길 79,202608~202708,신규,-,,,연립다세대
신촌,8531,서울특별시 서대문구 창천동,406,0406,0000,(406-0),월세,14.5500,202608,01,500,53,2,2013,연희로2길 26,202608~202807,신규,-,,,연립다세대
노원,8533,서울특별시 노원구 월계동,951-1,0951,0001,제이하임,월세,21.7500,202608,01,"1,000",80,7,2024,초안산로2라길 20,202608~202808,신규,-,,,연립다세대
홍대,8535,서울특별시 마포구 상수동,335-6,0335,0006,(335-6),전세,43.7700,202608,01,"18,500",0,4,2008,와우산로5길 29,202609~202809,신규,-,,,연립다세대
성수,8536,서울특별시 성동구 성수동1가,656-572,0656,0572,성수리치빌A동,전세,29.9900,202608,01,"30,450",0,6,2016,뚝섬로1가길 29,202609~202809,갱신,사용,"29,000",0,연립다세대
역삼,8551,서울특별시 강남구 역삼동,780-42,0780,0042,역삼이안베스티움,전세,29.8400,202608,01,"37,400",0,3,2021,언주로65길 30-2,202610~202810,갱신,-,"36,400",0,연립다세대
역삼,8561,서울특별시 강남구 역삼동,637-4,0637,0004,공간8차,전세,27.2300,202608,01,"30,000",0,2,2017,테헤란로13길 22-7,202609~202809,신규,-,,,연립다세대
신림,8568,서울특별시 관악구 신림동,254-301,0254,0301,(254-301),전세,84.7200,202608,01,"46,000",0,2,1991,신림로23길 103,202610~202810,신규,-,,,연립다세대
신림,8569,서울특별시 관악구 신림동,597-7,0597,0007,느티나무빌라,월세,45.5100,202608,01,"1,000",70,1,1994,난우10가길 11,202608~202708,신규,-,,,연립다세대
신림,8570,서울특별시 관악구 신림동,610-36,0610,0036,우주빌라,월세,39.3600,202608,01,"12,000",7,2,1990,법원단지25길 17,202610~202809,신규,-,,,연립다세대
신림,8571,서울특별시 관악구 신림동,610-291,0610,0291,대림빌라,월세,39.9400,202608,01,"11,900",15,2,1993,법원단지36길 1,202608~202808,갱신,-,"12,000",0,연립다세대
성수,8576,서울특별시 성동구 성수동1가,656-2002,0656,2002,프라임27B,전세,29.7400,202608,01,"24,000",0,5,2015,왕십리로10길 13,202609~202909,갱신,-,"22,000",0,연립다세대
신림,8578,서울특별시 관악구 신림동,94-99,0094,0099,골든힐,월세,19.4600,202608,01,"3,000",72,2,2013,신림로36길 18-5,202608~202808,신규,-,,,연립다세대
신림,8579,서울특별시 관악구 신림동,1491-26,1491,0026,하늘명가,전세,39.0100,202608,01,"18,480",0,2,2014,남부순환로144길 66,202608~202808,신규,-,,,연립다세대
신림,8582,서울특별시 관악구 신림동,440-45,0440,0045,진주리츠빌(440-45),월세,40.7700,202608,01,"20,000",10,5,2014,남부순환로170길 65-2,202609~202809,신규,-,,,연립다세대
신림,8583,서울특별시 관악구 신림동,1567-25,1567,0025,태성휴빌3차,월세,24.7600,202608,01,"1,000",70,6,2015,난곡로64가길 60,202608~202808,신규,-,,,연립다세대
신림,8584,서울특별시 관악구 신림동,598-57,0598,0057,스카이빌(598-57),월세,38.4300,202608,01,"5,000",85,3,2016,법원단지5길 90-5,202609~202809,신규,-,,,연립다세대
신림,8585,서울특별시 관악구 신림동,1639-6,1639,0006,선인타운,월세,13.4800,202608,01,"2,000",67,18,2017,관천로 44,202608~202808,신규,-,,,연립다세대
신림,8586,서울특별시 관악구 신림동,10-347,0010,0347,(10-347),전세,17.4800,202608,01,"15,000",0,2,2018,남부순환로184가길 15,202609~202809,신규,-,,,연립다세대
역삼,8587,서울특별시 강남구 역삼동,697-33,0697,0033,힐스테이트1,전세,29.7400,202608,01,"30,000",0,4,2015,테헤란로51길 38-1,202608~202808,신규,-,,,연립다세대
역삼,8590,서울특별시 강남구 역삼동,789-26,0789,0026,(789-26),전세,30.2400,202608,01,"23,500",0,3,2013,역삼로18길 10,202609~202709,신규,-,,,연립다세대
역삼,8591,서울특별시 강남구 역삼동,835-35,0835,0035,성원빌딩,월세,31.8100,202608,01,"23,000",20,4,2003,논현로63길 62,202609~202808,갱신,사용,"22,000",20,연립다세대
성수,8593,서울특별시 성동구 성수동1가,685-1,0685,0001,(685-1),월세,35.9500,202608,01,"12,000",20,4,2003,왕십리로11길 9,202608~202808,신규,-,,,연립다세대
성수,8594,서울특별시 성동구 성수동1가,656-1824,0656,1824,현대골드타운2동,전세,57.9300,202608,01,"25,000",0,-1,1992,왕십리로6길 30,202609~202809,신규,-,,,연립다세대
역삼,8607,서울특별시 강남구 역삼동,687-12,0687,0012,(687-12),월세,54.4000,202608,01,"2,000",140,3,2002,언주로108길 24-2,202608~202707,신규,-,,,연립다세대
수유,8634,서울특별시 강북구 수유동,562-83,0562,0083,동아림,월세,46.5900,202608,01,"5,970",45,2,2014,4.19로13길 11,202608~202808,갱신,-,"5,970",45,연립다세대
수유,8635,서울특별시 강북구 수유동,167-15,0167,0015,신세계,월세,63.4200,202608,01,"17,800",30,4,2002,도봉로101길 19-5,202609~202809,신규,-,,,연립다세대
노원,8652,서울특별시 노원구 상계동,71-45,0071,0045,장미빌라,월세,52.4000,202608,01,500,20,3,1997,덕릉로130길 9,202608~202808,신규,-,,,연립다세대
노원,8653,서울특별시 노원구 상계동,1090-21,1090,0021,스토빌,월세,44.1700,202608,01,"4,060",13,5,2019,동일로237길 68-15,202609~202808,갱신,-,"1,927",25,연립다세대
건대입구,8654,서울특별시 광진구 화양동,32-2,0032,0002,모아빌,월세,23.5000,202608,01,500,62,2,2016,동일로28길 48,202608~202807,신규,-,,,연립다세대
노원,8656,서울특별시 노원구 하계동,65-4,0065,0004,다원하이빌가동,월세,26.1800,202608,01,"1,530",20,3,2020,공릉로58마길 19,202609~202808,갱신,-,"1,530",20,연립다세대
합정,8669,서울특별시 마포구 합정동,429-21,0429,0021,은솜빌라,월세,21.0000,202608,01,"6,000",56,4,2001,양화로3길 71-11,202608~202808,갱신,-,"6,000",52,연립다세대
합정,8670,서울특별시 마포구 합정동,434-30,0434,0030,삼성주택(434-30),전세,40.5600,202608,01,"22,500",0,4,1996,포은로2길 19,202609~202809,신규,-,,,연립다세대
합정,8671,서울특별시 마포구 합정동,440-16,0440,0016,더하우스(440-16),전세,40.8400,202608,01,"27,000",0,2,2008,월드컵로7길 109,202609~202809,갱신,-,"25,000",0,연립다세대
건대입구,8672,서울특별시 광진구 구의동,227-34,0227,0034,크로마하우스7,월세,22.5100,202608,01,"22,650",3,3,2020,구의로14길 6,202608~202808,갱신,-,"22,650",3,연립다세대
공덕,8673,서울특별시 마포구 공덕동,111-201,0111,0201,벨로하우스공덕,전세,24.3500,202608,01,"28,100",0,13,2019,만리재로 84,202608~202808,갱신,-,"26,800",0,연립다세대
건대입구,8677,서울특별시 광진구 구의동,223-60,0223,0060,HBenest,월세,72.7100,202608,01,"1,000",85,5,2018,구의로4길 7-4,202608~202808,신규,-,,,연립다세대
건대입구,8680,서울특별시 광진구 구의동,252-84,0252,0084,252-84,월세,27.6200,202608,01,"17,500",45,3,2015,아차산로49길 38,202610~202810,신규,-,,,연립다세대
홍대,8681,서울특별시 마포구 서교동,404-7,0404,0007,(404-7),월세,18.4600,202608,01,"1,000",52,2,2013,독막로9길 37,202608~202807,신규,-,,,연립다세대
건대입구,8682,서울특별시 광진구 자양동,622-20,0622,0020,에르메티아자양,전세,27.7500,202608,01,"28,000",0,2,2026,자양로13가길 17,202609~202809,신규,-,,,연립다세대
건대입구,8683,서울특별시 광진구 자양동,680-13,0680,0013,베일리하임,월세,24.3600,202608,01,"1,000",68,6,2018,자양로16길 18,202609~202808,신규,-,,,연립다세대
홍대,8695,서울특별시 마포구 서교동,475-29,0475,0029,스위트빌,월세,15.9800,202608,01,"1,500",50,3,2012,월드컵로14길 10-7,202608~202808,신규,-,,,연립다세대
건대입구,8697,서울특별시 광진구 구의동,209-23,0209,0023,(209-23),전세,41.4000,202608,01,"25,000",0,3,2014,아차산로61길 37,202609~202809,신규,-,,,연립다세대
노원,8700,서울특별시 노원구 공릉동,517-3,0517,0003,진영홈,월세,17.2900,202608,01,"1,045",6,5,2013,동일로182길 37-73,202609~202808,갱신,-,"1,045",6,연립다세대
안암,8702,서울특별시 성북구 안암동5가,134-24,0134,0024,제니하우스,월세,20.1000,202608,01,"2,000",63,5,2017,안암로9가길 71,202608~202708,신규,-,,,연립다세대
사당,8724,서울특별시 동작구 사당동,56-18,0056,0018,(56-18),전세,50.3000,202608,01,"24,500",0,3,2004,동작대로29길 190,202701~202901,신규,-,,,연립다세대
사당,8734,서울특별시 동작구 사당동,220-123,0220,0123,동남,전세,44.8800,202608,01,"18,600",0,2,1986,사당로13길 71,202608~202808,갱신,사용,"17,800",0,연립다세대
사당,8735,서울특별시 동작구 사당동,1005-16,1005,0016,사당빌라(1005-16),전세,61.5000,202608,01,"30,000",0,4,2002,동작대로19길 21,202608~202702,신규,-,,,연립다세대
건대입구,8794,서울특별시 광진구 구의동,63-17,0063,0017,동서화운트빌(63-17),월세,42.9900,202608,01,"3,000",145,5,2013,자양로38길 37-39,202608~202808,신규,-,,,연립다세대
건대입구,8796,서울특별시 광진구 구의동,248-104,0248,0104,(248-104),월세,16.1900,202608,01,"12,000",5,3,2012,아차산로53길 71-4,202609~202809,갱신,-,"12,000",5,연립다세대
상도,8803,서울특별시 동작구 상도동,244-166,0244,0166,미소가A동(244-166),월세,45.7100,202608,01,"30,000",11,3,2017,성대로17길 29,202608~202808,갱신,사용,"30,000",4,연립다세대
상도,8804,서울특별시 동작구 상도동,199-18,0199,0018,(199-18),월세,68.5900,202608,01,"30,000",20,4,2016,성대로31길 53,202609~202809,신규,-,,,연립다세대
상도,8805,서울특별시 동작구 상도동,491-19,0491,0019,아너스힐2차,월세,39.7500,202608,01,"2,000",100,4,2014,상도로58길 8,202608~202808,신규,-,,,연립다세대
상도,8806,서울특별시 동작구 상도동,244-76,0244,0076,보성하이츠빌라,전세,42.5400,202608,01,"13,000",0,-1,1990,성대로17길 35,202609~202809,신규,-,,,연립다세대
상도,8807,서울특별시 동작구 상도동,211-492,0211,0492,에덴빌라,월세,72.6900,202608,01,"10,000",55,-1,1995,양녕로30길 8-4,202608~202808,갱신,사용,"20,000",0,연립다세대
노원,8856,서울특별시 노원구 월계동,476-12,0476,0012,(476-12),월세,32.6600,202608,01,500,50,2,1981,광운로2길 45,202608~202708,신규,-,,,연립다세대
건대입구,8865,서울특별시 광진구 자양동,799-3,0799,0003,자양그랑시아2,전세,26.6900,202608,01,"29,400",0,3,2018,자양번영로 78,202610~202810,갱신,-,"28,000",0,연립다세대
건대입구,8876,서울특별시 광진구 자양동,52-200,0052,0200,랜드마크,전세,32.0200,202608,01,"29,000",0,6,2016,뚝섬로24길 6,202608~202808,갱신,-,"28,000",0,연립다세대
건대입구,8881,서울특별시 광진구 자양동,4-4,0004,0004,(4-4),월세,19.3100,202608,01,"1,000",63,5,2013,뚝섬로23길 97,202608~202807,신규,-,,,연립다세대
